site,decimal_year,mjd,week,east,north,sig_e,sig_n,corr_en,latitude,longitude,height
DVAO,2015.3676,57157,1844,0.885038,0.147227,0.000888,0.000769,-0.078897,7.0718653647,125.612870273,99.98542
DVAO,2015.5537,57225,1854,0.879199,0.148954,0.000975,0.000821,-0.050645,7.0718653804,125.6128702202,99.95571
DVAO,2015.5784,57234,1855,0.878102,0.151485,0.000849,0.000757,-0.081728,7.0718654032,125.61287021019999,99.9614
DVAO,2016.0411,57403,1879,0.86719,0.144569,0.000799,0.000714,-0.034633,7.0718653407,125.6128701115,99.95622
DVAO,2016.0438,57404,1880,0.866734,0.143623,0.000797,0.000708,-0.031813,7.0718653321,125.6128701074,99.95258
DVAO,2016.0465,57405,1880,0.866446,0.142739,0.000804,0.000709,-0.01893,7.0718653242,125.6128701047,99.94592
DVAO,2016.0493,57406,1880,0.865385,0.142247,0.000817,0.00073,-0.017511,7.0718653197,125.61287009509999,99.95403
DVAO,2016.052,57407,1880,0.866867,0.143947,0.000872,0.000765,-0.033437,7.0718653351,125.61287010859999,99.95379
DVAO,2016.0548,57408,1880,0.865835,0.144484,0.000841,0.000739,-0.089551,7.0718653399,125.6128700992,99.95374
DVAO,2016.0575,57409,1880,0.866687,0.142487,0.000805,0.000698,-0.059711,7.0718653219,125.6128701069,99.95327
DVAO,2016.0602,57410,1880,0.863888,0.143531,0.000834,0.000752,-0.075546,7.0718653313,125.6128700816,99.95794
DVAO,2016.063,57411,1881,0.864091,0.142596,0.000797,0.000712,-0.008267,7.0718653229,125.6128700834,99.95199
DVAO,2016.0657,57412,1881,0.863854,0.141484,0.00093,0.000805,-0.038472,7.0718653128,125.6128700813,99.94862
DVAO,2016.0684,57413,1881,0.86496,0.142043,0.000892,0.000774,-0.101183,7.0718653179,125.61287009130001,99.95341
DVAO,2016.0712,57414,1881,0.864185,0.140733,0.000857,0.000741,-0.013798,7.071865306,125.6128700843,99.9502
DVAO,2016.0739,57415,1881,0.866417,0.142454,0.000823,0.000724,-0.078747,7.0718653216,125.61287010449999,99.94881
DVAO,2016.0767,57416,1881,0.868147,0.141365,0.000851,0.000759,-0.004165,7.0718653117,125.61287012010001,99.95758
DVAO,2016.0794,57417,1881,0.866206,0.142416,0.000851,0.000768,-0.029677,7.0718653212,125.6128701026,99.95714
DVAO,2016.0821,57418,1882,0.866067,0.14053,0.000874,0.000771,-0.043048,7.0718653042,125.61287010129999,99.9515
DVAO,2016.0849,57419,1882,0.865366,0.141921,0.000835,0.000728,-0.054228,7.0718653168,125.612870095,99.94768
DVAO,2016.0876,57420,1882,0.866825,0.141873,0.000836,0.000732,-0.044766,7.0718653163,125.61287010820001,99.95409
DVAO,2016.0903,57421,1882,0.866076,0.140921,0.000815,0.00073,-0.026634,7.0718653077,125.6128701014,99.95193
DVAO,2016.0931,57422,1882,0.867267,0.140735,0.000807,0.000718,-0.046585,7.071865306,125.6128701122,99.95568
DVAO,2016.0958,57423,1882,0.865919,0.1417,0.000803,0.000705,-0.020038,7.0718653148,125.61287010000001,99.95424
DVAO,2016.0986,57424,1882,0.865589,0.140795,0.000853,0.000769,-0.054117,7.0718653066,125.61287009700001,99.94489
DVAO,2016.1013,57425,1883,0.867617,0.142826,0.000883,0.000793,-0.042192,7.0718653249,125.61287011530001,99.95515
DVAO,2016.104,57426,1883,0.866581,0.142528,0.000837,0.000728,-0.04208,7.0718653223,125.612870106,99.95466
DVAO,2016.1068,57427,1883,0.864329,0.143785,0.000882,0.000752,-0.0286,7.0718653336,125.61287008560001,99.95784
DVAO,2016.1095,57428,1883,0.865834,0.141978,0.000824,0.00073,-0.057512,7.0718653173,125.6128700992,99.95684
DVAO,2016.1123,57429,1883,0.866085,0.142414,0.000818,0.000718,-0.053716,7.0718653212,125.6128701015,99.95652
DVAO,2016.115,57430,1883,0.865955,0.143481,0.000835,0.000728,-0.062777,7.0718653309,125.6128701003,99.95559
DVAO,2016.1177,57431,1883,0.866361,0.142635,0.000833,0.000739,-0.063327,7.0718653232,125.612870104,99.95959
DVAO,2016.1205,57432,1884,0.867291,0.140537,0.000809,0.00071,-0.022745,7.0718653042,125.6128701124,99.95107
DVAO,2016.1232,57433,1884,0.86582,0.142361,0.00084,0.000744,-0.021374,7.0718653207,125.61287009910001,99.95423
DVAO,2016.1259,57434,1884,0.863457,0.143082,0.00093,0.000813,0.003346,7.0718653273,125.6128700777,99.95287
DVAO,2016.1287,57435,1884,0.865042,0.141265,0.000959,0.000812,-0.078271,7.0718653108,125.61287009200001,99.95273
DVAO,2016.1314,57436,1884,0.865941,0.141102,0.000843,0.000744,-0.02084,7.0718653094,125.61287010020001,99.9512
DVAO,2016.1342,57437,1884,0.865728,0.140967,0.000924,0.000799,-0.031874,7.0718653081,125.6128700982,99.95456
DVAO,2016.1369,57438,1884,0.863402,0.141093,0.000849,0.00074,-0.011281,7.0718653093,125.6128700772,99.95531
DVAO,2016.1396,57439,1885,0.863803,0.141059,0.000881,0.000773,-0.020149,7.071865309,125.61287008080001,99.95125
DVAO,2016.1424,57440,1885,0.862352,0.141659,0.000848,0.000754,-0.047582,7.0718653144,125.61287006769999,99.95097
DVAO,2016.1451,57441,1885,0.862706,0.144336,0.000892,0.000759,-0.045307,7.0718653386,125.61287007089999,99.95661
DVAO,2016.1478,57442,1885,0.864288,0.143889,0.000922,0.000805,-0.042965,7.0718653346,125.6128700852,99.95486
DVAO,2016.1506,57443,1885,0.863141,0.144976,0.000829,0.000731,-0.049992,7.0718653444,125.61287007480001,99.95278
DVAO,2016.1533,57444,1885,0.862584,0.142688,0.000867,0.000779,-0.026345,7.0718653237,125.61287006980001,99.95222
DVAO,2016.1561,57445,1885,0.86411,0.143016,0.000875,0.000753,-0.035106,7.0718653267,125.6128700836,99.95591
DVAO,2016.1588,57446,1886,0.863083,0.141629,0.000883,0.000796,0.00194,7.0718653141,125.61287007429999,99.94863
DVAO,2016.1615,57447,1886,0.864847,0.142602,0.000813,0.000722,0.00169,7.0718653229,125.61287009029999,99.95282
DVAO,2016.1643,57448,1886,0.864876,0.142614,0.000863,0.000741,-0.030501,7.071865323,125.6128700905,99.95349
DVAO,2016.167,57449,1886,0.864534,0.142977,0.000832,0.000731,-0.019547,7.0718653263,125.61287008740001,99.95209
DVAO,2016.1697,57450,1886,0.859656,0.146983,0.000901,0.000759,-0.051794,7.0718653625,125.6128700433,99.96422
DVAO,2016.1725,57451,1886,0.863784,0.141507,0.000948,0.000807,-0.07393,7.071865313,125.6128700806,99.94999
DVAO,2016.1752,57452,1886,0.866132,0.14507,0.000966,0.000799,-0.031939,7.0718653452,125.6128701019,99.94828
DVAO,2016.178,57453,1887,0.861903,0.143501,0.000913,0.000776,-0.085676,7.071865331,125.61287006360001,99.95066
DVAO,2016.1807,57454,1887,0.862092,0.143523,0.00084,0.000753,-0.07105,7.0718653313,125.6128700653,99.9535
DVAO,2016.1834,57455,1887,0.864095,0.142542,0.000857,0.000769,-0.069605,7.0718653224,125.61287008350001,99.95984
DVAO,2016.1862,57456,1887,0.863489,0.14388,0.000908,0.000751,0.004576,7.0718653345,125.61287007799999,99.9538
DVAO,2016.1889,57457,1887,0.866091,0.14185,0.00095,0.000819,-0.06327,7.0718653161,125.6128701015,99.95123
DVAO,2016.1916,57458,1887,0.861795,0.140173,0.000881,0.000773,-0.060837,7.071865301,125.6128700626,99.94623
DVAO,2016.1944,57459,1887,0.861471,0.143241,0.000838,0.000714,-0.014373,7.0718653287,125.61287005969999,99.94861
DVAO,2016.1971,57460,1888,0.862336,0.144627,0.000881,0.000744,-0.05268,7.0718653412,125.61287006750001,99.95476
DVAO,2016.1999,57461,1888,0.863578,0.141839,0.000901,0.000762,-0.087187,7.071865316,125.6128700788,99.95444
DVAO,2016.2026,57462,1888,0.862275,0.143298,0.000835,0.000728,-0.04262,7.0718653292,125.61287006699999,99.9571
DVAO,2016.2053,57463,1888,0.860879,0.141828,0.000889,0.000774,-0.021194,7.0718653159,125.61287005439999,99.96156
DVAO,2016.2081,57464,1888,0.860133,0.140236,0.000873,0.000762,0.000349,7.0718653015,125.61287004760001,99.95366
DVAO,2016.2108,57465,1888,0.857888,0.142723,0.000896,0.000765,-0.014198,7.071865324,125.6128700273,99.94941
DVAO,2016.2136,57466,1888,0.862922,0.142413,0.000863,0.000767,-0.011965,7.0718653212,125.6128700728,99.95244
DVAO,2016.2163,57467,1889,0.860824,0.144477,0.000926,0.000806,-0.01409,7.0718653399,125.6128700539,99.95287
DVAO,2016.219,57468,1889,0.861468,0.142296,0.000904,0.000752,-0.008442,7.0718653202,125.61287005969999,99.96063
DVAO,2016.2218,57469,1889,0.861829,0.14106,0.000795,0.000691,-0.003407,7.071865309,125.612870063,99.96383
DVAO,2016.2245,57470,1889,0.863093,0.144108,0.00089,0.000778,-0.040564,7.0718653365,125.6128700744,99.95806
DVAO,2016.2272,57471,1889,0.86258,0.141958,0.000866,0.000736,0.002419,7.0718653171,125.6128700697,99.95776
DVAO,2016.23,57472,1889,0.860344,0.13836,0.000905,0.000762,-0.004685,7.0718652846,125.6128700495,99.95453
DVAO,2016.2327,57473,1889,0.861575,0.140877,0.000904,0.000745,-0.028014,7.0718653073,125.6128700607,99.94765
DVAO,2016.2355,57474,1890,0.862231,0.140659,0.000783,0.000689,-0.000963,7.0718653054,125.61287006660001,99.95509
DVAO,2016.2382,57475,1890,0.862837,0.138879,0.000799,0.000695,-0.026082,7.0718652893,125.61287007210001,99.95304
DVAO,2016.2409,57476,1890,0.860608,0.140221,0.000861,0.000748,-0.012388,7.0718653014,125.61287005189999,99.9557
DVAO,2016.2437,57477,1890,0.858874,0.139599,0.000887,0.00076,-0.03121,7.0718652958,125.61287003620001,99.9636
DVAO,2016.2464,57478,1890,0.859417,0.140173,0.000897,0.000764,-0.006824,7.071865301,125.6128700411,99.96048
DVAO,2016.2491,57479,1890,0.861603,0.139355,0.000856,0.000746,-0.003927,7.0718652936,125.61287006090001,99.95797
DVAO,2016.2519,57480,1890,0.859649,0.139961,0.000802,0.000699,-0.013403,7.071865299,125.61287004319999,99.95809
DVAO,2016.2546,57481,1891,0.861367,0.14167,0.000812,0.000709,0.014344,7.0718653145,125.61287005880001,99.96443
DVAO,2016.2574,57482,1891,0.859842,0.138509,0.000794,0.000711,0.012458,7.0718652859,125.612870045,99.95846
DVAO,2016.2601,57483,1891,0.860062,0.140642,0.00081,0.000707,-0.010229,7.0718653052,125.612870047,99.95849
DVAO,2016.2628,57484,1891,0.859359,0.139842,0.000795,0.0007,-0.024534,7.071865298,125.6128700406,99.95848
DVAO,2016.2656,57485,1891,0.858382,0.141544,0.000815,0.000714,-0.023025,7.0718653134,125.61287003180001,99.96282
DVAO,2016.2683,57486,1891,0.85687,0.139654,0.000828,0.00069,0.006888,7.0718652963,125.61287001810001,99.96292
DVAO,2016.271,57487,1891,0.860553,0.140546,0.000832,0.000721,-0.011084,7.0718653043,125.6128700514,99.96181
DVAO,2016.2738,57488,1892,0.859162,0.139937,0.000822,0.000721,0.014006,7.0718652988,125.6128700388,99.9526
DVAO,2016.2765,57489,1892,0.859509,0.139648,0.000823,0.000711,-0.000171,7.0718652962,125.612870042,99.96688
DVAO,2016.2793,57490,1892,0.858937,0.140056,0.000782,0.000715,0.000326,7.0718652999,125.61287003679999,99.96061
DVAO,2016.282,57491,1892,0.859704,0.140903,0.000853,0.000747,-0.005004,7.0718653076,125.61287004370001,99.95981
DVAO,2016.2847,57492,1892,0.859312,0.139828,0.000889,0.000776,0.022816,7.0718652978,125.6128700402,99.96291
DVAO,2016.2875,57493,1892,0.859257,0.140229,0.000814,0.000729,0.004172,7.0718653015,125.6128700397,99.95712
DVAO,2016.2902,57494,1892,0.857616,0.140094,0.000806,0.000707,-0.01394,7.0718653002,125.6128700248,99.95502
DVAO,2016.293,57495,1893,0.857148,0.140664,0.000815,0.000716,-0.027671,7.0718653054,125.61287002060001,99.9628
DVAO,2016.2957,57496,1893,0.85872,0.141899,0.000804,0.000711,-0.016976,7.0718653166,125.61287003480001,99.9675
DVAO,2016.2984,57497,1893,0.86007,0.137834,0.000855,0.00073,-0.028852,7.0718652798,125.612870047,99.97007
DVAO,2016.3012,57498,1893,0.856355,0.13984,0.000873,0.000763,-0.044542,7.0718652979,125.6128700134,99.96365
DVAO,2016.3039,57499,1893,0.859558,0.141088,0.000831,0.000747,-0.010827,7.0718653092,125.6128700424,99.96879
DVAO,2016.3066,57500,1893,0.857037,0.142102,0.000813,0.00071,-0.026353,7.0718653184,125.6128700196,99.95896
DVAO,2016.3094,57501,1893,0.857241,0.141637,0.000797,0.000707,-0.049641,7.0718653142,125.6128700214,99.95434
DVAO,2016.3121,57502,1894,0.856481,0.141948,0.000789,0.000709,0.006161,7.071865317,125.6128700145,99.96404
DVAO,2016.3149,57503,1894,0.860282,0.142679,0.000838,0.000732,-0.009515,7.0718653236,125.61287004889999,99.97047
DVAO,2016.3203,57505,1894,0.857111,0.143263,0.000842,0.000736,-0.050767,7.0718653289,125.6128700202,99.95654
DVAO,2016.3231,57506,1894,0.85617,0.143695,0.000845,0.000741,-0.028912,7.0718653328,125.61287001170001,99.95591
DVAO,2016.3258,57507,1894,0.858956,0.138731,0.000837,0.000734,-0.007833,7.0718652879,125.6128700369,99.95969
DVAO,2016.3285,57508,1894,0.856331,0.140821,0.000833,0.000733,0.027747,7.0718653068,125.6128700132,99.96312
DVAO,2016.3313,57509,1895,0.85698,0.142403,0.000825,0.000702,-0.001074,7.0718653211,125.6128700191,99.9641
DVAO,2016.334,57510,1895,0.855343,0.142539,0.000876,0.000753,-0.0768,7.0718653224,125.6128700042,99.95807
DVAO,2016.3368,57511,1895,0.854807,0.142453,0.000833,0.000754,-0.037992,7.0718653216,125.6128699994,99.95228
DVAO,2016.3395,57512,1895,0.856792,0.141173,0.000834,0.000736,0.009129,7.07186531,125.61287001740001,99.962
DVAO,2016.3422,57513,1895,0.855217,0.141743,0.000835,0.000751,-0.00616,7.0718653152,125.6128700031,99.96445
DVAO,2016.345,57514,1895,0.856821,0.142993,0.000849,0.000735,-0.03397,7.0718653265,125.61287001759999,99.95421
DVAO,2016.3477,57515,1895,0.855423,0.141429,0.000845,0.000741,-0.053084,7.0718653123,125.61287000499999,99.9614
DVAO,2016.3504,57516,1896,0.856102,0.141899,0.000829,0.000744,0.010598,7.0718653166,125.6128700111,99.95581
DVAO,2016.3532,57517,1896,0.855638,0.142026,0.000814,0.00071,0.006903,7.0718653177,125.61287000690001,99.96273
DVAO,2016.3559,57518,1896,0.856863,0.14212,0.00081,0.000722,0.012724,7.0718653186,125.612870018,99.95739
DVAO,2016.3587,57519,1896,0.856647,0.141687,0.00082,0.000719,-0.024439,7.0718653146,125.61287001599999,99.96159
DVAO,2016.3614,57520,1896,0.856307,0.14195,0.00082,0.000722,0.023475,7.071865317,125.61287001299999,99.96218
DVAO,2016.3641,57521,1896,0.853433,0.14146,0.000806,0.000699,0.034037,7.0718653126,125.61286998700001,99.96495
DVAO,2016.3669,57522,1896,0.853821,0.14336,0.000819,0.000722,0.023032,7.0718653298,125.6128699905,99.96344
DVAO,2016.3806,57527,1897,0.854454,0.141939,0.000879,0.000794,0.034718,7.0718653169,125.6128699962,99.96154
DVAO,2016.3833,57528,1897,0.852677,0.145357,0.000847,0.000739,0.050514,7.0718653478,125.61286998009999,99.96452
DVAO,2016.386,57529,1897,0.858348,0.142308,0.000828,0.000726,0.024287,7.0718653203,125.6128700314,99.95551
DVAO,2016.3888,57530,1898,0.85353,0.143303,0.000806,0.000713,0.004834,7.0718653293,125.6128699878,99.95668
DVAO,2016.3915,57531,1898,0.852997,0.14495,0.000804,0.00071,-0.011578,7.0718653441,125.612869983,99.95813
DVAO,2016.3943,57532,1898,0.857934,0.143942,0.000849,0.000733,0.027826,7.071865335,125.61287002770001,99.95812
DVAO,2016.397,57533,1898,0.854757,0.144992,0.000798,0.000703,0.037097,7.0718653445,125.61286999890001,99.96034
DVAO,2016.3997,57534,1898,0.853118,0.142962,0.000821,0.000715,0.039635,7.0718653262,125.6128699841,99.96046
DVAO,2016.4025,57535,1898,0.85281,0.143049,0.000856,0.000743,-0.047905,7.071865327,125.61286998130001,99.95525
DVAO,2016.4052,57536,1898,0.852417,0.144703,0.000815,0.000715,-0.001127,7.0718653419,125.61286997779999,99.95884
DVAO,2016.4079,57537,1899,0.85412,0.146242,0.000812,0.000713,0.013888,7.0718653558,125.61286999320001,99.95197
DVAO,2016.4107,57538,1899,0.854328,0.144686,0.000786,0.000693,-0.002299,7.0718653418,125.6128699951,99.95173
DVAO,2016.4134,57539,1899,0.855143,0.144558,0.000827,0.000748,0.043083,7.0718653406,125.6128700024,99.95493
DVAO,2016.4162,57540,1899,0.855637,0.142601,0.000822,0.00071,0.021163,7.0718653229,125.61287000690001,99.96217
DVAO,2016.4189,57541,1899,0.852238,0.143462,0.000828,0.000756,0.046138,7.0718653307,125.6128699761,99.9545
DVAO,2016.4216,57542,1899,0.85398,0.145806,0.000836,0.00075,0.029909,7.0718653519,125.6128699919,99.96318
DVAO,2016.4244,57543,1899,0.857017,0.145394,0.000872,0.000815,0.03989,7.0718653482,125.61287001939999,99.96095
DVAO,2016.4326,57546,1900,0.852436,0.143652,0.000854,0.000749,0.036583,7.0718653324,125.6128699779,99.95777
DVAO,2016.4353,57547,1900,0.853208,0.144472,0.000834,0.000738,0.022015,7.0718653398,125.61286998489999,99.95595
DVAO,2016.4381,57548,1900,0.854197,0.145556,0.000857,0.000734,0.046698,7.0718653496,125.6128699939,99.95613
DVAO,2016.4408,57549,1900,0.852111,0.145386,0.000828,0.000719,0.002888,7.0718653481,125.612869975,99.96194
DVAO,2016.4435,57550,1900,0.853915,0.145621,0.000833,0.000716,0.03912,7.0718653502,125.61286999129999,99.95983
DVAO,2016.4463,57551,1901,0.852982,0.145074,0.000804,0.00071,0.025738,7.0718653453,125.61286998290001,99.95791
DVAO,2016.449,57552,1901,0.85505,0.145341,0.000816,0.000699,-0.021482,7.0718653477,125.61287000159999,99.96009
DVAO,2016.4517,57553,1901,0.853264,0.143261,0.000811,0.000699,0.018139,7.0718653289,125.61286998540001,99.94785
DVAO,2016.4545,57554,1901,0.854712,0.143643,0.000839,0.000725,0.046697,7.0718653323,125.6128699985,99.9553
DVAO,2016.4572,57555,1901,0.852281,0.144297,0.000818,0.000707,0.020396,7.0718653382,125.61286997650001,99.96457
DVAO,2016.46,57556,1901,0.852584,0.14519,0.00084,0.000714,0.016253,7.0718653463,125.6128699793,99.9614
DVAO,2016.4627,57557,1901,0.853328,0.146307,0.000807,0.000715,0.019386,7.0718653564,125.61286998599999,99.95638
DVAO,2016.4654,57558,1902,0.852531,0.146303,0.000817,0.000721,0.034433,7.0718653564,125.6128699788,99.95517
DVAO,2016.4682,57559,1902,0.853304,0.144716,0.000831,0.000732,-0.000283,7.071865342,125.61286998579999,99.9563
DVAO,2016.4709,57560,1902,0.85308,0.145453,0.000811,0.000713,-0.00655,7.0718653487,125.61286998380001,99.95932
DVAO,2016.4736,57561,1902,0.852908,0.147164,0.00081,0.000708,0.038493,7.0718653642,125.61286998220001,99.95648
DVAO,2016.4764,57562,1902,0.853002,0.148236,0.000827,0.000702,-0.000305,7.0718653739,125.61286998310001,99.95141
DVAO,2016.4791,57563,1902,0.853719,0.147763,0.000896,0.000732,-0.043656,7.0718653696,125.61286998950001,99.95315
DVAO,2016.4819,57564,1902,0.852687,0.147264,0.000776,0.000686,0.016849,7.0718653651,125.6128699802,99.95428
DVAO,2016.4846,57565,1903,0.852475,0.146199,0.000849,0.000756,0.047866,7.0718653555,125.61286997830001,99.95858
DVAO,2016.4873,57566,1903,0.853899,0.146681,0.000801,0.000722,-0.010222,7.0718653598,125.6128699912,99.95125
DVAO,2016.4901,57567,1903,0.854712,0.14863,0.000807,0.000719,0.010573,7.0718653774,125.6128699985,99.95677
DVAO,2016.4928,57568,1903,0.856102,0.146891,0.000823,0.000748,-0.045168,7.0718653617,125.6128700111,99.94222
DVAO,2016.4956,57569,1903,0.853407,0.146188,0.000814,0.000689,-0.0218,7.0718653553,125.61286998669999,99.94812
DVAO,2016.5147,57576,1904,0.8503,0.147527,0.000869,0.000776,0.005024,7.0718653675,125.61286995859999,99.94808
DVAO,2016.5175,57577,1904,0.853139,0.147634,0.000831,0.00073,0.003801,7.0718653684,125.6128699843,99.95861
DVAO,2016.5202,57578,1904,0.853087,0.147805,0.001014,0.000908,0.027342,7.07186537,125.61286998380001,99.96109
DVAO,2016.5229,57579,1905,0.851217,0.146333,0.000836,0.0007,-0.001533,7.0718653567,125.6128699669,99.9592
DVAO,2016.5257,57580,1905,0.849927,0.146675,0.000796,0.000686,0.01261,7.0718653598,125.61286995520001,99.96354
DVAO,2016.5284,57581,1905,0.852478,0.145442,0.000908,0.000813,-0.01642,7.0718653486,125.61286997830001,99.95374
DVAO,2016.5311,57582,1905,0.851862,0.147857,0.000804,0.000715,-0.001509,7.0718653704,125.6128699727,99.95515
DVAO,2016.5339,57583,1905,0.85088,0.147394,0.000863,0.000713,0.022582,7.0718653663,125.61286996390001,99.95114
DVAO,2016.5366,57584,1905,0.851935,0.147342,0.000847,0.000728,0.020038,7.0718653658,125.6128699734,99.9516
DVAO,2016.5394,57585,1905,0.852595,0.146825,0.000943,0.000811,0.010946,7.0718653611,125.61286997939999,99.95576
DVAO,2016.5421,57586,1906,0.853009,0.145064,0.000814,0.000714,0.014419,7.0718653452,125.61286998310001,99.95042
DVAO,2016.5448,57587,1906,0.850489,0.146249,0.000838,0.000715,-0.004718,7.0718653559,125.6128699603,99.95053
DVAO,2016.5476,57588,1906,0.849819,0.146874,0.000841,0.000722,0.050316,7.0718653616,125.6128699542,99.95726
DVAO,2016.5503,57589,1906,0.851257,0.149196,0.000849,0.000699,0.00368,7.0718653825,125.61286996730001,99.94892
DVAO,2016.553,57590,1906,0.849336,0.147945,0.000798,0.00071,0.055106,7.0718653712,125.61286994989999,99.95347
DVAO,2016.5558,57591,1906,0.849229,0.146862,0.000838,0.000737,0.000804,7.0718653614,125.6128699489,99.95292
DVAO,2016.5585,57592,1906,0.849873,0.147226,0.000825,0.000718,0.050478,7.0718653647,125.61286995469999,99.94806
DVAO,2016.5613,57593,1907,0.847694,0.145128,0.000873,0.000733,0.006312,7.0718653458,125.61286993499999,99.95882
DVAO,2016.564,57594,1907,0.850301,0.148254,0.000832,0.000711,0.031854,7.071865374,125.61286995859999,99.95581
DVAO,2016.5667,57595,1907,0.85197,0.146041,0.000874,0.000754,0.006703,7.071865354,125.61286997369999,99.94826
DVAO,2016.5695,57596,1907,0.850405,0.145023,0.000839,0.000756,0.056598,7.0718653448,125.61286995949999,99.94299
DVAO,2016.5722,57597,1907,0.848335,0.149395,0.000798,0.000685,0.009223,7.0718653843,125.61286994080001,99.94897
DVAO,2016.5749,57598,1907,0.85129,0.146306,0.000833,0.000708,0.004798,7.0718653564,125.6128699676,99.96139
DVAO,2016.5777,57599,1907,0.849924,0.147173,0.00085,0.000721,-0.040824,7.0718653643,125.61286995520001,99.95347
DVAO,2016.5804,57600,1908,0.849292,0.147136,0.000823,0.0007,0.010253,7.0718653639,125.61286994950001,99.94882
DVAO,2016.5832,57601,1908,0.84977,0.146964,0.000805,0.000694,0.01502,7.0718653624,125.61286995379999,99.94862
DVAO,2016.5859,57602,1908,0.851382,0.147192,0.000818,0.000699,0.031976,7.0718653644,125.61286996839999,99.95284
DVAO,2016.5886,57603,1908,0.850461,0.14708,0.000815,0.000694,0.022132,7.0718653634,125.6128699601,99.95256
DVAO,2016.5914,57604,1908,0.849147,0.146889,0.000799,0.000699,0.008667,7.0718653617,125.6128699482,99.95205
DVAO,2016.5941,57605,1908,0.849202,0.147107,0.000819,0.000704,-0.006149,7.0718653637,125.6128699487,99.95244
DVAO,2016.5969,57606,1908,0.850489,0.146767,0.000864,0.000724,-0.021648,7.0718653606,125.6128699603,99.95463
DVAO,2016.5996,57607,1909,0.852051,0.14654,0.000791,0.00069,0.013816,7.0718653585,125.61286997440001,99.95456
DVAO,2016.6023,57608,1909,0.848659,0.14779,0.000812,0.000702,-0.013498,7.0718653698,125.61286994369999,99.93812
DVAO,2016.6051,57609,1909,0.849642,0.147064,0.000792,0.000697,0.004718,7.0718653633,125.6128699526,99.94618
DVAO,2016.6078,57610,1909,0.852051,0.146805,0.000813,0.00074,-0.00022,7.0718653609,125.61286997440001,99.95279
DVAO,2016.6105,57611,1909,0.850319,0.146556,0.00081,0.000695,0.026188,7.0718653587,125.61286995879999,99.95484
DVAO,2016.6133,57612,1909,0.850434,0.147528,0.000789,0.000685,0.014356,7.0718653675,125.61286995980001,99.94551
DVAO,2016.616,57613,1909,0.850659,0.146213,0.000848,0.00073,-0.007123,7.0718653556,125.61286996179999,99.95161
DVAO,2016.6188,57614,1910,0.850772,0.14657,0.000911,0.000777,-0.017833,7.0718653588,125.61286996289999,99.95188
DVAO,2016.6215,57615,1910,0.850099,0.14636,0.000888,0.000751,-0.030081,7.0718653569,125.61286995680001,99.95267
DVAO,2016.6242,57616,1910,0.84904,0.147876,0.000821,0.000709,0.055471,7.0718653706,125.61286994720001,99.94863
DVAO,2016.627,57617,1910,0.848939,0.148089,0.000845,0.000723,0.042426,7.0718653725,125.61286994630001,99.94507
DVAO,2016.6297,57618,1910,0.849665,0.147669,0.000835,0.000715,0.034452,7.0718653687,125.6128699528,99.95401
DVAO,2016.6324,57619,1910,0.849176,0.143854,0.000883,0.000757,0.029475,7.0718653342,125.6128699484,99.95733
DVAO,2016.6352,57620,1910,0.849872,0.144547,0.000825,0.000711,-0.006099,7.0718653405,125.61286995469999,99.95494
DVAO,2016.6379,57621,1911,0.849782,0.145209,0.000788,0.000678,0.024007,7.0718653465,125.6128699539,99.94963
DVAO,2016.6407,57622,1911,0.848337,0.145406,0.000809,0.000688,0.00271,7.0718653483,125.61286994080001,99.9604
DVAO,2016.6434,57623,1911,0.849261,0.14563,0.00081,0.000685,0.002768,7.0718653503,125.61286994919999,99.95151
DVAO,2016.6461,57624,1911,0.849829,0.145017,0.000826,0.000728,-0.001311,7.0718653448,125.61286995430001,99.95713
DVAO,2016.6489,57625,1911,0.848064,0.146079,0.000846,0.000737,0.0663,7.0718653544,125.6128699384,99.94717
DVAO,2016.6516,57626,1911,0.846444,0.146374,0.000843,0.000722,0.031477,7.071865357,125.6128699237,99.95068
DVAO,2016.6543,57627,1911,0.847424,0.145701,0.000803,0.00069,0.021974,7.0718653509,125.6128699326,99.94623
DVAO,2016.6571,57628,1912,0.847037,0.146139,0.000785,0.000696,0.047942,7.0718653549,125.61286992909999,99.95555
DVAO,2016.6598,57629,1912,0.848773,0.145542,0.000817,0.0007,0.024446,7.0718653495,125.6128699448,99.94402
DVAO,2016.6626,57630,1912,0.849402,0.144295,0.000841,0.000711,0.041229,7.0718653382,125.6128699505,99.94943
DVAO,2016.6653,57631,1912,0.849121,0.143804,0.000824,0.000722,0.02236,7.0718653338,125.61286994790001,99.95083
DVAO,2016.668,57632,1912,0.845555,0.144238,0.000835,0.00071,0.018473,7.0718653377,125.61286991559999,99.95082
DVAO,2016.6708,57633,1912,0.845881,0.14591,0.000851,0.000753,0.035457,7.0718653528,125.61286991860001,99.95261
DVAO,2016.6735,57634,1912,0.844631,0.144953,0.000812,0.000709,0.002173,7.0718653442,125.6128699073,99.95484
DVAO,2016.6762,57635,1913,0.846248,0.145675,0.000831,0.000705,0.015227,7.0718653507,125.6128699219,99.94963
DVAO,2016.679,57636,1913,0.849013,0.145047,0.00083,0.000698,0.037386,7.071865345,125.61286994689999,99.94043
DVAO,2016.6817,57637,1913,0.847662,0.14433,0.000942,0.000784,-0.051419,7.0718653385,125.6128699347,99.95689
DVAO,2016.6845,57638,1913,0.846562,0.143771,0.000904,0.000805,0.014384,7.0718653335,125.61286992480001,99.94855
DVAO,2016.6872,57639,1913,0.847258,0.145001,0.000901,0.000759,-0.021277,7.0718653446,125.6128699311,99.94942
DVAO,2016.6899,57640,1913,0.847733,0.146472,0.000864,0.000747,0.006414,7.0718653579,125.6128699354,99.94586
DVAO,2016.6927,57641,1913,0.847071,0.144342,0.000895,0.000769,0.029922,7.0718653387,125.6128699294,99.9555
DVAO,2016.6954,57642,1914,0.846056,0.145963,0.000891,0.000761,-0.013359,7.0718653533,125.61286992020001,99.94224
DVAO,2016.6982,57643,1914,0.847322,0.145545,0.000794,0.000694,0.012836,7.0718653495,125.61286993159999,99.94808
DVAO,2016.7009,57644,1914,0.845586,0.145364,0.000813,0.0007,0.0035,7.0718653479,125.6128699159,99.94959
DVAO,2016.7036,57645,1914,0.846636,0.145281,0.00085,0.000745,0.034755,7.0718653471,125.61286992539999,99.94722
DVAO,2016.7064,57646,1914,0.846649,0.146482,0.000845,0.000743,-0.011613,7.071865358,125.61286992550001,99.94461
DVAO,2016.7091,57647,1914,0.847887,0.144451,0.000861,0.000728,0.00566,7.0718653396,125.6128699368,99.95247
DVAO,2016.7118,57648,1914,0.847269,0.143592,0.000808,0.0007,0.025132,7.0718653319,125.61286993120001,99.9452
DVAO,2016.7146,57649,1915,0.847437,0.146551,0.000844,0.000721,0.006834,7.0718653586,125.6128699327,99.94783
DVAO,2016.7173,57650,1915,0.84667,0.144223,0.000807,0.000693,0.045372,7.0718653376,125.61286992570001,99.95088
DVAO,2016.7201,57651,1915,0.84645,0.143508,0.000788,0.000681,-0.003678,7.0718653311,125.6128699237,99.94975
DVAO,2016.7228,57652,1915,0.849536,0.144482,0.000808,0.000695,0.039233,7.0718653399,125.61286995169999,99.94657
DVAO,2016.7255,57653,1915,0.847563,0.146978,0.000839,0.000715,0.011472,7.0718653625,125.6128699338,99.94861
DVAO,2016.7283,57654,1915,0.845091,0.146721,0.000877,0.00076,0.052433,7.0718653602,125.6128699114,99.949
DVAO,2016.731,57655,1915,0.849184,0.146071,0.000868,0.000761,-0.01166,7.0718653543,125.61286994849999,99.94233
DVAO,2016.7337,57656,1916,0.847271,0.145183,0.000801,0.000687,0.039239,7.0718653463,125.61286993120001,99.95083
DVAO,2016.8542,57700,1922,0.846401,0.143667,0.000825,0.000706,0.028388,7.0718653326,125.6128699233,99.94394
DVAO,2016.8569,57701,1922,0.84708,0.145675,0.00081,0.000684,0.013258,7.0718653507,125.6128699295,99.94236
DVAO,2016.8597,57702,1922,0.84692,0.145401,0.000827,0.000712,0.024809,7.0718653482,125.61286992800001,99.94891
DVAO,2016.8624,57703,1922,0.846828,0.144417,0.000849,0.000722,0.027081,7.0718653393,125.6128699272,99.95193
DVAO,2016.8652,57704,1922,0.848109,0.14408,0.000822,0.000702,0.024073,7.0718653363,125.6128699388,99.94109
DVAO,2016.8679,57705,1923,0.845535,0.145023,0.000853,0.000723,0.023269,7.0718653448,125.6128699155,99.94854
DVAO,2016.8706,57706,1923,0.846406,0.143771,0.00085,0.000732,-0.016287,7.0718653335,125.6128699233,99.95401
DVAO,2016.8734,57707,1923,0.849892,0.144336,0.000844,0.000713,-0.016768,7.0718653386,125.61286995489999,99.95028
DVAO,2016.8761,57708,1923,0.847991,0.145156,0.000854,0.000718,0.014526,7.071865346,125.6128699377,99.95472
DVAO,2016.8789,57709,1923,0.846855,0.14266,0.000818,0.000689,-0.000315,7.0718653234,125.6128699274,99.94372
DVAO,2016.8816,57710,1923,0.848089,0.145655,0.000794,0.000671,0.032238,7.0718653505,125.6128699386,99.94891
DVAO,2016.8843,57711,1923,0.846642,0.143352,0.00082,0.000705,-0.003561,7.0718653297,125.61286992550001,99.94676
DVAO,2016.8871,57712,1924,0.847105,0.144198,0.000811,0.000699,0.034892,7.0718653374,125.6128699297,99.94875
DVAO,2016.8898,57713,1924,0.847094,0.144662,0.000839,0.000713,-0.01568,7.0718653416,125.61286992960001,99.95221
DVAO,2016.8925,57714,1924,0.847047,0.143854,0.000819,0.00069,0.008979,7.0718653342,125.6128699292,99.94949
DVAO,2016.8953,57715,1924,0.845852,0.144318,0.000781,0.000672,0.027067,7.0718653384,125.61286991829999,99.95257
DVAO,2016.898,57716,1924,0.846062,0.1446,0.000807,0.000682,0.008194,7.071865341,125.61286992020001,99.95098
DVAO,2016.9008,57717,1924,0.849462,0.14597,0.000834,0.000703,0.017893,7.0718653534,125.612869951,99.95344
DVAO,2016.9035,57718,1924,0.850316,0.147948,0.000868,0.000766,0.05157,7.0718653713,125.6128699587,99.95029
DVAO,2016.9062,57719,1925,0.847368,0.145692,0.000868,0.00075,0.037258,7.0718653509,125.61286993210001,99.95052
DVAO,2016.909,57720,1925,0.846222,0.14501,0.000831,0.000711,0.015731,7.0718653447,125.6128699217,99.94576
DVAO,2016.9117,57721,1925,0.84639,0.144491,0.000826,0.000699,0.007938,7.07186534,125.61286992320001,99.95838
DVAO,2016.9144,57722,1925,0.844486,0.144241,0.000857,0.000734,0.080605,7.0718653377,125.61286990599999,99.94721
DVAO,2016.9172,57723,1925,0.845978,0.143923,0.000866,0.000736,0.022917,7.0718653349,125.61286991950001,99.95124
DVAO,2016.9199,57724,1925,0.846152,0.143453,0.000823,0.000703,0.035705,7.0718653306,125.61286992110001,99.94491
DVAO,2016.9227,57725,1925,0.846753,0.145069,0.000817,0.000688,0.001639,7.0718653452,125.6128699265,99.94914
DVAO,2016.9254,57726,1926,0.846961,0.144266,0.000817,0.000685,0.005901,7.071865338,125.61286992839999,99.94896
DVAO,2016.9281,57727,1926,0.846485,0.145466,0.000804,0.000676,0.012289,7.0718653488,125.61286992410001,99.95129
DVAO,2016.9309,57728,1926,0.846264,0.145775,0.000822,0.000698,0.039127,7.0718653516,125.6128699221,99.94766
DVAO,2016.9336,57729,1926,0.848786,0.145615,0.000801,0.000689,0.036581,7.0718653502,125.61286994490001,99.94526
DVAO,2016.9363,57730,1926,0.847421,0.145903,0.000831,0.000686,0.00477,7.0718653528,125.61286993249999,99.94002
DVAO,2016.9391,57731,1926,0.847334,0.144889,0.000819,0.000703,-0.015745,7.0718653436,125.6128699317,99.94677
DVAO,2016.9418,57732,1926,0.846135,0.142885,0.000826,0.000716,0.000837,7.0718653255,125.61286992090001,99.95008
DVAO,2016.9446,57733,1927,0.845954,0.1463,0.000824,0.000701,0.005225,7.0718653564,125.61286991930001,99.94992
DVAO,2016.9473,57734,1927,0.84928,0.14414,0.000849,0.000716,0.008594,7.0718653368,125.6128699494,99.94325
DVAO,2016.95,57735,1927,0.845741,0.143299,0.000828,0.000711,-0.012168,7.0718653292,125.6128699173,99.93792
DVAO,2016.9528,57736,1927,0.845454,0.144448,0.000864,0.000741,0.001072,7.0718653396,125.61286991470001,99.94622
DVAO,2016.9555,57737,1927,0.845592,0.145632,0.000812,0.000682,0.024841,7.0718653503,125.612869916,99.93865
DVAO,2016.9582,57738,1927,0.84468,0.144701,0.000815,0.00069,0.002243,7.0718653419,125.6128699077,99.93925
DVAO,2016.961,57739,1927,0.845113,0.143848,0.000804,0.000682,0.025675,7.0718653342,125.61286991169999,99.94426
DVAO,2016.9637,57740,1928,0.846389,0.144209,0.000841,0.000731,-0.002352,7.0718653374,125.61286992320001,99.94155
DVAO,2016.9665,57741,1928,0.848232,0.143746,0.00083,0.000736,0.005381,7.0718653333,125.61286993990001,99.94474
DVAO,2016.9692,57742,1928,0.844449,0.143395,0.000829,0.000702,0.035767,7.0718653301,125.61286990560001,99.94203
DVAO,2016.9719,57743,1928,0.847261,0.14464,0.000817,0.000704,0.010229,7.0718653414,125.6128699311,99.95207
DVAO,2016.9747,57744,1928,0.845295,0.142392,0.000849,0.000719,-0.002727,7.071865321,125.61286991329999,99.94953
DVAO,2016.9774,57745,1928,0.845878,0.142052,0.00085,0.000723,0.018736,7.0718653179,125.61286991860001,99.9464
DVAO,2016.9802,57746,1928,0.848672,0.140555,0.000859,0.000708,0.016606,7.0718653044,125.6128699439,99.94396
DVAO,2016.9829,57747,1929,0.845231,0.143761,0.000832,0.000703,-0.002282,7.0718653334,125.6128699127,99.95039
DVAO,2016.9856,57748,1929,0.844908,0.141511,0.000806,0.000682,0.011013,7.0718653131,125.6128699098,99.94042
DVAO,2016.9884,57749,1929,0.845164,0.140913,0.000838,0.000712,0.019192,7.0718653077,125.6128699121,99.94165
DVAO,2016.9911,57750,1929,0.845427,0.144365,0.000832,0.000717,0.015198,7.0718653389,125.61286991450001,99.94449
DVAO,2016.9938,57751,1929,0.845917,0.143602,0.000804,0.000693,0.039275,7.071865332,125.6128699189,99.94941
DVAO,2016.9966,57752,1929,0.842643,0.142708,0.000833,0.000706,0.05641,7.0718653239,125.61286988929999,99.94786
DVAO,2016.9993,57753,1929,0.843463,0.141695,0.000814,0.000703,0.031489,7.0718653147,125.6128698967,99.94779
DVAO,2017.0021,57754,1930,0.843458,0.142546,0.000864,0.000748,0.036429,7.0718653224,125.6128698967,99.94944
DVAO,2017.0048,57755,1930,0.846886,0.142511,0.000861,0.000733,-0.016736,7.0718653221,125.61286992769999,99.95885
DVAO,2017.0075,57756,1930,0.844568,0.143204,0.000812,0.000683,0.021956,7.0718653284,125.61286990670001,99.94348
DVAO,2017.0103,57757,1930,0.842931,0.143186,0.000818,0.000706,0.024125,7.0718653282,125.6128698919,99.93967
DVAO,2017.013,57758,1930,0.845136,0.14261,0.000817,0.00068,0.018843,7.071865323,125.61286991189999,99.94021
DVAO,2017.0157,57759,1930,0.844342,0.143981,0.000809,0.000682,0.029132,7.0718653354,125.6128699047,99.94679
DVAO,2017.0185,57760,1930,0.844724,0.14445,0.000782,0.000678,0.021084,7.0718653396,125.61286990810001,99.95086
DVAO,2017.0212,57761,1931,0.845086,0.144588,0.000783,0.000675,0.019972,7.0718653409,125.6128699114,99.94334
DVAO,2017.024,57762,1931,0.846352,0.144037,0.000796,0.000696,0.018354,7.0718653359,125.61286992289999,99.94503
DVAO,2017.0267,57763,1931,0.845134,0.141653,0.000837,0.000703,0.039726,7.0718653143,125.6128699118,99.943
DVAO,2017.0294,57764,1931,0.844359,0.140381,0.000809,0.000695,0.007862,7.0718653028,125.6128699048,99.94784
DVAO,2017.0322,57765,1931,0.844646,0.142911,0.000808,0.000702,0.015909,7.0718653257,125.61286990740001,99.94401
DVAO,2017.0349,57766,1931,0.844853,0.143507,0.000807,0.000693,0.000994,7.0718653311,125.6128699093,99.94639
DVAO,2017.0376,57767,1931,0.845403,0.144735,0.000801,0.000693,0.038711,7.0718653422,125.6128699143,99.93851
DVAO,2017.0404,57768,1932,0.841996,0.142898,0.000808,0.000704,0.004774,7.0718653256,125.61286988340001,99.94027
DVAO,2017.0431,57769,1932,0.846763,0.143216,0.000841,0.00072,0.013509,7.0718653285,125.61286992660001,99.94096
DVAO,2017.0459,57770,1932,0.842438,0.150655,0.003538,0.003944,-0.037092,7.0718653957,125.6128698874,99.87688
DVAO,2017.0568,57774,1932,0.845177,0.143193,0.000972,0.000861,0.042995,7.0718653283,125.61286991220001,99.94594
DVAO,2017.0595,57775,1933,0.843867,0.145435,0.000856,0.000732,-0.010332,7.0718653485,125.6128699004,99.9433
DVAO,2017.0623,57776,1933,0.84344,0.142022,0.00083,0.000711,-0.010522,7.0718653177,125.6128698965,99.94688
DVAO,2017.065,57777,1933,0.841285,0.14362,0.000811,0.000717,0.013473,7.0718653321,125.61286987700001,99.94274
DVAO,2017.0678,57778,1933,0.842784,0.142815,0.000834,0.000714,0.001337,7.0718653248,125.6128698906,99.94489
DVAO,2017.0705,57779,1933,0.843292,0.1442,0.000814,0.000698,0.007253,7.0718653374,125.61286989519999,99.94349
DVAO,2017.0732,57780,1933,0.843436,0.143438,0.000804,0.000688,0.021567,7.0718653305,125.6128698965,99.94735
DVAO,2017.076,57781,1933,0.843578,0.144274,0.000827,0.000711,0.014329,7.071865338,125.61286989780001,99.94507
DVAO,2017.0787,57782,1934,0.843505,0.143427,0.000791,0.000681,0.035782,7.0718653304,125.61286989710001,99.94221
DVAO,2017.0815,57783,1934,0.842114,0.14151,0.000854,0.000722,0.003234,7.071865313,125.61286988449999,99.94556
DVAO,2017.0842,57784,1934,0.84456,0.144166,0.000796,0.000683,0.019165,7.0718653371,125.6128699066,99.94849
DVAO,2017.0869,57785,1934,0.842933,0.145953,0.000818,0.000713,0.005376,7.0718653532,125.6128698919,99.94172
DVAO,2017.0897,57786,1934,0.844063,0.143518,0.00083,0.000707,0.038957,7.0718653312,125.61286990209999,99.94584
DVAO,2017.0924,57787,1934,0.843126,0.143389,0.000787,0.000675,0.04928,7.07186533,125.61286989370001,99.94378
DVAO,2017.0951,57788,1934,0.843292,0.143592,0.000819,0.000681,0.009284,7.0718653319,125.61286989519999,99.94546
DVAO,2017.0979,57789,1935,0.842114,0.143165,0.000809,0.000688,0.017914,7.071865328,125.61286988449999,99.94926
DVAO,2017.1006,57790,1935,0.844921,0.143459,0.000844,0.000701,0.021746,7.0718653307,125.61286990990001,99.96116
DVAO,2017.1034,57791,1935,0.844767,0.145986,0.000812,0.000696,-0.010097,7.0718653535,125.61286990849999,99.94968
DVAO,2017.1061,57792,1935,0.84352,0.144683,0.000852,0.000723,0.022755,7.0718653417,125.6128698972,99.95828
DVAO,2017.1088,57793,1935,0.841486,0.144693,0.000827,0.000697,0.000191,7.0718653418,125.61286987880001,99.94162
DVAO,2017.1116,57794,1935,0.841514,0.145301,0.000847,0.000703,0.022029,7.0718653473,125.6128698791,99.94663
DVAO,2017.1143,57795,1935,0.841483,0.14462,0.000806,0.000691,-0.00043,7.0718653412,125.61286987880001,99.94627
DVAO,2017.117,57796,1936,0.8397,0.143996,0.000859,0.000692,-0.033755,7.0718653355,125.6128698627,99.93814
DVAO,2017.1198,57797,1936,0.839137,0.144632,0.000803,0.000676,0.015635,7.0718653413,125.6128698576,99.94223
DVAO,2017.1225,57798,1936,0.839672,0.144888,0.000825,0.000687,0.037874,7.0718653436,125.6128698624,99.94408
DVAO,2017.1253,57799,1936,0.840678,0.143543,0.000822,0.000718,0.014326,7.0718653314,125.61286987150001,99.94767
DVAO,2017.128,57800,1936,0.841365,0.142612,0.000826,0.0007,-0.012173,7.071865323,125.6128698777,99.94647
DVAO,2017.1307,57801,1936,0.841133,0.143494,0.000809,0.000701,0.022889,7.071865331,125.61286987560001,99.93988
DVAO,2017.1335,57802,1936,0.842293,0.141508,0.000825,0.000702,0.040523,7.071865313,125.61286988609999,99.94643
DVAO,2017.1362,57803,1937,0.84046,0.144346,0.000812,0.000697,0.011071,7.0718653387,125.6128698695,99.94398
DVAO,2017.1389,57804,1937,0.839427,0.143719,0.000814,0.00069,0.017427,7.071865333,125.6128698602,99.9433
DVAO,2017.1417,57805,1937,0.84038,0.143632,0.000811,0.000696,0.014813,7.0718653322,125.6128698688,99.95007
DVAO,2017.1444,57806,1937,0.841039,0.14343,0.000803,0.000694,0.016015,7.0718653304,125.6128698748,99.9429
DVAO,2017.1472,57807,1937,0.841622,0.142988,0.000925,0.000752,-0.001238,7.0718653264,125.61286988,99.94424
DVAO,2017.1499,57808,1937,0.841517,0.143788,0.000862,0.000734,0.011217,7.0718653336,125.6128698791,99.944
DVAO,2017.1526,57809,1937,0.840143,0.14499,0.000886,0.000741,0.013176,7.0718653445,125.61286986670001,99.94467
DVAO,2017.1554,57810,1938,0.840632,0.143103,0.00083,0.000705,0.022585,7.0718653274,125.6128698711,99.94566
DVAO,2017.1581,57811,1938,0.83767,0.142501,0.000854,0.000758,0.057234,7.071865322,125.61286984430001,99.94938
DVAO,2017.1608,57812,1938,0.838893,0.144078,0.0009,0.000751,0.022865,7.0718653363,125.61286985539999,99.94491
DVAO,2017.1636,57813,1938,0.840908,0.14379,0.000917,0.000754,0.002206,7.0718653337,125.6128698736,99.94162
DVAO,2017.1663,57814,1938,0.837312,0.14378,0.000861,0.000716,-0.015858,7.0718653336,125.61286984099999,99.94778
DVAO,2017.1691,57815,1938,0.837682,0.141712,0.000795,0.000673,-0.003832,7.0718653149,125.6128698444,99.95057
DVAO,2017.1718,57816,1938,0.836786,0.142692,0.000816,0.000688,0.017924,7.0718653237,125.6128698363,99.95216
DVAO,2017.1745,57817,1939,0.836864,0.144184,0.000885,0.000725,-0.012414,7.0718653372,125.612869837,99.9512
DVAO,2017.1773,57818,1939,0.83746,0.142457,0.000879,0.000713,0.024289,7.0718653216,125.61286984239999,99.9505
DVAO,2017.18,57819,1939,0.834833,0.140576,0.000842,0.000731,0.012649,7.0718653046,125.61286981859999,99.94791
DVAO,2017.1828,57820,1939,0.835867,0.144844,0.00085,0.000715,-0.029948,7.0718653432,125.61286982799999,99.94721
DVAO,2017.1855,57821,1939,0.836716,0.142964,0.00083,0.000699,0.043546,7.0718653262,125.61286983560001,99.94036
DVAO,2017.1882,57822,1939,0.838694,0.141838,0.000828,0.000701,-0.000546,7.071865316,125.6128698535,99.94205
DVAO,2017.191,57823,1939,0.837019,0.144784,0.000814,0.000695,0.002791,7.0718653427,125.6128698384,99.94549
DVAO,2017.1937,57824,1940,0.83829,0.145906,0.000843,0.000731,0.019756,7.0718653528,125.6128698499,99.94552
DVAO,2017.1964,57825,1940,0.838076,0.145296,0.000901,0.000777,0.01395,7.0718653473,125.612869848,99.95332
DVAO,2017.1992,57826,1940,0.835364,0.142007,0.000875,0.000757,0.056715,7.0718653175,125.61286982339999,99.9472
DVAO,2017.2019,57827,1940,0.836116,0.143181,0.00081,0.000704,0.025234,7.0718653282,125.6128698302,99.9503
DVAO,2017.2047,57828,1940,0.837592,0.144173,0.000844,0.00071,0.033805,7.0718653371,125.61286984360001,99.94575
DVAO,2017.2074,57829,1940,0.836787,0.143346,0.000877,0.000719,0.033926,7.0718653296,125.6128698363,99.95089
DVAO,2017.2101,57830,1940,0.837173,0.142306,0.000871,0.000728,-0.015201,7.0718653202,125.6128698398,99.94914
DVAO,2017.2129,57831,1941,0.836543,0.143546,0.000794,0.000684,0.013747,7.0718653315,125.6128698341,99.94578
DVAO,2017.2156,57832,1941,0.837331,0.142942,0.0008,0.00069,0.022918,7.071865326,125.6128698412,99.94888
DVAO,2017.2183,57833,1941,0.837054,0.14453,0.000824,0.0007,0.018478,7.0718653404,125.6128698387,99.94828
DVAO,2017.2211,57834,1941,0.836894,0.1416,0.000834,0.000695,0.024808,7.0718653139,125.6128698373,99.94386
DVAO,2017.2238,57835,1941,0.837894,0.144333,0.000858,0.000735,-0.029221,7.0718653386,125.61286984629999,99.95369
DVAO,2017.2266,57836,1941,0.838257,0.144519,0.000869,0.000729,0.014511,7.0718653403,125.6128698496,99.94731
DVAO,2017.2293,57837,1941,0.83588,0.142797,0.000882,0.000742,0.018531,7.0718653247,125.6128698281,99.94577
DVAO,2017.232,57838,1942,0.833856,0.142137,0.00085,0.000722,0.013119,7.0718653187,125.6128698098,99.95206
DVAO,2017.2348,57839,1942,0.83766,0.141495,0.000895,0.000762,0.023736,7.0718653129,125.61286984419999,99.95026
DVAO,2017.2375,57840,1942,0.831746,0.140947,0.00087,0.000735,0.015517,7.071865308,125.61286979069999,99.93877
DVAO,2017.2402,57841,1942,0.835262,0.1438,0.000832,0.000705,-0.035743,7.0718653338,125.61286982249999,99.94727
DVAO,2017.243,57842,1942,0.83328,0.143512,0.000854,0.000715,0.013184,7.0718653311,125.61286980450001,99.94881
DVAO,2017.2457,57843,1942,0.832967,0.141861,0.000801,0.000681,0.011918,7.0718653162,125.61286980169999,99.95229
DVAO,2017.2485,57844,1942,0.83487,0.144201,0.000818,0.00069,-0.020288,7.0718653374,125.61286981890001,99.94906
DVAO,2017.2512,57845,1943,0.832805,0.143503,0.000811,0.000688,2.7e-05,7.0718653311,125.6128698002,99.94686
DVAO,2017.2539,57846,1943,0.835798,0.141468,0.00083,0.000717,-0.015887,7.0718653127,125.61286982729999,99.95802
DVAO,2017.2567,57847,1943,0.834236,0.141762,0.000852,0.000715,0.007823,7.0718653153,125.6128698132,99.94925
DVAO,2017.2594,57848,1943,0.834311,0.144808,0.000846,0.000713,-0.00716,7.0718653429,125.6128698139,99.95491
DVAO,2017.2621,57849,1943,0.835619,0.140846,0.000829,0.000714,-0.000498,7.071865307,125.61286982569999,99.94493
DVAO,2017.2649,57850,1943,0.832832,0.142283,0.000839,0.000712,0.00022,7.07186532,125.6128698005,99.94001
DVAO,2017.2676,57851,1943,0.835119,0.142045,0.000831,0.000706,-0.016234,7.0718653179,125.61286982120001,99.94948
DVAO,2017.2704,57852,1944,0.835016,0.144345,0.000815,0.000697,0.003183,7.0718653387,125.6128698203,99.95129
DVAO,2017.2731,57853,1944,0.835278,0.143666,0.000837,0.000714,0.010752,7.0718653325,125.6128698226,99.95621
DVAO,2017.2758,57854,1944,0.832967,0.142814,0.000822,0.000688,-0.021555,7.0718653248,125.61286980169999,99.95552
DVAO,2017.2786,57855,1944,0.835352,0.142384,0.00083,0.000694,0.004546,7.071865321,125.6128698233,99.95235
DVAO,2017.2813,57856,1944,0.832597,0.141047,0.000833,0.000707,-0.010013,7.0718653089,125.6128697984,99.94977
DVAO,2017.2841,57857,1944,0.833089,0.143796,0.000851,0.000704,0.02392,7.0718653337,125.61286980279999,99.95234
DVAO,2017.2868,57858,1944,0.833071,0.144053,0.000818,0.000699,0.007928,7.071865336,125.6128698027,99.94615
DVAO,2017.2895,57859,1945,0.833016,0.141,0.000808,0.000695,0.022688,7.0718653084,125.61286980220001,99.94586
DVAO,2017.2923,57860,1945,0.833086,0.142034,0.000822,0.000693,-0.007842,7.0718653178,125.61286980279999,99.94858
DVAO,2017.295,57861,1945,0.833393,0.140239,0.000849,0.000716,-0.001102,7.0718653016,125.61286980560001,99.95624
DVAO,2017.2977,57862,1945,0.832084,0.142769,0.000833,0.000711,0.024675,7.0718653244,125.61286979370001,99.94898
DVAO,2017.3005,57863,1945,0.831506,0.141656,0.000875,0.000731,0.030539,7.0718653144,125.6128697885,99.95653
DVAO,2017.3032,57864,1945,0.832071,0.142291,0.00081,0.000683,0.035637,7.0718653201,125.6128697936,99.95404
DVAO,2017.306,57865,1945,0.829662,0.141471,0.000894,0.000775,0.044594,7.0718653127,125.6128697718,99.95873
DVAO,2017.3087,57866,1946,0.83182,0.140327,0.000853,0.000731,-0.036628,7.0718653024,125.6128697913,99.95463
DVAO,2017.3114,57867,1946,0.831074,0.145213,0.000864,0.000721,-0.042139,7.0718653465,125.61286978460001,99.9394
DVAO,2017.3142,57868,1946,0.829335,0.146658,0.000916,0.000755,-0.050132,7.0718653596,125.61286976880001,99.96542
DVAO,2017.3169,57869,1946,0.834668,0.141744,0.000844,0.000717,0.019748,7.0718653152,125.6128698171,99.94529
DVAO,2017.3196,57870,1946,0.831137,0.1442,0.000825,0.000723,0.037238,7.0718653374,125.6128697851,99.95548
DVAO,2017.3224,57871,1946,0.831597,0.142727,0.000866,0.000736,0.031329,7.0718653241,125.61286978929999,99.94755
DVAO,2017.3251,57872,1946,0.830462,0.14314,0.000825,0.000711,-0.009009,7.0718653278,125.612869779,99.93986
DVAO,2017.3279,57873,1947,0.830224,0.140457,0.000826,0.000697,0.00022,7.0718653035,125.6128697769,99.94547
DVAO,2017.3306,57874,1947,0.830078,0.141071,0.00088,0.000753,-0.008748,7.0718653091,125.61286977559999,99.94981
DVAO,2017.3333,57875,1947,0.828625,0.141888,0.000819,0.000696,0.016848,7.0718653165,125.61286976240001,99.95104
DVAO,2017.3361,57876,1947,0.829495,0.144917,0.000895,0.000754,0.057382,7.0718653439,125.6128697703,99.95963
DVAO,2017.3388,57877,1947,0.828265,0.14208,0.000815,0.000703,0.00392,7.0718653182,125.6128697591,99.95313
DVAO,2017.3415,57878,1947,0.827226,0.142649,0.000871,0.000712,0.007299,7.0718653233,125.6128697497,99.96102
DVAO,2017.3443,57879,1947,0.827884,0.14316,0.000805,0.000682,0.006345,7.071865328,125.61286975569999,99.95012
DVAO,2017.347,57880,1948,0.829265,0.141761,0.000848,0.00073,-0.009486,7.0718653153,125.6128697682,99.95312
DVAO,2017.3498,57881,1948,0.829084,0.141276,0.000852,0.000719,0.007968,7.0718653109,125.6128697666,99.94714
DVAO,2017.3525,57882,1948,0.827663,0.141523,0.000831,0.000701,0.035811,7.0718653132,125.61286975370001,99.95323
DVAO,2017.3552,57883,1948,0.829252,0.14333,0.000826,0.000705,0.016753,7.0718653295,125.61286976810001,99.94928
DVAO,2017.358,57884,1948,0.826643,0.143549,0.000818,0.000717,0.028668,7.0718653315,125.61286974449999,99.95487
DVAO,2017.3607,57885,1948,0.828287,0.141217,0.000815,0.000715,0.020392,7.0718653104,125.6128697593,99.94684
DVAO,2017.3634,57886,1948,0.827657,0.143471,0.000788,0.000682,-0.004701,7.0718653308,125.6128697536,99.95361
DVAO,2017.3662,57887,1949,0.830953,0.143478,0.00082,0.000692,0.018497,7.0718653308,125.6128697835,99.94434
DVAO,2017.3689,57888,1949,0.828441,0.142313,0.000845,0.000719,0.00844,7.0718653203,125.6128697607,99.95165
DVAO,2017.3717,57889,1949,0.830049,0.142915,0.000824,0.000722,0.015808,7.0718653258,125.6128697753,99.95704
DVAO,2017.3744,57890,1949,0.828277,0.143818,0.000833,0.000724,0.038752,7.0718653339,125.6128697593,99.94515
DVAO,2017.3771,57891,1949,0.827217,0.142342,0.000816,0.000712,0.048966,7.0718653206,125.6128697497,99.94965
DVAO,2017.3799,57892,1949,0.825659,0.143963,0.0009,0.000776,0.094641,7.0718653352,125.61286973559999,99.95586
DVAO,2017.3826,57893,1949,0.828948,0.144984,0.000851,0.000725,-0.006516,7.0718653445,125.61286976529999,99.94949
DVAO,2017.3854,57894,1950,0.827809,0.145743,0.000838,0.000727,0.03218,7.0718653513,125.61286975499999,99.93802
DVAO,2017.3881,57895,1950,0.828597,0.144922,0.00081,0.000684,0.045041,7.0718653439,125.61286976209999,99.94576
DVAO,2017.3908,57896,1950,0.829909,0.143771,0.000853,0.000722,0.021915,7.0718653335,125.61286977399999,99.95421
DVAO,2017.3936,57897,1950,0.828202,0.143857,0.000813,0.000702,-0.006828,7.0718653343,125.6128697586,99.9401
DVAO,2017.3963,57898,1950,0.827283,0.143359,0.000818,0.000701,0.006627,7.0718653298,125.6128697503,99.95213
DVAO,2017.399,57899,1950,0.828413,0.145302,0.000829,0.000714,0.024457,7.0718653473,125.61286976049999,99.95185
DVAO,2017.4018,57900,1950,0.828012,0.1432,0.000817,0.000699,-0.006236,7.0718653283,125.61286975690001,99.94321
DVAO,2017.4045,57901,1951,0.829056,0.144548,0.000835,0.000703,0.014123,7.0718653405,125.61286976630001,99.94208
DVAO,2017.4073,57902,1951,0.827516,0.142878,0.000846,0.000755,0.010439,7.0718653254,125.6128697524,99.95246
DVAO,2017.41,57903,1951,0.827859,0.144503,0.000848,0.000715,-0.028575,7.0718653401,125.61286975549999,99.9469
DVAO,2017.4127,57904,1951,0.831352,0.145816,0.000814,0.000692,0.026516,7.071865352,125.61286978710001,99.9393
DVAO,2017.4155,57905,1951,0.828157,0.145184,0.000816,0.000686,0.012328,7.0718653463,125.61286975819999,99.9459
DVAO,2017.4182,57906,1951,0.831641,0.144313,0.000858,0.000751,-0.02651,7.0718653384,125.6128697897,99.95433
DVAO,2017.4209,57907,1951,0.829329,0.145408,0.000854,0.000733,0.008466,7.0718653483,125.61286976880001,99.93315
DVAO,2017.4237,57908,1952,0.829092,0.144648,0.000856,0.000736,-0.007542,7.0718653414,125.6128697666,99.94352
DVAO,2017.4264,57909,1952,0.828827,0.145469,0.000865,0.000718,-0.016003,7.0718653488,125.61286976420001,99.94328
DVAO,2017.4292,57910,1952,0.82773,0.143129,0.000816,0.000707,0.014685,7.0718653277,125.6128697543,99.95614
DVAO,2017.4319,57911,1952,0.826726,0.145251,0.00079,0.000682,0.007242,7.0718653469,125.61286974519999,99.94644
DVAO,2017.4346,57912,1952,0.829476,0.145706,0.000828,0.000708,-0.005132,7.071865351,125.61286977009999,99.94582
DVAO,2017.4374,57913,1952,0.825761,0.142905,0.000803,0.00069,0.029453,7.0718653257,125.61286973649999,99.9418
DVAO,2017.4401,57914,1952,0.82641,0.145255,0.00081,0.000711,-0.00787,7.0718653469,125.6128697424,99.94379
DVAO,2017.4428,57915,1953,0.82534,0.144148,0.00084,0.00072,0.024801,7.0718653369,125.6128697327,99.94259
DVAO,2017.4456,57916,1953,0.826452,0.14425,0.000833,0.000729,0.045077,7.0718653378,125.61286974270001,99.94509
DVAO,2017.4483,57917,1953,0.823895,0.146707,0.000833,0.00074,0.017876,7.07186536,125.61286971960001,99.94349
DVAO,2017.4511,57918,1953,0.826753,0.144829,0.000862,0.000751,0.018032,7.0718653431,125.6128697455,99.93801
DVAO,2017.4538,57919,1953,0.826739,0.145153,0.000863,0.000726,-0.004227,7.071865346,125.6128697453,99.94666
DVAO,2017.4565,57920,1953,0.826853,0.14405,0.000849,0.000716,-1.1e-05,7.071865336,125.61286974640001,99.94241
DVAO,2017.4593,57921,1953,0.825966,0.142827,0.000871,0.000744,-0.002016,7.071865325,125.61286973829999,99.94618
DVAO,2017.462,57922,1954,0.826406,0.144813,0.00082,0.000707,-0.007231,7.0718653429,125.6128697423,99.94538
DVAO,2017.4648,57923,1954,0.827871,0.146318,0.000827,0.00072,0.001304,7.0718653565,125.6128697556,99.95371
DVAO,2017.4675,57924,1954,0.827245,0.144729,0.000842,0.000722,-0.003473,7.0718653422,125.6128697499,99.94194
DVAO,2017.4702,57925,1954,0.825999,0.145196,0.000829,0.000717,0.020035,7.0718653464,125.61286973860001,99.94936
DVAO,2017.473,57926,1954,0.825586,0.145646,0.000819,0.000713,0.010657,7.0718653504,125.61286973489999,99.94281
DVAO,2017.4757,57927,1954,0.823503,0.14579,0.00085,0.000726,0.042608,7.0718653517,125.612869716,99.95016
DVAO,2017.4784,57928,1954,0.826059,0.145278,0.000786,0.000686,0.023492,7.0718653471,125.6128697392,99.94281
DVAO,2017.4812,57929,1955,0.827075,0.147433,0.000835,0.000694,0.012821,7.0718653666,125.61286974839999,99.94379
DVAO,2017.4839,57930,1955,0.82388,0.144384,0.000815,0.000697,0.022118,7.071865339,125.6128697195,99.94676
DVAO,2017.4867,57931,1955,0.823116,0.147042,0.000816,0.000696,0.007099,7.0718653631,125.61286971249999,99.93992
DVAO,2017.4894,57932,1955,0.823514,0.144534,0.000818,0.000717,0.006523,7.0718653404,125.6128697161,99.94177
DVAO,2017.4921,57933,1955,0.824417,0.145603,0.000821,0.000702,0.011605,7.0718653501,125.6128697243,99.94439
DVAO,2017.4949,57934,1955,0.826311,0.145864,0.000823,0.000718,0.021497,7.0718653524,125.61286974149999,99.94537
DVAO,2017.4976,57935,1955,0.829015,0.145164,0.000852,0.000731,0.0017,7.0718653461,125.6128697659,99.94475
DVAO,2017.5003,57936,1956,0.826116,0.14722,0.000783,0.00068,-0.001972,7.0718653647,125.61286973969999,99.9444
DVAO,2017.5031,57937,1956,0.824347,0.147287,0.000798,0.0007,-0.022353,7.0718653653,125.61286972369999,99.94488
DVAO,2017.5058,57938,1956,0.825227,0.146439,0.000806,0.000688,-0.000172,7.0718653576,125.61286973169999,99.94474
DVAO,2017.5086,57939,1956,0.825632,0.146281,0.00083,0.0007,0.028384,7.0718653562,125.6128697353,99.95253
DVAO,2017.5113,57940,1956,0.826569,0.143322,0.000897,0.000745,-0.048442,7.0718653294,125.61286974379999,99.9491
DVAO,2017.514,57941,1956,0.826664,0.145996,0.000839,0.000705,0.002559,7.0718653536,125.61286974469999,99.94338
DVAO,2017.5168,57942,1956,0.825506,0.145631,0.000805,0.000694,0.008265,7.0718653503,125.61286973419999,99.93668
DVAO,2017.5195,57943,1957,0.8229,0.147675,0.000828,0.000682,-0.028791,7.0718653688,125.6128697106,99.94265
DVAO,2017.5222,57944,1957,0.82431,0.147346,0.000858,0.000721,0.002364,7.0718653658,125.61286972330001,99.94448
DVAO,2017.525,57945,1957,0.825175,0.145632,0.000812,0.000691,0.026823,7.0718653503,125.61286973119999,99.9379
DVAO,2017.5277,57946,1957,0.824355,0.147893,0.000819,0.000698,0.020781,7.0718653708,125.6128697238,99.93897
DVAO,2017.5305,57947,1957,0.823314,0.147056,0.000794,0.000696,0.049248,7.0718653632,125.61286971429999,99.94257
DVAO,2017.5332,57948,1957,0.823985,0.146264,0.000812,0.000694,-0.017292,7.071865356,125.6128697204,99.94645
DVAO,2017.5359,57949,1957,0.824926,0.147184,0.000844,0.000711,-0.031483,7.0718653644,125.6128697289,99.93999
DVAO,2017.5387,57950,1958,0.824139,0.142933,0.000884,0.000765,-0.016298,7.0718653259,125.6128697218,99.94085
DVAO,2017.5414,57951,1958,0.824825,0.145377,0.000835,0.000715,0.032752,7.071865348,125.61286972799999,99.93934
DVAO,2017.5441,57952,1958,0.823735,0.146842,0.000824,0.000706,-0.003169,7.0718653613,125.6128697181,99.93873
DVAO,2017.5469,57953,1958,0.822707,0.148181,0.000836,0.000713,-0.004423,7.0718653734,125.61286970879999,99.939
DVAO,2017.5496,57954,1958,0.822238,0.146673,0.000785,0.000689,-0.009203,7.0718653597,125.6128697046,99.93717
DVAO,2017.5524,57955,1958,0.823697,0.146412,0.000782,0.000692,0.027112,7.0718653574,125.61286971780001,99.93757
DVAO,2017.5551,57956,1958,0.823214,0.146194,0.000769,0.000683,0.030628,7.0718653554,125.61286971339999,99.94055
DVAO,2017.5578,57957,1959,0.823141,0.146075,0.0008,0.000711,0.04796,7.0718653543,125.6128697128,99.93971
DVAO,2017.5606,57958,1959,0.822633,0.146084,0.000807,0.000698,0.00815,7.0718653544,125.61286970820001,99.93887
DVAO,2017.5633,57959,1959,0.823378,0.146349,0.000827,0.000715,-0.031374,7.0718653568,125.6128697149,99.93485
DVAO,2017.5661,57960,1959,0.824488,0.147784,0.000808,0.000693,0.01717,7.0718653698,125.612869725,99.9308
DVAO,2017.5688,57961,1959,0.825796,0.14517,0.000837,0.000712,0.017231,7.0718653461,125.61286973680001,99.93834
DVAO,2017.5715,57962,1959,0.825278,0.14503,0.000829,0.000705,0.023487,7.0718653449,125.6128697321,99.94046
DVAO,2017.5743,57963,1959,0.823687,0.14691,0.000833,0.000705,-0.013437,7.0718653619,125.6128697177,99.94166
DVAO,2017.577,57964,1960,0.823314,0.146468,0.000818,0.00073,-0.000931,7.0718653579,125.61286971429999,99.93193
DVAO,2017.5797,57965,1960,0.824395,0.146661,0.000816,0.000702,0.013434,7.0718653596,125.6128697241,99.93584
DVAO,2017.5825,57966,1960,0.823404,0.146796,0.000772,0.000676,0.021583,7.0718653608,125.6128697151,99.93619
DVAO,2017.5852,57967,1960,0.821083,0.144891,0.000803,0.0007,0.041632,7.0718653436,125.6128696941,99.93588
DVAO,2017.588,57968,1960,0.824388,0.14564,0.000805,0.000702,0.014476,7.0718653504,125.6128697241,99.94168
DVAO,2017.5907,57969,1960,0.823168,0.147504,0.000845,0.00074,0.026919,7.0718653672,125.61286971300001,99.94297
DVAO,2017.5934,57970,1960,0.821105,0.146251,0.000833,0.000731,-0.007129,7.0718653559,125.6128696943,99.93943
DVAO,2017.5962,57971,1961,0.824947,0.147964,0.000856,0.000733,0.006164,7.0718653714,125.6128697291,99.9426
DVAO,2017.5989,57972,1961,0.822448,0.147136,0.000789,0.000691,0.029729,7.0718653639,125.61286970649999,99.93939
DVAO,2017.6016,57973,1961,0.823504,0.147027,0.000836,0.00073,0.007116,7.0718653629,125.6128697161,99.93344
DVAO,2017.6044,57974,1961,0.821525,0.145989,0.000831,0.000714,-0.004831,7.0718653535,125.61286969810001,99.9472
DVAO,2017.6071,57975,1961,0.822774,0.147098,0.000804,0.000706,0.036724,7.0718653636,125.6128697094,99.93386
DVAO,2017.6099,57976,1961,0.821687,0.145585,0.000839,0.000723,-1.9e-05,7.0718653499,125.6128696996,99.93218
DVAO,2017.6126,57977,1961,0.823121,0.147873,0.000807,0.0007,0.013422,7.0718653706,125.6128697126,99.9399
DVAO,2017.6153,57978,1962,0.822854,0.148189,0.00082,0.000714,0.038437,7.0718653734,125.61286971019999,99.93906
DVAO,2017.6181,57979,1962,0.821127,0.146015,0.000817,0.000703,0.025577,7.0718653538,125.6128696945,99.94271
DVAO,2017.6208,57980,1962,0.820014,0.145943,0.000818,0.000712,0.006187,7.0718653531,125.6128696845,99.94037
DVAO,2017.6235,57981,1962,0.820446,0.147208,0.000825,0.000717,0.004403,7.0718653646,125.6128696884,99.94054
DVAO,2017.6263,57982,1962,0.821701,0.146073,0.000849,0.000742,0.049931,7.0718653543,125.61286969970001,99.93926
DVAO,2017.629,57983,1962,0.820117,0.146257,0.000866,0.000747,0.062166,7.071865356,125.6128696854,99.93964
DVAO,2017.6318,57984,1962,0.820976,0.146545,0.000832,0.000714,0.027277,7.0718653586,125.6128696932,99.94024
DVAO,2017.6345,57985,1963,0.82041,0.147135,0.000827,0.000715,0.035887,7.0718653639,125.61286968799999,99.93951
DVAO,2017.6372,57986,1963,0.818463,0.146353,0.00083,0.000725,0.003648,7.0718653568,125.61286967039999,99.93476
DVAO,2017.64,57987,1963,0.819407,0.145952,0.000795,0.000678,0.002743,7.0718653532,125.612869679,99.93481
DVAO,2017.6427,57988,1963,0.820855,0.144968,0.000821,0.000706,-0.00965,7.0718653443,125.61286969209999,99.94041
DVAO,2017.6454,57989,1963,0.819791,0.145809,0.000803,0.000689,0.027948,7.0718653519,125.6128696824,99.93547
DVAO,2017.6482,57990,1963,0.820995,0.145179,0.000857,0.00074,-0.032881,7.0718653462,125.61286969330001,99.93836
DVAO,2017.6509,57991,1963,0.820608,0.147867,0.000823,0.000708,-0.003181,7.0718653705,125.6128696898,99.94174
DVAO,2017.6537,57992,1964,0.819046,0.147773,0.000822,0.000699,0.001539,7.0718653697,125.61286967570001,99.94401
DVAO,2017.6564,57993,1964,0.817015,0.147636,0.000831,0.000713,0.006649,7.0718653684,125.6128696573,99.94324
DVAO,2017.6591,57994,1964,0.819148,0.143354,0.000838,0.000702,0.004004,7.0718653297,125.61286967660001,99.93797
DVAO,2017.6619,57995,1964,0.816906,0.145232,0.00083,0.000705,-0.00636,7.0718653467,125.6128696563,99.94487
DVAO,2017.6646,57996,1964,0.817908,0.146181,0.00087,0.000738,0.029734,7.0718653553,125.61286966540001,99.93164
DVAO,2017.6674,57997,1964,0.815071,0.1465,0.000885,0.000733,-0.008223,7.0718653582,125.6128696397,99.93753
DVAO,2017.6701,57998,1964,0.819634,0.144975,0.00083,0.000708,0.004698,7.0718653444,125.612869681,99.93604
DVAO,2017.6728,57999,1965,0.81984,0.143424,0.000862,0.000747,-0.034792,7.0718653304,125.6128696829,99.94872
DVAO,2017.6756,58000,1965,0.819311,0.146816,0.000842,0.000714,0.015663,7.071865361,125.6128696781,99.94153
DVAO,2017.6783,58001,1965,0.819113,0.146195,0.00088,0.000732,0.003305,7.0718653554,125.6128696763,99.94094
DVAO,2017.681,58002,1965,0.818589,0.145574,0.000824,0.000714,-0.029059,7.0718653498,125.61286967160001,99.94155
DVAO,2017.6838,58003,1965,0.818525,0.143085,0.000858,0.000736,0.006719,7.0718653273,125.612869671,99.94218
DVAO,2017.6865,58004,1965,0.819013,0.145414,0.00086,0.00072,-0.020883,7.0718653483,125.61286967539999,99.94475
DVAO,2017.6893,58005,1965,0.820167,0.146792,0.000858,0.00073,-0.041603,7.0718653608,125.6128696859,99.93983
DVAO,2017.692,58006,1966,0.818829,0.144317,0.000834,0.000715,0.000549,7.0718653384,125.6128696737,99.94059
DVAO,2017.6947,58007,1966,0.823483,0.145341,0.000853,0.000719,-0.010194,7.0718653477,125.61286971589999,99.93426
DVAO,2017.6975,58008,1966,0.818365,0.144797,0.00081,0.00069,0.009553,7.0718653428,125.61286966949999,99.93971
DVAO,2017.7002,58009,1966,0.818687,0.145818,0.000818,0.000713,0.023812,7.071865352,125.6128696724,99.93597
DVAO,2017.7029,58010,1966,0.817408,0.143593,0.000899,0.000804,0.019305,7.0718653319,125.6128696609,99.93594
DVAO,2017.7057,58011,1966,0.819605,0.146036,0.000836,0.000733,0.020775,7.071865354,125.6128696808,99.94311
DVAO,2017.7084,58012,1966,0.817205,0.147423,0.000823,0.000706,-0.011415,7.0718653665,125.61286965900001,99.9349
DVAO,2017.7112,58013,1967,0.818754,0.145749,0.000844,0.000719,0.016466,7.0718653514,125.6128696731,99.9307
DVAO,2017.7139,58014,1967,0.818629,0.144707,0.00087,0.000717,-0.026311,7.071865342,125.6128696719,99.92976
DVAO,2017.7166,58015,1967,0.818609,0.145627,0.000819,0.000702,0.016517,7.0718653503,125.6128696717,99.94
DVAO,2017.7194,58016,1967,0.819379,0.147007,0.000855,0.000729,-0.056413,7.0718653628,125.61286967870001,99.93546
DVAO,2017.7221,58017,1967,0.81884,0.145551,0.000801,0.00068,0.023584,7.0718653496,125.61286967379999,99.94185
DVAO,2017.7248,58018,1967,0.819474,0.14552,0.000848,0.000714,-0.019391,7.0718653493,125.61286967960001,99.93846
DVAO,2017.7276,58019,1967,0.820024,0.145345,0.000853,0.000726,0.028232,7.0718653477,125.61286968460001,99.93244
DVAO,2017.7303,58020,1968,0.819278,0.145301,0.00089,0.000755,0.009156,7.0718653473,125.6128696778,99.9387
DVAO,2017.7331,58021,1968,0.817929,0.144615,0.000853,0.000722,0.010627,7.0718653411,125.61286966559999,99.93949
DVAO,2017.7358,58022,1968,0.818558,0.146453,0.000882,0.000757,0.014826,7.0718653577,125.61286967129999,99.94112
DVAO,2017.7385,58023,1968,0.818623,0.14447,0.000801,0.000691,-0.002729,7.0718653398,125.6128696719,99.93766
DVAO,2017.7413,58024,1968,0.818869,0.143584,0.000844,0.000718,0.034385,7.0718653318,125.61286967410001,99.93882
DVAO,2017.744,58025,1968,0.819234,0.142837,0.000854,0.000715,-0.019428,7.071865325,125.6128696774,99.93904
DVAO,2017.7467,58026,1968,0.81883,0.144233,0.000828,0.00072,0.016648,7.0718653377,125.6128696737,99.93864
DVAO,2017.7495,58027,1969,0.819118,0.14366,0.000837,0.000713,-0.009872,7.0718653325,125.61286967640001,99.93643
DVAO,2017.7522,58028,1969,0.817778,0.14454,0.000839,0.000713,0.033859,7.0718653404,125.61286966419999,99.94066
DVAO,2017.755,58029,1969,0.82106,0.145202,0.000889,0.00075,-0.015882,7.0718653464,125.6128696939,99.94155
DVAO,2017.7577,58030,1969,0.818898,0.145893,0.000869,0.000751,-0.028854,7.0718653527,125.6128696744,99.93402
DVAO,2017.7604,58031,1969,0.821487,0.14557,0.000915,0.000791,-0.016493,7.0718653498,125.6128696978,99.94035
DVAO,2017.7632,58032,1969,0.820201,0.143803,0.000929,0.000772,-0.038282,7.0718653338,125.61286968620001,99.93515
DVAO,2017.7659,58033,1969,0.817964,0.142893,0.001022,0.000843,0.029278,7.0718653256,125.6128696659,99.94699
DVAO,2017.7687,58034,1970,0.816841,0.144276,0.000881,0.000749,-0.001263,7.0718653381,125.6128696557,99.94194
DVAO,2017.7714,58035,1970,0.818595,0.143111,0.000898,0.000756,0.041378,7.0718653275,125.61286967160001,99.93568
DVAO,2017.7741,58036,1970,0.817849,0.144987,0.001316,0.001016,-0.031737,7.0718653445,125.61286966489999,99.91476
DVAO,2017.7769,58037,1970,0.812605,0.144637,0.001444,0.001149,-0.143924,7.0718653413,125.61286961740001,99.90932
DVAO,2017.7796,58038,1970,0.814028,0.142442,0.001433,0.001153,-0.129297,7.0718653215,125.6128696303,99.90437
DVAO,2017.7823,58039,1970,0.812743,0.143655,0.0016,0.001154,-0.076171,7.0718653324,125.6128696186,99.90665
DVAO,2017.7851,58040,1970,0.816941,0.141793,0.001402,0.001177,-0.040504,7.0718653156,125.6128696566,99.9231
DVAO,2017.7878,58041,1971,0.817096,0.141627,0.001458,0.001145,0.022911,7.0718653141,125.612869658,99.92608
DVAO,2017.7906,58042,1971,0.812648,0.141817,0.001427,0.001188,-0.088196,7.0718653158,125.61286961779999,99.92971
DVAO,2017.7933,58043,1971,0.815374,0.140985,0.001421,0.001147,-0.150189,7.0718653083,125.61286964249999,99.92364
DVAO,2017.796,58044,1971,0.814099,0.144243,0.001437,0.001251,-0.139083,7.0718653378,125.61286963090001,99.93064
DVAO,2017.7988,58045,1971,0.802065,0.14021,0.002047,0.001164,-0.030031,7.0718653013,125.61286952200001,99.90713
DVAO,2017.8015,58046,1971,0.798477,0.144302,0.002293,0.00121,-0.150191,7.0718653383,125.61286948950001,99.91921
DVAO,2017.8042,58047,1971,0.814389,0.14492,0.00143,0.001201,-0.09997,7.0718653439,125.6128696335,99.91632
DVAO,2017.807,58048,1972,0.812766,0.139183,0.001524,0.001261,-0.13008,7.071865292,125.61286961889999,99.91404
DVAO,2017.8097,58049,1972,0.814475,0.145735,0.001386,0.001119,-0.133765,7.0718653512,125.61286963430001,99.92796
DVAO,2017.8125,58050,1972,0.808813,0.142731,0.001562,0.001145,-0.024733,7.0718653241,125.61286958310001,99.90473
DVAO,2017.8152,58051,1972,0.809067,0.149755,0.001427,0.00118,-0.177561,7.0718653876,125.6128695854,99.91647
DVAO,2017.8179,58052,1972,0.810204,0.142979,0.001372,0.001206,-0.106059,7.0718653263,125.6128695957,99.93161
DVAO,2017.8207,58053,1972,0.809995,0.142689,0.001483,0.001183,-0.104317,7.0718653237,125.61286959380001,99.92037
DVAO,2017.8234,58054,1972,0.813744,0.142573,0.001446,0.001237,-0.129667,7.0718653227,125.61286962770001,99.91461
DVAO,2017.8261,58055,1973,0.815085,0.142535,0.001437,0.00116,-0.046939,7.0718653223,125.61286963980001,99.91965
DVAO,2017.8289,58056,1973,0.814025,0.143089,0.001417,0.001246,-0.032966,7.0718653273,125.6128696303,99.91346
DVAO,2017.8316,58057,1973,0.809441,0.145852,0.001485,0.001262,-0.079707,7.0718653523,125.61286958880001,99.9136
DVAO,2017.8344,58058,1973,0.808429,0.145068,0.001519,0.001255,0.019482,7.0718653452,125.61286957959999,99.92969
DVAO,2017.8371,58059,1973,0.814311,0.143182,0.001464,0.001203,-0.095851,7.0718653282,125.6128696328,99.91988
DVAO,2017.8398,58060,1973,0.806591,0.144583,0.001517,0.001252,-0.047891,7.0718653408,125.612869563,99.94969
DVAO,2017.8426,58061,1973,0.811862,0.140318,0.001479,0.001202,-0.094768,7.0718653023,125.61286961069999,99.92556
DVAO,2017.8453,58062,1974,0.814992,0.141158,0.00154,0.00118,-0.061171,7.0718653099,125.612869639,99.92561
DVAO,2017.848,58063,1974,0.814641,0.144204,0.00139,0.001172,-0.114599,7.0718653374,125.6128696358,99.91271
DVAO,2017.8508,58064,1974,0.811474,0.143098,0.001485,0.001172,-0.091596,7.0718653274,125.6128696072,99.91378
DVAO,2017.8535,58065,1974,0.813317,0.142281,0.001418,0.001211,-0.071106,7.07186532,125.61286962380001,99.93005
DVAO,2017.8563,58066,1974,0.813089,0.14451,0.001514,0.001187,-0.140072,7.0718653402,125.6128696218,99.91168
DVAO,2017.859,58067,1974,0.816119,0.143436,0.001508,0.001242,-0.031027,7.0718653305,125.61286964920001,99.90844
DVAO,2017.8617,58068,1974,0.815602,0.144675,0.001463,0.001265,-0.011844,7.0718653417,125.6128696445,99.90856
DVAO,2017.8645,58069,1975,0.814025,0.144124,0.001369,0.001208,-0.137662,7.0718653367,125.6128696303,99.91656
DVAO,2017.8672,58070,1975,0.822045,0.143849,0.001382,0.001208,-0.030017,7.0718653342,125.6128697028,99.92104
DVAO,2017.87,58071,1975,0.812008,0.139769,0.001405,0.00123,-0.152473,7.0718652973,125.612869612,99.89417
DVAO,2017.8727,58072,1975,0.814838,0.142123,0.001334,0.00111,-0.096224,7.0718653186,125.6128696376,99.9038
DVAO,2017.8754,58073,1975,0.825263,0.140664,0.001928,0.001221,-0.048895,7.0718653054,125.61286973200001,99.88673
DVAO,2017.8782,58074,1975,0.815029,0.140136,0.001483,0.001204,-0.018641,7.0718653006,125.61286963929999,99.91932
DVAO,2017.8809,58075,1975,0.816794,0.144607,0.001471,0.001271,-0.031999,7.071865341,125.61286965529999,99.92687
DVAO,2017.8836,58076,1976,0.814195,0.138727,0.001463,0.001174,-0.054084,7.0718652879,125.61286963180001,99.91173
DVAO,2017.8864,58077,1976,0.810047,0.139858,0.001471,0.001187,-0.079299,7.0718652981,125.61286959419999,99.93065
DVAO,2017.8891,58078,1976,0.806569,0.141051,0.001553,0.001185,-0.053036,7.0718653089,125.6128695628,99.88433
DVAO,2017.8919,58079,1976,0.809826,0.139919,0.001431,0.001199,-0.058252,7.0718652987,125.61286959220001,99.90983
DVAO,2017.8946,58080,1976,0.810906,0.141708,0.00138,0.001155,0.010038,7.0718653148,125.61286960199999,99.90893
DVAO,2017.9055,58084,1977,0.792071,0.145091,0.002181,0.00129,-0.113949,7.0718653454,125.6128694315,99.92667
DVAO,2017.9083,58085,1977,0.819534,0.147307,0.001445,0.001222,-0.048639,7.0718653655,125.6128696801,99.91287
DVAO,2017.911,58086,1977,0.815353,0.141199,0.00152,0.001201,-0.033298,7.0718653102,125.61286964230001,99.91909
DVAO,2017.9138,58087,1977,0.810893,0.144575,0.00155,0.001404,-0.228003,7.0718653408,125.6128696019,99.91485
DVAO,2017.9165,58088,1977,0.809227,0.139783,0.001552,0.001378,-0.130567,7.0718652974,125.6128695868,99.9251
DVAO,2017.9192,58089,1977,0.809764,0.140529,0.001402,0.001348,-0.235096,7.0718653042,125.61286959169999,99.93611
DVAO,2017.922,58090,1978,0.808728,0.140303,0.001778,0.001511,-0.313659,7.0718653021,125.6128695823,99.9163
DVAO,2017.9247,58091,1978,0.81045,0.136999,0.001501,0.001352,-0.22006,7.0718652723,125.61286959789999,99.90114
DVAO,2017.9274,58092,1978,0.788016,0.140223,0.00196,0.001608,-0.210828,7.0718653014,125.61286939479999,99.92652
DVAO,2017.9302,58093,1978,0.804404,0.13527,0.001878,0.001574,-0.19037,7.0718652566,125.61286954319999,99.93246
DVAO,2017.9329,58094,1978,0.807448,0.139909,0.00153,0.001436,-0.201867,7.0718652986,125.61286957070001,99.91161
DVAO,2017.9357,58095,1978,0.797198,0.14045,0.001969,0.001399,-0.132061,7.0718653035,125.6128694779,99.91586
DVAO,2017.9384,58096,1978,0.806393,0.14577,0.001527,0.001376,-0.221795,7.0718653516,125.6128695612,99.90322
DVAO,2017.9411,58097,1979,0.816199,0.142548,0.00161,0.001443,-0.18059,7.0718653224,125.6128696499,99.91801
DVAO,2017.9439,58098,1979,0.806117,0.141911,0.001642,0.001446,-0.22921,7.0718653167,125.6128695587,99.91947
DVAO,2017.9466,58099,1979,0.799634,0.137883,0.001639,0.001446,-0.116283,7.0718652802,125.61286949999999,99.89484
DVAO,2017.9493,58100,1979,0.794573,0.135712,0.00191,0.001477,-0.142932,7.0718652606,125.6128694542,99.89786
DVAO,2017.9521,58101,1979,0.801885,0.143171,0.001692,0.001484,-0.201344,7.0718653281,125.61286952040001,99.90735
DVAO,2017.9548,58102,1979,0.804295,0.14336,0.001586,0.001407,-0.155529,7.0718653298,125.6128695422,99.91563
DVAO,2017.9576,58103,1979,0.805194,0.145269,0.001642,0.001424,-0.14816,7.071865347,125.61286955029999,99.90678
DVAO,2017.9603,58104,1980,0.809467,0.143643,0.001541,0.001441,-0.166299,7.0718653323,125.61286958900001,99.91688
DVAO,2017.963,58105,1980,0.80833,0.140059,0.001612,0.001435,-0.223523,7.0718652999,125.61286957870001,99.91482
DVAO,2017.9658,58106,1980,0.798687,0.139638,0.002232,0.001565,-0.092653,7.0718652961,125.6128694914,99.88749
DVAO,2017.9685,58107,1980,0.804808,0.13969,0.00171,0.001484,-0.191175,7.0718652966,125.6128695468,99.90595
DVAO,2017.9713,58108,1980,0.811194,0.139572,0.001594,0.001481,-0.202374,7.0718652955,125.61286960460001,99.90821
DVAO,2017.974,58109,1980,0.806598,0.137062,0.001703,0.001499,-0.231382,7.0718652728,125.612869563,99.93446
DVAO,2017.9767,58110,1980,0.794131,0.141561,0.002196,0.001535,-0.10588,7.0718653135,125.61286945020001,99.89389
DVAO,2017.9795,58111,1981,0.775215,0.138578,0.003616,0.001632,0.000564,7.0718652865,125.612869279,99.90406
DVAO,2017.9822,58112,1981,0.806911,0.144093,0.001583,0.001394,-0.269895,7.0718653364,125.61286956590001,99.88924
DVAO,2017.9849,58113,1981,0.805152,0.142604,0.001579,0.001477,-0.232237,7.0718653229,125.61286954990001,99.90443
DVAO,2017.9877,58114,1981,0.798016,0.141641,0.002294,0.001537,-0.138331,7.0718653142,125.6128694853,99.92457
DVAO,2017.9904,58115,1981,0.809075,0.137838,0.001771,0.001619,-0.186016,7.0718652798,125.6128695854,99.92792
DVAO,2017.9932,58116,1981,0.800795,0.137933,0.001625,0.001433,-0.228505,7.0718652807,125.61286951049999,99.91583
DVAO,2017.9959,58117,1981,0.801449,0.143105,0.001504,0.001398,-0.172088,7.0718653275,125.6128695164,99.90583
DVAO,2017.9986,58118,1982,0.809991,0.139081,0.001432,0.00139,-0.138079,7.0718652911,125.6128695937,99.90864
DVAO,2018.0014,58119,1982,0.799338,0.136668,0.001681,0.001499,-0.231207,7.0718652693,125.61286949730001,99.88422
DVAO,2018.0041,58120,1982,0.814804,0.143836,0.001533,0.001432,-0.232503,7.0718653341,125.61286963730001,99.908
DVAO,2018.0068,58121,1982,0.804664,0.139143,0.001519,0.001395,-0.240934,7.0718652916,125.61286954549999,99.90265
DVAO,2018.0096,58122,1982,0.80654,0.141677,0.001648,0.001467,-0.279057,7.0718653146,125.61286956250001,99.91469
DVAO,2018.0123,58123,1982,0.814214,0.14259,0.00175,0.00143,-0.268008,7.0718653228,125.61286963200001,99.91819
DVAO,2018.0151,58124,1982,0.786079,0.143024,0.001701,0.001405,-0.166799,7.0718653267,125.6128693773,99.9087
DVAO,2018.0178,58125,1983,0.803047,0.14481,0.001624,0.001467,-0.178991,7.0718653429,125.61286953090001,99.91275
DVAO,2018.0205,58126,1983,0.792934,0.140435,0.002446,0.00152,-0.239251,7.0718653033,125.6128694393,99.91553
DVAO,2018.0233,58127,1983,0.793269,0.14293,0.002233,0.001482,-0.24352,7.0718653259,125.61286944240001,99.90415
DVAO,2018.026,58128,1983,0.806902,0.142457,0.001517,0.001376,-0.168265,7.0718653216,125.6128695658,99.90834
DVAO,2018.0287,58129,1983,0.809691,0.147622,0.001589,0.00148,-0.206991,7.0718653683,125.61286959099999,99.90623
DVAO,2018.0315,58130,1983,0.795425,0.145685,0.00173,0.001389,-0.25782,7.0718653508,125.6128694619,99.91574
DVAO,2018.0342,58131,1983,0.805585,0.138216,0.00149,0.001407,-0.181238,7.0718652833,125.6128695539,99.89899
DVAO,2018.037,58132,1984,0.803591,0.139655,0.001555,0.001441,-0.231283,7.0718652963,125.6128695358,99.90636
DVAO,2018.0397,58133,1984,0.810778,0.138282,0.001537,0.00137,-0.177628,7.0718652839,125.61286960090001,99.91541
DVAO,2018.0424,58134,1984,0.804463,0.137819,0.001842,0.001475,-0.337318,7.0718652797,125.61286954369999,99.89319
DVAO,2018.0452,58135,1984,0.818885,0.142075,0.001846,0.001554,-0.286576,7.0718653182,125.6128696742,99.8953
DVAO,2018.0479,58136,1984,0.809449,0.139042,0.001536,0.001398,-0.164605,7.0718652907,125.61286958880001,99.91435
DVAO,2018.0507,58137,1984,0.79062,0.143421,0.002032,0.001451,-0.292895,7.0718653303,125.61286941840001,99.90735
DVAO,2018.0534,58138,1984,0.803312,0.141113,0.001662,0.001431,-0.271144,7.0718653095,125.6128695333,99.90322
DVAO,2018.0561,58139,1985,0.804142,0.139255,0.001524,0.001421,-0.271379,7.0718652927,125.6128695408,99.90567
DVAO,2018.0589,58140,1985,0.810008,0.139497,0.001559,0.001432,-0.257313,7.0718652948,125.6128695939,99.9043
DVAO,2018.0616,58141,1985,0.807919,0.136216,0.001594,0.001469,-0.267546,7.0718652652,125.61286957499999,99.92438
DVAO,2018.0643,58142,1985,0.798343,0.144811,0.001591,0.001469,-0.246822,7.0718653429,125.61286948829999,99.94013
DVAO,2018.0671,58143,1985,0.809128,0.141151,0.00166,0.001559,-0.356328,7.0718653098,125.6128695859,99.92585
DVAO,2018.0698,58144,1985,0.808533,0.142383,0.001623,0.001526,-0.317254,7.0718653209,125.61286958049999,99.92641
DVAO,2018.0726,58145,1985,0.810578,0.134815,0.001873,0.001641,-0.224953,7.0718652525,125.61286959910001,99.89802
DVAO,2018.0753,58146,1986,0.799529,0.13865,0.001612,0.001436,-0.24025,7.0718652872,125.612869499,99.91662
DVAO,2018.078,58147,1986,0.806079,0.140583,0.001563,0.001445,-0.277065,7.0718653047,125.61286955829999,99.92388
DVAO,2018.0808,58148,1986,0.801401,0.145115,0.001525,0.001495,-0.301379,7.0718653456,125.61286951599999,99.92909
DVAO,2018.0835,58149,1986,0.810318,0.140702,0.001601,0.001468,-0.177942,7.0718653057,125.6128695967,99.92131
DVAO,2018.0917,58152,1986,0.798982,0.131169,0.000798,0.000722,0.010372,7.0718652195,125.61286949410001,101.56692
DVAO,2018.0945,58153,1987,0.799128,0.13353,0.00079,0.000697,-0.002336,7.0718652409,125.61286949539999,101.56545
DVAO,2018.0972,58154,1987,0.795167,0.127826,0.000808,0.00071,-0.013308,7.0718651893,125.6128694596,101.57076
DVAO,2018.0999,58155,1987,0.797521,0.13189,0.000811,0.000742,0.012212,7.0718652261,125.6128694809,101.56572
DVAO,2018.1027,58156,1987,0.798247,0.13127,0.000805,0.00072,0.02778,7.0718652205,125.61286948739999,101.55951
DVAO,2018.1656,58179,1990,0.780538,0.120956,0.000842,0.000745,0.023422,7.0718651272,125.61286932709999,100.00389
DVAO,2018.1684,58180,1990,0.781337,0.120292,0.000792,0.000694,0.002021,7.0718651212,125.61286933439999,99.99666
DVAO,2018.1711,58181,1991,0.778839,0.12036,0.000823,0.000728,0.024965,7.0718651218,125.61286931180001,100.00274
DVAO,2018.1739,58182,1991,0.780297,0.120518,0.000787,0.000701,-0.010236,7.0718651232,125.61286932499999,100.0011
DVAO,2018.1766,58183,1991,0.776704,0.121498,0.000805,0.000724,0.008864,7.0718651321,125.6128692924,100.0009
DVAO,2018.1793,58184,1991,0.779469,0.118981,0.000814,0.000726,-0.029968,7.0718651093,125.61286931750001,100.00127
DVAO,2018.1821,58185,1991,0.777661,0.119069,0.000833,0.00072,0.000312,7.0718651101,125.6128693011,99.99798
DVAO,2018.1848,58186,1991,0.779668,0.120764,0.000825,0.00073,0.011354,7.0718651255,125.61286931929999,99.99592
DVAO,2018.1875,58187,1991,0.778415,0.117812,0.000787,0.000692,7.7e-05,7.0718650988,125.61286930790001,99.99779
DVAO,2018.1903,58188,1992,0.775209,0.118561,0.000809,0.000709,0.000794,7.0718651055,125.6128692789,100.00428
DVAO,2018.193,58189,1992,0.777074,0.119859,0.000808,0.000719,0.001234,7.0718651173,125.61286929580001,100.00254
DVAO,2018.1958,58190,1992,0.776495,0.117786,0.000833,0.000741,0.001813,7.0718650985,125.61286929049999,100.00027
DVAO,2018.1985,58191,1992,0.777832,0.118477,0.000795,0.000706,-0.003552,7.0718651048,125.61286930259999,100.00488
DVAO,2018.2012,58192,1992,0.776235,0.119991,0.000815,0.000732,0.010807,7.0718651185,125.61286928819999,99.9997
DVAO,2018.204,58193,1992,0.776229,0.118709,0.000782,0.000693,-0.008611,7.0718651069,125.6128692881,100.00342
DVAO,2018.2067,58194,1992,0.777423,0.116697,0.000829,0.000728,-0.023254,7.0718650887,125.6128692989,100.0044
DVAO,2018.2094,58195,1993,0.776436,0.118251,0.000817,0.000717,-0.029768,7.0718651027,125.61286928999999,99.99919
DVAO,2018.2122,58196,1993,0.778436,0.119522,0.000802,0.000695,-0.016634,7.0718651142,125.61286930809999,100.00173
DVAO,2018.2149,58197,1993,0.777573,0.120655,0.000787,0.000695,-0.000782,7.0718651245,125.61286930029999,99.99825
DVAO,2018.2177,58198,1993,0.776106,0.11868,0.00079,0.000685,0.00252,7.0718651066,125.612869287,99.9977
DVAO,2018.2204,58199,1993,0.777522,0.120741,0.000783,0.000702,0.010526,7.0718651252,125.6128692998,100.00391
DVAO,2018.2231,58200,1993,0.777929,0.117326,0.00078,0.000681,-0.030008,7.0718650944,125.61286930349999,100.00679
DVAO,2018.2259,58201,1993,0.774746,0.119493,0.000832,0.000726,0.018274,7.071865114,125.61286927469999,100.00415
DVAO,2018.2286,58202,1994,0.780167,0.120784,0.000834,0.000712,-0.008825,7.0718651256,125.6128693238,100.00375
DVAO,2018.2313,58203,1994,0.778853,0.119212,0.000813,0.000718,-0.020564,7.0718651114,125.6128693119,100.00059
DVAO,2018.2341,58204,1994,0.777819,0.118806,0.000775,0.00069,0.02572,7.0718651078,125.6128693025,99.99192
DVAO,2018.2368,58205,1994,0.778786,0.121065,0.000788,0.00068,-0.001837,7.0718651282,125.61286931129999,100.00263
DVAO,2018.2396,58206,1994,0.776039,0.117494,0.000803,0.000705,0.002849,7.0718650959,125.61286928640001,99.99483
DVAO,2018.2423,58207,1994,0.776507,0.121689,0.000841,0.000722,0.010449,7.0718651338,125.6128692906,100.00039
DVAO,2018.245,58208,1994,0.77613,0.118406,0.000796,0.000699,0.01342,7.0718651041,125.6128692872,100.00199
DVAO,2018.2478,58209,1995,0.776762,0.117258,0.000812,0.000707,0.019429,7.0718650938,125.61286929299999,100.0045
DVAO,2018.2505,58210,1995,0.775913,0.117972,0.000851,0.000737,-0.009781,7.0718651002,125.61286928530001,99.99692
DVAO,2018.2533,58211,1995,0.77516,0.121637,0.000858,0.000735,0.022839,7.0718651333,125.6128692785,100.01637
DVAO,2018.256,58212,1995,0.777112,0.122448,0.000847,0.000727,0.001532,7.0718651407,125.6128692961,99.99889
DVAO,2018.2587,58213,1995,0.77527,0.120377,0.000789,0.000705,-0.016014,7.071865122,125.61286927949999,100.00264
DVAO,2018.2615,58214,1995,0.775254,0.118568,0.000809,0.000692,0.016597,7.0718651056,125.61286927930001,100.00079
DVAO,2018.2642,58215,1995,0.775206,0.116611,0.000813,0.000712,0.02746,7.0718650879,125.6128692789,100.00656
DVAO,2018.2669,58216,1996,0.776003,0.119112,0.000781,0.000685,0.022403,7.0718651105,125.6128692861,99.9969
DVAO,2018.2697,58217,1996,0.776627,0.119447,0.000798,0.000695,0.014286,7.0718651135,125.61286929170001,99.99968
DVAO,2018.2724,58218,1996,0.775279,0.119074,0.000836,0.000719,-0.002333,7.0718651102,125.61286927949999,100.00246
DVAO,2018.2752,58219,1996,0.775675,0.118386,0.000834,0.000709,-0.023392,7.0718651039,125.6128692831,100.00429
DVAO,2018.2779,58220,1996,0.774289,0.1171,0.000813,0.000712,-0.013418,7.0718650923,125.61286927059999,100.00726
DVAO,2018.2806,58221,1996,0.772277,0.118898,0.000893,0.000752,-0.032172,7.0718651086,125.6128692524,100.00746
DVAO,2018.2834,58222,1996,0.774506,0.117904,0.00084,0.000721,-0.038202,7.0718650996,125.6128692725,100.0093
DVAO,2018.2861,58223,1997,0.773673,0.118201,0.000813,0.000689,0.002488,7.0718651023,125.612869265,99.9999
DVAO,2018.2888,58224,1997,0.774638,0.119719,0.000792,0.000683,-0.004031,7.071865116,125.6128692737,100.00226
DVAO,2018.2916,58225,1997,0.773417,0.121475,0.000825,0.000724,-0.028169,7.0718651319,125.6128692627,99.99968
DVAO,2018.2943,58226,1997,0.774608,0.12052,0.000826,0.000697,-0.06794,7.0718651232,125.6128692735,99.9997
DVAO,2018.2971,58227,1997,0.775298,0.12069,0.000805,0.000695,-0.009443,7.0718651248,125.61286927969999,100.00692
DVAO,2018.2998,58228,1997,0.776464,0.118672,0.000805,0.000685,-0.030013,7.0718651065,125.61286929030001,100.00706
DVAO,2018.3025,58229,1997,0.776836,0.12137,0.000835,0.000707,-0.004233,7.0718651309,125.6128692936,100.00397
DVAO,2018.3053,58230,1998,0.775783,0.120228,0.000804,0.000683,-0.015469,7.0718651206,125.61286928409999,100.00451
DVAO,2018.308,58231,1998,0.773402,0.12129,0.000822,0.000704,0.000718,7.0718651302,125.6128692625,100.01241
DVAO,2018.3107,58232,1998,0.773954,0.119841,0.000806,0.000698,0.006247,7.0718651171,125.6128692675,100.00235
DVAO,2018.3135,58233,1998,0.771814,0.122788,0.000836,0.000702,-0.007482,7.0718651438,125.61286924820001,100.00773
DVAO,2018.3162,58234,1998,0.775023,0.121828,0.000838,0.000715,0.03965,7.0718651351,125.61286927719999,100.00754
DVAO,2018.319,58235,1998,0.77801,0.119613,0.000821,0.000692,0.000562,7.0718651151,125.6128693043,99.99846
DVAO,2018.3217,58236,1998,0.773843,0.123363,0.000802,0.000684,0.010119,7.071865149,125.61286926650001,100.00946
DVAO,2018.3244,58237,1999,0.773415,0.119155,0.000814,0.000709,0.009362,7.0718651109,125.6128692627,99.99611
DVAO,2018.3272,58238,1999,0.772898,0.120356,0.000825,0.000716,0.024507,7.0718651218,125.61286925799999,100.00552
DVAO,2018.3299,58239,1999,0.772294,0.119135,0.000829,0.000736,0.038542,7.0718651107,125.61286925249999,99.99744
DVAO,2018.3326,58240,1999,0.773504,0.121233,0.000796,0.00069,0.026311,7.0718651297,125.61286926349999,100.00464
DVAO,2018.3354,58241,1999,0.774744,0.119885,0.000791,0.000672,-0.003914,7.0718651175,125.61286927469999,100.00659
DVAO,2018.3381,58242,1999,0.775334,0.119939,0.000851,0.000709,-0.009604,7.071865118,125.61286928000001,100.00463
DVAO,2018.3409,58243,1999,0.773876,0.120728,0.000839,0.000722,0.026778,7.0718651251,125.6128692668,99.99731
DVAO,2018.3436,58244,2000,0.776086,0.121721,0.000891,0.000759,0.01045,7.0718651341,125.61286928679999,99.99755
DVAO,2018.3463,58245,2000,0.774924,0.118905,0.000887,0.000762,0.003333,7.0718651086,125.61286927629999,100.02099
DVAO,2018.3491,58246,2000,0.771658,0.122667,0.000832,0.000703,0.035019,7.0718651427,125.61286924679999,100.00533
DVAO,2018.3518,58247,2000,0.776756,0.118708,0.000843,0.000722,0.018654,7.0718651069,125.6128692929,100.0026
DVAO,2018.3546,58248,2000,0.774974,0.123419,0.000821,0.000706,-0.002727,7.0718651495,125.61286927680001,100.01518
DVAO,2018.3573,58249,2000,0.776044,0.121658,0.000813,0.000703,-0.006624,7.0718651335,125.6128692865,99.99569
DVAO,2018.36,58250,2000,0.773186,0.123096,0.000843,0.000731,0.023665,7.0718651465,125.61286926060001,100.00746
DVAO,2018.3628,58251,2001,0.779444,0.12942,0.000899,0.000748,0.006462,7.0718652037,125.6128693172,100.00416
DVAO,2018.3655,58252,2001,0.77417,0.123784,0.000827,0.000707,-0.003824,7.0718651528,125.61286926950001,100.00227
DVAO,2018.3682,58253,2001,0.772829,0.121132,0.000838,0.000708,0.018232,7.0718651288,125.6128692574,100.00435
DVAO,2018.371,58254,2001,0.772469,0.122003,0.000813,0.000694,0.022895,7.0718651367,125.61286925409999,99.99975
DVAO,2018.3737,58255,2001,0.774853,0.12127,0.000828,0.000712,0.023109,7.07186513,125.6128692757,100.00616
DVAO,2018.3765,58256,2001,0.767576,0.12442,0.000835,0.000704,-0.036158,7.0718651585,125.61286920980001,100.00563
DVAO,2018.3792,58257,2001,0.77506,0.123506,0.000811,0.000693,0.016088,7.0718651503,125.6128692776,99.9956
DVAO,2018.3819,58258,2002,0.773737,0.123857,0.000806,0.000692,-0.000914,7.0718651534,125.61286926560001,100.01182
DVAO,2018.3847,58259,2002,0.773672,0.122359,0.00082,0.000691,-8.5e-05,7.0718651399,125.612869265,99.99845
DVAO,2018.3874,58260,2002,0.772325,0.122963,0.000791,0.000676,0.008228,7.0718651453,125.61286925280001,100.0011
DVAO,2018.3901,58261,2002,0.773342,0.120222,0.000827,0.000691,-0.035307,7.0718651206,125.612869262,100.00632
DVAO,2018.3929,58262,2002,0.771456,0.122544,0.00085,0.000733,-0.042264,7.0718651416,125.6128692449,100.00614
DVAO,2018.3956,58263,2002,0.771129,0.121771,0.000813,0.000688,0.019339,7.0718651346,125.61286924199999,100.00739
DVAO,2018.3984,58264,2002,0.773732,0.121721,0.000819,0.000693,0.002591,7.0718651341,125.6128692655,100.00334
DVAO,2018.4011,58265,2003,0.771909,0.12121,0.000782,0.000683,0.030132,7.0718651295,125.612869249,100.00519
DVAO,2018.4038,58266,2003,0.77224,0.120944,0.000803,0.000694,0.038816,7.0718651271,125.612869252,100.00506
DVAO,2018.4066,58267,2003,0.770795,0.12308,0.000778,0.000673,0.010815,7.0718651464,125.6128692389,100.00436
DVAO,2018.4093,58268,2003,0.771209,0.121658,0.000807,0.000691,-0.008504,7.0718651335,125.61286924269999,99.99178
DVAO,2018.412,58269,2003,0.77099,0.122867,0.000824,0.00068,-0.000372,7.0718651445,125.61286924070001,99.99944
DVAO,2018.4148,58270,2003,0.772848,0.123667,0.000827,0.000699,-0.006985,7.0718651517,125.6128692575,100.00086
DVAO,2018.4175,58271,2003,0.770847,0.123355,0.00079,0.000674,0.02121,7.0718651489,125.6128692394,99.99897
DVAO,2018.4203,58272,2004,0.771114,0.123451,0.000786,0.000679,0.008043,7.0718651498,125.61286924180001,99.99999
DVAO,2018.423,58273,2004,0.771436,0.122198,0.00077,0.000666,0.005771,7.0718651384,125.61286924480001,100.00495
DVAO,2018.4257,58274,2004,0.77103,0.122785,0.00079,0.000685,0.011451,7.0718651437,125.61286924109999,100.00025
DVAO,2018.4285,58275,2004,0.77012,0.123906,0.000769,0.000664,0.018641,7.0718651539,125.6128692328,100.00185
DVAO,2018.4312,58276,2004,0.768559,0.125992,0.00079,0.000674,0.00016,7.0718651727,125.61286921870001,100.00733
DVAO,2018.4339,58277,2004,0.774208,0.120348,0.000806,0.000686,0.00812,7.0718651217,125.6128692698,100.0068
DVAO,2018.4367,58278,2004,0.77241,0.122912,0.000788,0.000668,-0.026465,7.0718651449,125.6128692536,100.00174
DVAO,2018.4394,58279,2005,0.769539,0.123375,0.000776,0.000671,-0.015937,7.0718651491,125.61286922759999,99.99806
DVAO,2018.4422,58280,2005,0.77027,0.124188,0.000771,0.000665,0.008919,7.0718651564,125.61286923419999,99.99661
DVAO,2018.4449,58281,2005,0.769448,0.122259,0.000807,0.000692,0.001668,7.071865139,125.6128692268,99.99821
DVAO,2018.4476,58282,2005,0.770629,0.12526,0.000783,0.00068,0.001159,7.0718651661,125.61286923739999,99.99846
DVAO,2018.4504,58283,2005,0.772204,0.123075,0.000793,0.000672,-0.006808,7.0718651464,125.6128692517,99.99603
DVAO,2018.4531,58284,2005,0.771106,0.125285,0.000797,0.000673,-0.002423,7.0718651663,125.61286924180001,100.00203
DVAO,2018.4559,58285,2005,0.773977,0.12318,0.000779,0.000682,0.018807,7.0718651473,125.6128692678,99.99949
DVAO,2018.4586,58286,2006,0.76889,0.125162,0.000782,0.000673,0.001574,7.0718651652,125.61286922170001,100.00132
DVAO,2018.4613,58287,2006,0.771074,0.123648,0.000785,0.000675,-0.017774,7.0718651515,125.6128692415,100.0008
DVAO,2018.4641,58288,2006,0.769269,0.125598,0.000852,0.000712,-0.040875,7.0718651692,125.61286922510001,99.99754
DVAO,2018.4668,58289,2006,0.768859,0.125244,0.000801,0.000679,0.008901,7.071865166,125.61286922139999,100.00226
DVAO,2018.5133,58306,2008,0.769362,0.125551,0.000822,0.000715,0.013374,7.0718651687,125.61286922599999,99.99331
DVAO,2018.5161,58307,2009,0.768775,0.126177,0.000775,0.00067,-0.004799,7.0718651744,125.61286922069999,99.99767
DVAO,2018.5188,58308,2009,0.770659,0.126921,0.000781,0.000678,0.018782,7.0718651811,125.61286923770001,99.99634
DVAO,2018.5216,58309,2009,0.768977,0.125715,0.000788,0.000671,0.007883,7.0718651702,125.6128692225,99.9965
DVAO,2018.5243,58310,2009,0.769065,0.125138,0.000797,0.000687,-0.021827,7.071865165,125.61286922330001,99.991
DVAO,2018.527,58311,2009,0.768676,0.12662,0.000785,0.000666,-0.001586,7.0718651784,125.61286921979999,99.99054
DVAO,2018.5298,58312,2009,0.768968,0.126193,0.000786,0.000657,-0.020472,7.0718651745,125.61286922240001,99.98968
DVAO,2018.5325,58313,2009,0.768722,0.125463,0.000792,0.000673,-0.001127,7.0718651679,125.6128692202,99.99937
DVAO,2018.5352,58314,2010,0.768453,0.127406,0.000782,0.000661,-0.003539,7.0718651855,125.6128692177,99.99988
DVAO,2018.538,58315,2010,0.769777,0.124398,0.000802,0.000683,-0.000329,7.0718651583,125.61286922970001,99.99581
DVAO,2018.5407,58316,2010,0.767649,0.125287,0.000771,0.000671,-0.006622,7.0718651664,125.61286921050001,99.99468
DVAO,2018.5435,58317,2010,0.766424,0.12633,0.000793,0.00069,-0.038272,7.0718651758,125.6128691994,100.00277
DVAO,2018.5462,58318,2010,0.76925,0.12497,0.000784,0.000656,-0.014829,7.0718651635,125.612869225,99.99455
DVAO,2018.5489,58319,2010,0.767843,0.125424,0.000783,0.000666,0.006786,7.0718651676,125.6128692122,99.99647
DVAO,2018.5517,58320,2010,0.766982,0.125595,0.000812,0.000685,-0.034992,7.0718651691,125.6128692044,99.99564
DVAO,2018.5544,58321,2011,0.767181,0.12538,0.000805,0.00069,-0.011445,7.0718651672,125.6128692062,99.99703
DVAO,2018.5572,58322,2011,0.766577,0.124894,0.000793,0.000666,-0.016858,7.0718651628,125.61286920079999,99.99594
DVAO,2018.5599,58323,2011,0.767509,0.126121,0.000827,0.000688,-0.002022,7.0718651739,125.6128692092,99.99271
DVAO,2018.5626,58324,2011,0.767796,0.124874,0.000795,0.00068,-0.015095,7.0718651626,125.61286921179999,99.99529
DVAO,2018.5654,58325,2011,0.767297,0.124894,0.000785,0.000672,-0.00274,7.0718651628,125.61286920730001,99.99752
DVAO,2018.5681,58326,2011,0.768835,0.123635,0.000797,0.000676,-0.011671,7.0718651514,125.61286922119999,100.00046
DVAO,2018.5708,58327,2011,0.766564,0.12612,0.000794,0.000683,-0.023017,7.0718651739,125.61286920059999,99.99046
DVAO,2018.5736,58328,2012,0.766277,0.126997,0.000844,0.000716,0.002393,7.0718651818,125.61286919809999,100.00525
DVAO,2018.5763,58329,2012,0.768002,0.125004,0.000813,0.000708,0.040102,7.0718651638,125.61286921370001,99.99555
DVAO,2018.5791,58330,2012,0.766083,0.123921,0.000853,0.000726,0.038342,7.071865154,125.61286919630001,99.98844
DVAO,2018.5818,58331,2012,0.766898,0.125334,0.000802,0.000701,0.011288,7.0718651668,125.6128692037,99.99547
DVAO,2018.5845,58332,2012,0.766577,0.123615,0.00082,0.000717,-0.000891,7.0718651512,125.61286920079999,99.9988
DVAO,2018.5873,58333,2012,0.764683,0.124001,0.000796,0.000674,-0.019606,7.0718651547,125.6128691836,99.9968
DVAO,2018.59,58334,2012,0.765716,0.124822,0.000826,0.000692,-0.05146,7.0718651621,125.612869193,99.99564
DVAO,2018.5927,58335,2013,0.764257,0.125183,0.000776,0.000673,-0.01054,7.0718651654,125.61286917979999,99.99448
DVAO,2018.5955,58336,2013,0.762993,0.124091,0.000815,0.000691,0.005245,7.0718651555,125.6128691683,99.99397
DVAO,2018.5982,58337,2013,0.764227,0.124511,0.000782,0.000674,-0.007327,7.0718651593,125.6128691795,99.99225
DVAO,2018.601,58338,2013,0.764147,0.125309,0.000804,0.000688,-0.015736,7.0718651666,125.6128691788,99.9925
DVAO,2018.6037,58339,2013,0.766206,0.125826,0.000779,0.000669,-0.0106,7.0718651712,125.61286919739999,99.9936
DVAO,2018.6064,58340,2013,0.764525,0.124708,0.000784,0.000674,-0.012312,7.0718651611,125.6128691822,99.99769
DVAO,2018.6092,58341,2013,0.763349,0.126828,0.000778,0.000664,-0.015497,7.0718651803,125.61286917160001,99.99383
DVAO,2018.6119,58342,2014,0.762547,0.12669,0.000809,0.0007,-0.028567,7.071865179,125.61286916430001,100.00469
DVAO,2018.6146,58343,2014,0.764275,0.128815,0.000785,0.000672,-0.012623,7.0718651983,125.6128691799,99.9951
DVAO,2018.6174,58344,2014,0.764155,0.124453,0.000769,0.000668,-0.00112,7.0718651588,125.6128691788,99.99356
DVAO,2018.6201,58345,2014,0.761875,0.12595,0.000835,0.000724,0.01736,7.0718651724,125.6128691582,100.00282
DVAO,2018.6229,58346,2014,0.762789,0.124816,0.000806,0.00069,-0.01996,7.0718651621,125.61286916649999,99.99262
DVAO,2018.6256,58347,2014,0.760982,0.12185,0.000808,0.000694,-0.011492,7.0718651353,125.61286915010001,100.00009
DVAO,2018.6283,58348,2014,0.762162,0.125143,0.000789,0.000678,-0.023895,7.0718651651,125.61286916079999,99.99524
DVAO,2018.6311,58349,2015,0.761376,0.122835,0.000824,0.000692,-0.005241,7.0718651442,125.61286915369999,100.00011
DVAO,2018.6338,58350,2015,0.762595,0.124716,0.000829,0.000694,0.009862,7.0718651612,125.61286916469999,100.00479
DVAO,2018.6366,58351,2015,0.762733,0.122991,0.000819,0.00069,-0.028619,7.0718651456,125.612869166,100.00558
DVAO,2018.6393,58352,2015,0.762551,0.126239,0.000842,0.000731,-0.016582,7.071865175,125.61286916430001,99.99346
DVAO,2018.642,58353,2015,0.763054,0.122832,0.000834,0.000722,-0.009691,7.0718651442,125.6128691689,99.99831
DVAO,2018.6448,58354,2015,0.763166,0.123192,0.000792,0.000672,-0.002457,7.0718651474,125.6128691699,99.99711
DVAO,2018.6475,58355,2015,0.762705,0.123903,0.000777,0.000671,-0.005779,7.0718651538,125.6128691657,99.99502
DVAO,2018.6502,58356,2016,0.765482,0.125554,0.000792,0.000681,-0.006355,7.0718651688,125.6128691909,99.99159
DVAO,2018.653,58357,2016,0.76471,0.125287,0.000819,0.000688,-0.02008,7.0718651664,125.61286918389999,99.99889
DVAO,2018.6557,58358,2016,0.766117,0.125254,0.000855,0.000727,0.000915,7.0718651661,125.6128691966,100.00935
DVAO,2018.6585,58359,2016,0.763033,0.127374,0.000809,0.000692,-0.018197,7.0718651852,125.6128691687,100.00044
DVAO,2018.6612,58360,2016,0.766477,0.123185,0.000774,0.00067,0.009547,7.0718651473,125.61286919989999,99.99075
DVAO,2018.8857,58442,2028,0.761743,0.121341,0.000796,0.000676,0.003607,7.0718651307,125.612869157,99.99605
DVAO,2018.8884,58443,2028,0.762604,0.118484,0.000834,0.000708,-0.003806,7.0718651048,125.6128691648,99.99369
DVAO,2018.8912,58444,2028,0.763461,0.123366,0.000837,0.000723,-0.013172,7.071865149,125.6128691726,100.00784
DVAO,2018.8939,58445,2028,0.761686,0.120141,0.000848,0.000729,0.015822,7.0718651198,125.61286915650001,100.01366
DVAO,2018.8966,58446,2028,0.761099,0.120614,0.000827,0.000726,0.016503,7.0718651241,125.61286915119999,99.99298
DVAO,2018.8994,58447,2029,0.761674,0.120548,0.000829,0.000712,-0.028441,7.0718651235,125.6128691564,99.99752
DVAO,2018.9021,58448,2029,0.761362,0.121243,0.000823,0.000708,-0.018771,7.0718651298,125.6128691536,99.99635
DVAO,2018.9049,58449,2029,0.762251,0.120098,0.00084,0.000701,-0.020529,7.0718651194,125.6128691616,99.98814
DVAO,2018.9076,58450,2029,0.760006,0.119114,0.000827,0.000693,-0.032833,7.0718651105,125.6128691413,99.99017
DVAO,2018.9103,58451,2029,0.761992,0.120325,0.000842,0.000722,-0.008597,7.0718651215,125.6128691593,99.99328
DVAO,2018.9131,58452,2029,0.760517,0.120904,0.000872,0.000733,-0.011069,7.0718651267,125.61286914589999,99.99762
DVAO,2018.9158,58453,2029,0.761417,0.121938,0.000836,0.000718,-0.012102,7.0718651361,125.6128691541,100.00036
DVAO,2018.9185,58454,2030,0.760554,0.121094,0.00085,0.000721,0.007663,7.0718651284,125.61286914620001,99.99698
DVAO,2018.9213,58455,2030,0.761721,0.118531,0.000842,0.000724,-0.055948,7.0718651053,125.6128691568,99.98837
DVAO,2018.924,58456,2030,0.759943,0.120935,0.000865,0.000742,-0.01047,7.071865127,125.61286914070001,99.99806
DVAO,2018.9268,58457,2030,0.760089,0.117579,0.000829,0.000705,0.015421,7.0718650967,125.612869142,99.99364
DVAO,2018.9295,58458,2030,0.75918,0.12103,0.000869,0.000741,-0.027316,7.0718651279,125.61286913379999,100.00253
DVAO,2018.9322,58459,2030,0.759111,0.120116,0.000857,0.000751,0.024935,7.0718651196,125.61286913320001,99.99789
DVAO,2018.935,58460,2030,0.760203,0.118123,0.000863,0.000733,0.00432,7.0718651016,125.6128691431,99.99332
DVAO,2018.9377,58461,2031,0.759325,0.120877,0.00086,0.000746,-0.043379,7.0718651265,125.6128691351,99.99809
DVAO,2018.9405,58462,2031,0.759746,0.119495,0.000822,0.000714,-0.022222,7.071865114,125.61286913890001,100.00713
DVAO,2018.9432,58463,2031,0.759716,0.121207,0.000817,0.000699,-0.011974,7.0718651295,125.6128691387,100.00529
DVAO,2018.9459,58464,2031,0.757467,0.118648,0.000807,0.000671,-0.002469,7.0718651063,125.61286911830001,99.99755
DVAO,2018.9487,58465,2031,0.760417,0.119343,0.000823,0.000689,-0.016973,7.0718651126,125.61286914499999,100.00456
DVAO,2018.9514,58466,2031,0.759321,0.121345,0.00086,0.000727,-0.03706,7.0718651307,125.6128691351,99.99182
DVAO,2018.9541,58467,2031,0.758517,0.117921,0.000861,0.000717,-0.031488,7.0718650998,125.6128691278,100.00475
DVAO,2018.9569,58468,2032,0.75832,0.118279,0.000835,0.000725,-0.03421,7.071865103,125.61286912599999,99.98932
DVAO,2018.9596,58469,2032,0.760168,0.11904,0.000815,0.000691,0.02057,7.0718651099,125.61286914280001,99.99372
DVAO,2018.9624,58470,2032,0.760488,0.118909,0.000837,0.000697,-0.008535,7.0718651087,125.61286914569999,99.99894
DVAO,2018.9651,58471,2032,0.760889,0.119054,0.000817,0.000699,0.001481,7.07186511,125.6128691493,99.99779
DVAO,2018.9678,58472,2032,0.760904,0.119283,0.000807,0.000663,-0.061801,7.0718651121,125.61286914940001,99.99347
DVAO,2018.9706,58473,2032,0.760341,0.119538,0.000803,0.000686,0.005324,7.0718651144,125.61286914429999,99.99225
DVAO,2018.9733,58474,2032,0.760569,0.119859,0.0008,0.000685,-0.02186,7.0718651173,125.61286914639999,99.99543
DVAO,2018.976,58475,2033,0.760863,0.118068,0.000797,0.000666,-0.024153,7.0718651011,125.612869149,99.99551
DVAO,2018.9788,58476,2033,0.762277,0.120286,0.000801,0.00069,0.020748,7.0718651211,125.6128691618,99.99235
DVAO,2018.9815,58477,2033,0.760387,0.120113,0.000812,0.000691,0.026729,7.0718651196,125.6128691447,99.98724
DVAO,2018.9843,58478,2033,0.761974,0.119931,0.000844,0.000754,0.014217,7.0718651179,125.6128691591,100.00449
DVAO,2018.987,58479,2033,0.759643,0.12378,0.000812,0.000733,0.041445,7.0718651527,125.61286913800001,99.99255
DVAO,2018.9897,58480,2033,0.759017,0.12183,0.000834,0.000703,0.002553,7.0718651351,125.6128691323,99.99834
DVAO,2018.9925,58481,2033,0.763762,0.118123,0.000842,0.000709,0.002105,7.0718651016,125.6128691753,99.99022
DVAO,2018.9952,58482,2034,0.762546,0.117563,0.000838,0.000709,-0.023165,7.0718650965,125.61286916430001,99.99306
DVAO,2018.9979,58483,2034,0.762714,0.120164,0.000832,0.000721,-0.007038,7.07186512,125.61286916579999,99.99571
DVAO,2019.0007,58484,2034,0.762515,0.118366,0.000834,0.000727,-0.006341,7.0718651038,125.61286916399999,99.9948
DVAO,2019.0034,58485,2034,0.762282,0.119315,0.00086,0.000732,-0.021851,7.0718651123,125.6128691619,99.98433
DVAO,2019.0062,58486,2034,0.760862,0.119137,0.000834,0.000695,-0.009982,7.0718651107,125.612869149,99.98921
DVAO,2019.0089,58487,2034,0.761638,0.1185,0.000865,0.000731,0.005446,7.071865105,125.6128691561,99.99775
DVAO,2019.0116,58488,2034,0.760461,0.11863,0.000872,0.000761,-0.013923,7.0718651062,125.6128691454,99.99906
DVAO,2019.0144,58489,2035,0.759934,0.119867,0.000833,0.000726,-0.015376,7.0718651173,125.6128691406,99.98748
DVAO,2019.0171,58490,2035,0.760145,0.121122,0.000806,0.000704,-0.001784,7.0718651287,125.61286914249999,99.9959
DVAO,2019.0198,58491,2035,0.760954,0.120495,0.000845,0.000716,-0.017028,7.071865123,125.6128691499,99.99054
DVAO,2019.0226,58492,2035,0.762602,0.118913,0.000816,0.000688,0.025311,7.0718651087,125.6128691648,100.00168
DVAO,2019.0253,58493,2035,0.759123,0.1189,0.000837,0.000722,0.041092,7.0718651086,125.6128691333,99.99988
DVAO,2019.0281,58494,2035,0.761958,0.117545,0.000832,0.000687,-0.006731,7.0718650963,125.61286915900001,99.99807
DVAO,2019.0308,58495,2035,0.76262,0.118518,0.000831,0.0007,-0.014523,7.0718651051,125.612869165,99.99139
DVAO,2019.0335,58496,2036,0.761181,0.120013,0.000806,0.000688,-0.008695,7.0718651187,125.61286915189999,99.98812
DVAO,2019.0363,58497,2036,0.759749,0.118611,0.000845,0.000706,0.00975,7.071865106,125.612869139,99.99245
DVAO,2019.039,58498,2036,0.758944,0.118451,0.000854,0.000702,-0.009423,7.0718651045,125.6128691317,99.99425
DVAO,2019.0418,58499,2036,0.760121,0.119635,0.000816,0.000699,-0.009611,7.0718651152,125.61286914230001,99.99492
DVAO,2019.0445,58500,2036,0.761445,0.12053,0.000816,0.000718,-0.032256,7.0718651233,125.6128691543,99.994
DVAO,2019.0472,58501,2036,0.760673,0.119972,0.000844,0.000713,-0.047233,7.0718651183,125.61286914729999,99.97918
DVAO,2019.05,58502,2036,0.758997,0.118844,0.000823,0.000679,-0.001044,7.0718651081,125.61286913219999,99.99041
DVAO,2019.0527,58503,2037,0.760349,0.119266,0.000832,0.000705,-0.002579,7.0718651119,125.61286914440001,99.99636
DVAO,2019.0554,58504,2037,0.759644,0.121845,0.000832,0.000716,-0.04079,7.0718651352,125.61286913800001,100.00294
DVAO,2019.0582,58505,2037,0.762173,0.12165,0.000857,0.000731,-0.006978,7.0718651335,125.6128691609,100.00098
DVAO,2019.0609,58506,2037,0.760514,0.11786,0.000839,0.000732,-0.037022,7.0718650992,125.61286914589999,99.99546
DVAO,2019.0637,58507,2037,0.760377,0.121595,0.000829,0.00071,-0.030603,7.071865133,125.6128691447,99.99237
DVAO,2019.0664,58508,2037,0.757906,0.121761,0.000816,0.000708,-0.03469,7.0718651345,125.6128691223,99.98855
DVAO,2019.0691,58509,2037,0.758963,0.121278,0.00084,0.000738,0.005984,7.0718651301,125.61286913180001,99.99017
DVAO,2019.0719,58510,2038,0.760119,0.120496,0.000839,0.000734,-0.050877,7.071865123,125.61286914230001,99.98888
DVAO,2019.0746,58511,2038,0.7586,0.120715,0.000803,0.000668,-0.013652,7.071865125,125.61286912860001,99.99581
DVAO,2019.0773,58512,2038,0.760177,0.117764,0.000801,0.000694,0.005591,7.0718650983,125.61286914280001,99.9931
DVAO,2019.0801,58513,2038,0.75926,0.120079,0.000835,0.000706,0.034611,7.0718651193,125.61286913449999,99.99123
DVAO,2019.0828,58514,2038,0.759148,0.117955,0.00082,0.000697,0.040818,7.0718651001,125.6128691335,99.98748
DVAO,2019.0856,58515,2038,0.758999,0.119772,0.000783,0.000672,-0.005741,7.0718651165,125.61286913219999,99.99009
DVAO,2019.0883,58516,2038,0.758374,0.119485,0.000807,0.000687,-0.009228,7.0718651139,125.61286912649999,99.99168
DVAO,2019.091,58517,2039,0.758878,0.120707,0.000835,0.000707,0.002313,7.0718651249,125.61286913110001,99.99163
DVAO,2019.0938,58518,2039,0.759463,0.117282,0.000848,0.000711,-0.013637,7.071865094,125.61286913640001,99.98282
DVAO,2019.0965,58519,2039,0.759045,0.118819,0.000847,0.000705,0.014546,7.0718651079,125.6128691326,99.9908
DVAO,2019.0992,58520,2039,0.759367,0.12049,0.000808,0.000694,0.001591,7.071865123,125.6128691355,99.98321
DVAO,2019.102,58521,2039,0.756632,0.119319,0.00082,0.000699,-0.019291,7.0718651124,125.61286911069999,99.98835
DVAO,2019.1047,58522,2039,0.760628,0.120572,0.000834,0.000697,-0.046375,7.0718651237,125.61286914690001,99.9943
DVAO,2019.1075,58523,2039,0.759859,0.11873,0.000824,0.000703,-0.016335,7.0718651071,125.61286913999999,99.99147
DVAO,2019.1102,58524,2040,0.75846,0.118794,0.000825,0.000709,0.011447,7.0718651076,125.6128691273,99.98856
DVAO,2019.1129,58525,2040,0.75587,0.119478,0.000863,0.000727,0.001002,7.0718651138,125.61286910390001,99.99109
DVAO,2019.1157,58526,2040,0.759118,0.117322,0.00085,0.000729,-0.009295,7.0718650943,125.6128691333,99.99347
DVAO,2019.1184,58527,2040,0.759278,0.117553,0.000811,0.000685,-0.009742,7.0718650964,125.61286913469999,99.99724
DVAO,2019.1211,58528,2040,0.759026,0.117598,0.000834,0.000706,-0.013297,7.0718650968,125.6128691324,99.98858
DVAO,2019.1239,58529,2040,0.758223,0.115973,0.000868,0.00074,-0.01782,7.0718650821,125.61286912509999,99.99636
DVAO,2019.1266,58530,2040,0.758901,0.119188,0.000841,0.00071,0.013202,7.0718651112,125.61286913129999,99.994
DVAO,2019.1294,58531,2041,0.757049,0.118208,0.000786,0.000677,-0.001959,7.0718651023,125.6128691145,99.98961
DVAO,2019.1321,58532,2041,0.75916,0.118532,0.000832,0.000703,0.012724,7.0718651053,125.61286913359999,100.00154
DVAO,2019.1348,58533,2041,0.75686,0.119009,0.000801,0.000686,-0.026216,7.0718651096,125.61286911280001,99.99062
DVAO,2019.1376,58534,2041,0.758237,0.115751,0.000814,0.000697,-0.018131,7.0718650801,125.6128691253,100.00035
DVAO,2019.1403,58535,2041,0.756461,0.116397,0.000798,0.000681,-0.005498,7.071865086,125.6128691092,99.99936
DVAO,2019.1431,58536,2041,0.756281,0.116668,0.000827,0.000697,0.016173,7.0718650884,125.6128691076,99.99766
DVAO,2019.1458,58537,2041,0.75699,0.118403,0.000822,0.00071,-0.010862,7.0718651041,125.612869114,99.99403
DVAO,2019.1485,58538,2042,0.756406,0.116871,0.000812,0.000687,-0.002121,7.0718650902,125.61286910870001,100.00015
DVAO,2019.1513,58539,2042,0.755898,0.115696,0.0008,0.000675,-0.019572,7.0718650796,125.61286910410001,99.98957
DVAO,2019.154,58540,2042,0.756046,0.115019,0.0008,0.000674,-0.018389,7.0718650735,125.6128691054,99.99167
DVAO,2019.1567,58541,2042,0.755423,0.115039,0.000802,0.00068,0.002414,7.0718650737,125.61286909980001,99.99329
DVAO,2019.1595,58542,2042,0.754618,0.117131,0.00083,0.000703,-0.028433,7.0718650926,125.6128690925,99.99609
DVAO,2019.1622,58543,2042,0.753885,0.115145,0.000843,0.000706,-0.002973,7.0718650746,125.6128690859,99.99564
DVAO,2019.165,58544,2042,0.753312,0.115777,0.000852,0.000723,-0.015964,7.0718650804,125.6128690807,99.98875
DVAO,2019.1677,58545,2043,0.754673,0.11482,0.000823,0.000705,-0.043727,7.0718650717,125.612869093,99.99568
DVAO,2019.1704,58546,2043,0.755716,0.115246,0.000801,0.000684,-0.025409,7.0718650756,125.61286910250001,99.99732
DVAO,2019.1732,58547,2043,0.753673,0.116529,0.000817,0.000681,-0.010023,7.0718650872,125.61286908400001,99.99996
DVAO,2019.1759,58548,2043,0.754062,0.115815,0.000843,0.000706,-0.03023,7.0718650807,125.6128690875,99.99755
DVAO,2019.1786,58549,2043,0.752814,0.116887,0.000813,0.000676,-0.007391,7.0718650904,125.61286907620001,99.99896
DVAO,2019.1814,58550,2043,0.75323,0.116367,0.00082,0.00069,-0.012978,7.0718650857,125.61286908,99.99442
DVAO,2019.1841,58551,2043,0.755344,0.115492,0.00081,0.000667,-0.021637,7.0718650778,125.61286909910001,99.9988
DVAO,2019.1869,58552,2044,0.754275,0.116503,0.000817,0.000684,0.009709,7.0718650869,125.6128690894,99.99271
DVAO,2019.1896,58553,2044,0.753627,0.114367,0.000807,0.000678,-0.010778,7.0718650676,125.61286908349999,99.99583
DVAO,2019.1923,58554,2044,0.754492,0.112874,0.000806,0.000676,-0.02967,7.0718650541,125.6128690914,99.99911
DVAO,2019.1951,58555,2044,0.752367,0.114911,0.000853,0.00071,-0.032415,7.0718650725,125.61286907210001,100.00094
DVAO,2019.1978,58556,2044,0.752547,0.116895,0.00086,0.000713,-0.030996,7.0718650905,125.6128690738,99.99818
DVAO,2019.2005,58557,2044,0.754944,0.116936,0.000872,0.000717,-0.052814,7.0718650908,125.6128690955,99.99376
DVAO,2019.2033,58558,2044,0.754867,0.116146,0.000831,0.000703,-0.012973,7.0718650837,125.6128690948,100.0007
DVAO,2019.206,58559,2045,0.75486,0.116256,0.000839,0.000715,-0.003491,7.0718650847,125.61286909469999,100.00412
DVAO,2019.2088,58560,2045,0.752709,0.116063,0.000819,0.000688,-0.024581,7.071865083,125.6128690752,100.00102
DVAO,2019.2115,58561,2045,0.755348,0.113717,0.000833,0.000712,-0.035399,7.0718650617,125.61286909910001,99.99922
DVAO,2019.2142,58562,2045,0.75488,0.114824,0.000825,0.000708,-0.028573,7.0718650717,125.61286909489999,99.99845
DVAO,2019.217,58563,2045,0.755186,0.116236,0.00088,0.000716,-0.003522,7.0718650845,125.61286909770001,99.99361
DVAO,2019.2197,58564,2045,0.753226,0.116927,0.000838,0.000685,0.012295,7.0718650908,125.61286907990001,99.99097
DVAO,2019.2225,58565,2045,0.751882,0.116113,0.000851,0.000699,-0.04409,7.0718650834,125.6128690678,99.99386
DVAO,2019.2252,58566,2046,0.753369,0.11564,0.000817,0.000695,-0.007741,7.0718650791,125.61286908119999,99.99623
DVAO,2019.2279,58567,2046,0.752919,0.115948,0.000851,0.000703,0.005661,7.0718650819,125.61286907709999,99.99675
DVAO,2019.2307,58568,2046,0.754653,0.116396,0.000823,0.000684,0.001614,7.071865086,125.6128690928,99.99507
DVAO,2019.2334,58569,2046,0.754667,0.114992,0.000865,0.000711,-0.023753,7.0718650733,125.612869093,99.99429
DVAO,2019.2361,58570,2046,0.753268,0.116419,0.00086,0.000712,0.037672,7.0718650862,125.61286908029999,99.99299
DVAO,2019.2389,58571,2046,0.752715,0.11682,0.00084,0.000699,-0.01001,7.0718650898,125.61286907530001,99.99588
DVAO,2019.2416,58572,2046,0.752411,0.116381,0.000857,0.000704,-0.006469,7.0718650858,125.61286907249999,99.99638
DVAO,2019.2444,58573,2047,0.7519,0.115594,0.000828,0.000696,-0.012768,7.0718650787,125.6128690679,99.99974
DVAO,2019.2471,58574,2047,0.750655,0.116022,0.000876,0.000721,-0.031854,7.0718650826,125.6128690566,100.0043
DVAO,2019.2498,58575,2047,0.752111,0.11558,0.000814,0.000691,-0.003282,7.0718650786,125.61286906980001,99.99603
DVAO,2019.2526,58576,2047,0.752354,0.115854,0.000851,0.000719,-0.000814,7.0718650811,125.612869072,99.99799
DVAO,2019.2553,58577,2047,0.753068,0.115754,0.000836,0.000709,0.014704,7.0718650801,125.61286907850001,99.99715
DVAO,2019.258,58578,2047,0.750455,0.114755,0.000815,0.000691,-0.023345,7.0718650711,125.6128690548,99.99953
DVAO,2019.2608,58579,2047,0.749573,0.114944,0.00083,0.000692,-0.026333,7.0718650728,125.61286904689999,99.99473
DVAO,2019.2635,58580,2048,0.748969,0.11391,0.000875,0.000731,0.009588,7.0718650635,125.61286904139999,99.99731
DVAO,2019.2663,58581,2048,0.74998,0.115804,0.000842,0.000709,-0.025625,7.0718650806,125.6128690505,99.99143
DVAO,2019.269,58582,2048,0.749602,0.11611,0.00082,0.000694,0.004078,7.0718650834,125.61286904709999,100.00043
DVAO,2019.2717,58583,2048,0.7484,0.115643,0.000859,0.000743,0.003296,7.0718650792,125.61286903620001,99.99668
DVAO,2019.2745,58584,2048,0.749019,0.117569,0.000832,0.000703,-0.057982,7.0718650966,125.6128690418,99.98959
DVAO,2019.2772,58585,2048,0.751753,0.114344,0.000896,0.000745,-0.019756,7.0718650674,125.61286906660001,100.00755
DVAO,2019.2799,58586,2048,0.751455,0.114529,0.000844,0.000716,-0.039619,7.0718650691,125.6128690639,99.99771
DVAO,2019.2827,58587,2049,0.754846,0.115879,0.000839,0.000698,-0.018734,7.0718650813,125.6128690946,99.99969
DVAO,2019.2854,58588,2049,0.751522,0.114831,0.000829,0.000704,-0.013778,7.0718650718,125.61286906449999,99.99641
DVAO,2019.2882,58589,2049,0.751183,0.115475,0.000824,0.000696,-0.006289,7.0718650776,125.6128690614,99.99541
DVAO,2019.2909,58590,2049,0.7515,0.115294,0.000866,0.00074,-0.042097,7.071865076,125.61286906430001,100.00911
DVAO,2019.2936,58591,2049,0.750017,0.115581,0.000829,0.000693,-0.008133,7.0718650786,125.6128690509,99.99394
DVAO,2019.2964,58592,2049,0.748775,0.116483,0.00087,0.000733,-0.015428,7.0718650867,125.61286903960001,100.00319
DVAO,2019.2991,58593,2049,0.750109,0.114283,0.000895,0.000743,-0.050607,7.0718650669,125.61286905169999,99.99948
DVAO,2019.3018,58594,2050,0.749689,0.11647,0.000864,0.000707,-0.032843,7.0718650866,125.6128690479,100.00063
DVAO,2019.3046,58595,2050,0.748561,0.116172,0.000823,0.00069,-0.026826,7.0718650839,125.6128690377,100.00825
DVAO,2019.3073,58596,2050,0.749267,0.114688,0.000824,0.000698,0.004224,7.0718650705,125.6128690441,100.00009
DVAO,2019.3101,58597,2050,0.748681,0.114968,0.000813,0.000705,0.015492,7.071865073,125.6128690388,99.99742
DVAO,2019.3128,58598,2050,0.746426,0.112592,0.00088,0.000731,-0.017771,7.0718650516,125.6128690184,99.99326
DVAO,2019.3155,58599,2050,0.749596,0.11534,0.000861,0.000726,-0.011531,7.0718650764,125.61286904709999,100.00154
DVAO,2019.3183,58600,2050,0.75043,0.115051,0.000836,0.000697,-0.054332,7.0718650738,125.6128690546,100.00454
DVAO,2019.321,58601,2051,0.750373,0.115298,0.000845,0.000698,-0.019787,7.071865076,125.6128690541,100.00639
DVAO,2019.3238,58602,2051,0.751433,0.115941,0.000843,0.00071,-0.000818,7.0718650818,125.6128690637,99.99941
DVAO,2019.3265,58603,2051,0.751412,0.114118,0.000866,0.000711,-0.053447,7.0718650654,125.6128690635,99.99703
DVAO,2019.3292,58604,2051,0.751708,0.117144,0.000859,0.000715,0.005564,7.0718650927,125.6128690662,99.99588
DVAO,2019.332,58605,2051,0.751989,0.116851,0.000883,0.00072,-0.013349,7.0718650901,125.61286906870001,99.99677
DVAO,2019.3347,58606,2051,0.750228,0.116147,0.00087,0.000726,-0.03189,7.0718650837,125.6128690528,99.99154
DVAO,2019.3374,58607,2051,0.749904,0.116622,0.000856,0.000725,0.005024,7.071865088,125.6128690498,99.98811
DVAO,2019.3402,58608,2052,0.75203,0.113598,0.000891,0.000729,-0.003482,7.0718650607,125.61286906909999,100.01909
DVAO,2019.3429,58609,2052,0.751123,0.118417,0.000918,0.000768,-0.007657,7.0718651042,125.61286906090001,99.99486
DVAO,2019.3457,58610,2052,0.749572,0.117854,0.00082,0.000697,0.020793,7.0718650991,125.6128690468,99.99364
DVAO,2019.3484,58611,2052,0.748581,0.118,0.000845,0.000703,0.012716,7.0718651005,125.6128690379,100.0096
DVAO,2019.3511,58612,2052,0.748455,0.119142,0.00088,0.000729,0.009791,7.0718651108,125.6128690367,100.00833
DVAO,2019.3539,58613,2052,0.751636,0.119054,0.00086,0.0007,0.003009,7.07186511,125.6128690655,99.99882
DVAO,2019.3566,58614,2052,0.750407,0.118047,0.000851,0.000715,-0.008614,7.0718651009,125.6128690544,99.99388
DVAO,2019.3593,58615,2053,0.750326,0.118383,0.000853,0.000698,-0.038649,7.0718651039,125.6128690537,99.99605
DVAO,2019.3621,58616,2053,0.753737,0.11764,0.000868,0.000728,-0.042208,7.0718650972,125.6128690845,99.997
DVAO,2019.3648,58617,2053,0.750809,0.118242,0.000847,0.000702,-0.038168,7.0718651027,125.612869058,99.99236
DVAO,2019.3676,58618,2053,0.748893,0.121684,0.000843,0.000697,-0.013113,7.0718651338,125.61286904069999,99.99277
DVAO,2019.3703,58619,2053,0.74956,0.117059,0.000836,0.000694,0.03147,7.071865092,125.61286904670001,100.00486
DVAO,2019.373,58620,2053,0.750395,0.116916,0.000845,0.000713,0.014177,7.0718650907,125.6128690543,100.00396
DVAO,2019.3758,58621,2053,0.747864,0.118609,0.000857,0.000731,-0.006126,7.071865106,125.61286903140001,100.0071
DVAO,2019.3785,58622,2054,0.751414,0.118868,0.000878,0.000726,-0.009682,7.0718651083,125.6128690635,99.98996
DVAO,2019.3812,58623,2054,0.75114,0.118938,0.000853,0.000706,-0.002085,7.0718651089,125.612869061,99.99434
DVAO,2019.384,58624,2054,0.751502,0.120276,0.000866,0.000708,0.018107,7.071865121,125.61286906430001,99.99881
DVAO,2019.3867,58625,2054,0.750759,0.118152,0.000845,0.000705,0.026152,7.0718651018,125.6128690576,100.00438
DVAO,2019.3895,58626,2054,0.747372,0.118002,0.000873,0.000726,-0.062698,7.0718651005,125.6128690269,99.99463
DVAO,2019.3922,58627,2054,0.754117,0.119607,0.000899,0.000746,-0.060226,7.071865115,125.612869088,99.99511
DVAO,2019.3949,58628,2054,0.750274,0.119759,0.000838,0.000696,-0.029668,7.0718651164,125.6128690532,99.99742
DVAO,2019.3977,58629,2055,0.748008,0.120916,0.000819,0.000696,0.024103,7.0718651268,125.61286903269999,100.00178
DVAO,2019.4004,58630,2055,0.747717,0.120226,0.000833,0.000712,-0.020013,7.0718651206,125.6128690301,99.99533
DVAO,2019.4031,58631,2055,0.750271,0.118077,0.000813,0.000678,-0.003715,7.0718651012,125.6128690532,99.99787
DVAO,2019.4059,58632,2055,0.752095,0.119962,0.000847,0.000713,-0.031764,7.0718651182,125.6128690697,100.01319
DVAO,2019.4086,58633,2055,0.748185,0.118169,0.000826,0.000701,-0.013483,7.071865102,125.61286903429999,100.00167
DVAO,2019.4114,58634,2055,0.749206,0.119955,0.000848,0.000705,0.00103,7.0718651181,125.61286904350001,99.99552
DVAO,2019.4141,58635,2055,0.746732,0.117173,0.000886,0.000742,-0.015786,7.071865093,125.61286902110001,100.00038
DVAO,2019.4168,58636,2056,0.746854,0.118933,0.000814,0.000687,-0.009385,7.0718651089,125.61286902219999,99.99379
DVAO,2019.4196,58637,2056,0.747943,0.119117,0.00085,0.000691,-0.019031,7.0718651106,125.61286903210001,100.00334
DVAO,2019.4223,58638,2056,0.748599,0.118632,0.000864,0.000717,0.019563,7.0718651062,125.61286903800001,99.99896
DVAO,2019.4251,58639,2056,0.751084,0.121417,0.000827,0.000699,-0.041405,7.0718651314,125.6128690605,99.998
DVAO,2019.4278,58640,2056,0.748643,0.119801,0.00085,0.000697,-0.002837,7.0718651167,125.61286903839999,99.99613
DVAO,2019.4305,58641,2056,0.747244,0.118949,0.000838,0.000709,-0.018404,7.071865109,125.6128690258,99.99742
DVAO,2019.4333,58642,2056,0.749558,0.120426,0.000858,0.0007,-0.011587,7.0718651224,125.61286904670001,99.99607
DVAO,2019.436,58643,2057,0.748213,0.120862,0.00083,0.000699,-0.009001,7.0718651263,125.6128690345,99.99842
DVAO,2019.4387,58644,2057,0.747779,0.120258,0.000873,0.000754,0.00635,7.0718651209,125.6128690306,100.00279
DVAO,2019.4415,58645,2057,0.748015,0.119957,0.000845,0.000726,-0.005588,7.0718651182,125.6128690328,100.00164
DVAO,2019.4442,58646,2057,0.747439,0.121841,0.000873,0.000742,0.020734,7.0718651352,125.61286902750001,99.99353
DVAO,2019.447,58647,2057,0.747722,0.120202,0.000876,0.000745,-0.001262,7.0718651204,125.6128690301,99.99933
DVAO,2019.4497,58648,2057,0.747357,0.121306,0.000865,0.000727,0.012986,7.0718651304,125.61286902680001,99.99006
DVAO,2019.4524,58649,2057,0.748556,0.122097,0.000866,0.000735,0.03663,7.0718651375,125.6128690377,99.99751
DVAO,2019.4552,58650,2058,0.747171,0.122983,0.00086,0.000737,-0.001509,7.0718651455,125.6128690251,99.98995
DVAO,2019.4579,58651,2058,0.746641,0.12374,0.000913,0.000787,-0.023285,7.0718651524,125.6128690203,99.98676
DVAO,2019.4606,58652,2058,0.744099,0.122298,0.000859,0.000729,-0.009892,7.0718651393,125.61286899730001,100.00238
DVAO,2019.4634,58653,2058,0.74897,0.120667,0.000878,0.000742,-0.01583,7.0718651246,125.61286904139999,99.99797
DVAO,2019.4661,58654,2058,0.743128,0.1308,0.000902,0.000762,-0.001981,7.0718652162,125.6128689885,99.99634
DVAO,2019.4689,58655,2058,0.748642,0.123353,0.000841,0.000701,-0.028286,7.0718651489,125.61286903839999,99.99835
DVAO,2019.4716,58656,2058,0.748182,0.121286,0.000838,0.000705,-0.020037,7.0718651302,125.61286903429999,99.99657
DVAO,2019.4743,58657,2059,0.74584,0.122546,0.000848,0.000716,-0.004779,7.0718651416,125.61286901310001,99.99368
DVAO,2019.4771,58658,2059,0.74623,0.122595,0.000856,0.000715,-0.033961,7.071865142,125.6128690166,99.98368
DVAO,2019.4798,58659,2059,0.749417,0.124663,0.000901,0.000751,-0.028635,7.0718651607,125.6128690454,99.99429
DVAO,2019.4825,58660,2059,0.747935,0.124048,0.000845,0.000721,-0.006338,7.0718651552,125.61286903199999,100.00157
DVAO,2019.4853,58661,2059,0.74881,0.122423,0.000835,0.000686,-0.036952,7.0718651405,125.61286903999999,99.99567
DVAO,2019.488,58662,2059,0.749945,0.121162,0.000846,0.000709,-0.053292,7.0718651291,125.6128690502,99.99883
DVAO,2019.4908,58663,2059,0.746589,0.122544,0.000812,0.000687,0.01239,7.0718651416,125.6128690198,99.99562
DVAO,2019.4935,58664,2060,0.747652,0.12062,0.000835,0.000698,-0.007507,7.0718651242,125.61286902949999,99.9916
DVAO,2019.4962,58665,2060,0.746259,0.12061,0.000811,0.000674,0.002925,7.0718651241,125.61286901689999,99.98636
DVAO,2019.499,58666,2060,0.746465,0.121225,0.000829,0.000692,-0.002739,7.0718651296,125.6128690187,99.98938
DVAO,2019.5017,58667,2060,0.747279,0.121969,0.000821,0.00068,-0.02009,7.0718651364,125.61286902609999,99.99034
DVAO,2019.5044,58668,2060,0.747134,0.122698,0.000846,0.000714,-0.040016,7.0718651429,125.6128690248,99.99443
DVAO,2019.5072,58669,2060,0.746541,0.121607,0.0008,0.00068,-0.010635,7.0718651331,125.6128690194,99.99332
DVAO,2019.5099,58670,2060,0.746186,0.123804,0.000817,0.000678,-0.00958,7.0718651529,125.6128690162,99.99391
DVAO,2019.5127,58671,2061,0.747013,0.122426,0.000814,0.000691,-0.019728,7.0718651405,125.6128690237,99.99003
DVAO,2019.5154,58672,2061,0.74756,0.122971,0.000823,0.000694,0.003646,7.0718651454,125.61286902859999,99.99224
DVAO,2019.5181,58673,2061,0.745977,0.123736,0.000822,0.000687,-0.016288,7.0718651523,125.6128690143,99.98935
DVAO,2019.5209,58674,2061,0.747677,0.1221,0.000825,0.000708,-0.004964,7.0718651375,125.6128690297,99.98541
DVAO,2019.5236,58675,2061,0.746402,0.121285,0.000827,0.0007,0.008564,7.0718651302,125.6128690182,99.99486
DVAO,2019.5264,58676,2061,0.745629,0.120225,0.00082,0.000687,-0.016842,7.0718651206,125.61286901119999,99.98631
DVAO,2019.5291,58677,2061,0.745802,0.119667,0.00085,0.000706,-0.012486,7.0718651155,125.6128690127,99.988
DVAO,2019.5318,58678,2062,0.746493,0.121728,0.000837,0.000709,0.018908,7.0718651342,125.61286901899999,99.99532
DVAO,2019.5346,58679,2062,0.746589,0.123274,0.00084,0.000716,-0.039205,7.0718651481,125.6128690198,99.99215
DVAO,2019.5373,58680,2062,0.745899,0.122885,0.000836,0.000708,0.033937,7.0718651446,125.6128690136,100.00084
DVAO,2019.54,58681,2062,0.744648,0.121896,0.000845,0.000689,-0.037944,7.0718651357,125.61286900229999,99.99546
DVAO,2019.5428,58682,2062,0.746312,0.122851,0.000852,0.00069,-0.029571,7.0718651443,125.6128690173,99.99047
DVAO,2019.5455,58683,2062,0.744234,0.124895,0.000875,0.000702,-0.044279,7.0718651628,125.6128689985,99.99071
DVAO,2019.5483,58684,2062,0.744363,0.123251,0.000818,0.000686,-0.024585,7.0718651479,125.6128689997,99.99334
DVAO,2019.551,58685,2063,0.745592,0.121989,0.000835,0.000707,-0.010984,7.0718651365,125.61286901080001,99.99041
DVAO,2019.5537,58686,2063,0.742177,0.123894,0.000852,0.000733,-0.040751,7.0718651538,125.61286897990001,99.99105
DVAO,2019.5565,58687,2063,0.743463,0.121518,0.000847,0.000717,-0.034787,7.0718651323,125.61286899160001,99.9899
DVAO,2019.5592,58688,2063,0.742434,0.122896,0.000833,0.000719,-0.025927,7.0718651447,125.61286898220001,99.991
DVAO,2019.5619,58689,2063,0.743964,0.123431,0.000818,0.000689,-0.026474,7.0718651496,125.61286899609999,99.99286
DVAO,2019.5647,58690,2063,0.743094,0.123492,0.000843,0.000699,-0.023499,7.0718651501,125.6128689882,99.9886
DVAO,2019.5674,58691,2063,0.743583,0.123877,0.000811,0.000686,-0.008416,7.0718651536,125.6128689926,99.99039
DVAO,2019.5702,58692,2064,0.742326,0.1236,0.000841,0.000699,-0.065502,7.0718651511,125.61286898130001,99.98571
DVAO,2019.5729,58693,2064,0.741925,0.122931,0.00084,0.000702,-0.040478,7.0718651451,125.61286897759999,99.98655
DVAO,2019.5756,58694,2064,0.743774,0.123801,0.000816,0.000687,0.000248,7.0718651529,125.6128689944,99.99359
DVAO,2019.5784,58695,2064,0.742774,0.124294,0.00081,0.000706,0.029269,7.0718651574,125.6128689853,99.98655
DVAO,2019.5811,58696,2064,0.742843,0.124098,0.000816,0.000695,0.02622,7.0718651556,125.61286898590001,99.99371
DVAO,2019.5838,58697,2064,0.741787,0.123994,0.000833,0.000708,-0.012695,7.0718651547,125.6128689764,99.98229
DVAO,2019.5866,58698,2064,0.743198,0.121923,0.000836,0.000724,-0.013339,7.0718651359,125.6128689892,99.9982
DVAO,2019.5893,58699,2065,0.742506,0.123545,0.00082,0.000683,-0.008075,7.0718651506,125.61286898290001,99.98796
DVAO,2019.5921,58700,2065,0.740654,0.123619,0.000844,0.000702,-0.020429,7.0718651513,125.6128689661,99.99304
DVAO,2019.5948,58701,2065,0.741759,0.121365,0.000847,0.000705,-0.045781,7.0718651309,125.6128689761,99.99453
DVAO,2019.5975,58702,2065,0.742244,0.124536,0.000862,0.000706,-0.039178,7.0718651596,125.6128689805,99.99883
DVAO,2019.6003,58703,2065,0.744634,0.127194,0.000888,0.000744,-0.058941,7.0718651836,125.6128690022,99.99655
DVAO,2019.603,58704,2065,0.742726,0.122262,0.000817,0.000686,-0.012437,7.071865139,125.61286898489999,99.99479
DVAO,2019.6057,58705,2065,0.743602,0.119229,0.000859,0.000729,-0.021061,7.0718651116,125.6128689928,99.97989
DVAO,2019.6085,58706,2066,0.743171,0.12216,0.000849,0.000723,-0.011539,7.0718651381,125.6128689889,99.98729
DVAO,2019.6112,58707,2066,0.741296,0.122161,0.000831,0.000691,-0.017024,7.0718651381,125.61286897190001,99.99196
DVAO,2019.614,58708,2066,0.741559,0.120493,0.000813,0.000687,0.007039,7.071865123,125.6128689743,99.99162
DVAO,2019.6167,58709,2066,0.740981,0.119921,0.000817,0.000707,-0.017597,7.0718651178,125.61286896909999,99.99389
DVAO,2019.6194,58710,2066,0.741621,0.119161,0.000817,0.000698,-0.001022,7.071865111,125.61286897490001,99.98941
DVAO,2019.6222,58711,2066,0.739042,0.119747,0.000826,0.0007,0.013185,7.0718651163,125.61286895149999,99.99625
DVAO,2019.6249,58712,2066,0.739967,0.122738,0.000839,0.000708,-0.003796,7.0718651433,125.6128689599,99.99445
DVAO,2019.6277,58713,2067,0.740378,0.122014,0.000801,0.000684,0.010595,7.0718651368,125.6128689636,99.99069
DVAO,2019.6304,58714,2067,0.743262,0.120301,0.000813,0.000691,0.003824,7.0718651213,125.61286898969999,99.99814
DVAO,2019.6331,58715,2067,0.743816,0.121794,0.000802,0.000695,-0.021033,7.0718651348,125.6128689947,99.99654
DVAO,2019.6359,58716,2067,0.74256,0.120864,0.000819,0.000697,0.03755,7.0718651264,125.6128689834,99.98761
DVAO,2019.6386,58717,2067,0.741704,0.122984,0.000835,0.000694,0.002221,7.0718651455,125.61286897560001,99.98613
DVAO,2019.6413,58718,2067,0.742398,0.123653,0.000822,0.000694,0.022728,7.0718651516,125.6128689819,99.99337
DVAO,2019.6441,58719,2067,0.743435,0.122535,0.000817,0.00069,-0.001193,7.0718651415,125.61286899129999,99.98677
DVAO,2019.6468,58720,2068,0.744024,0.122118,0.000842,0.000715,-0.039402,7.0718651377,125.61286899660001,99.98577
DVAO,2019.6496,58721,2068,0.742335,0.123151,0.000812,0.000693,-0.019127,7.071865147,125.61286898130001,99.98742
DVAO,2019.6523,58722,2068,0.742897,0.120422,0.000846,0.000724,-0.005645,7.0718651224,125.6128689864,99.99559
DVAO,2019.655,58723,2068,0.744251,0.119434,0.000867,0.000757,-0.066937,7.0718651134,125.61286899870001,99.99162
DVAO,2019.6578,58724,2068,0.744465,0.121064,0.000871,0.000748,-0.028463,7.0718651282,125.6128690006,99.99475
DVAO,2019.6605,58725,2068,0.74336,0.122902,0.000841,0.000723,-0.016492,7.0718651448,125.61286899059999,99.98642
DVAO,2019.6632,58726,2068,0.744021,0.121695,0.000835,0.000707,0.005314,7.0718651339,125.61286899660001,99.98787
DVAO,2019.666,58727,2069,0.742564,0.122945,0.000847,0.000694,-0.003935,7.0718651452,125.6128689834,99.99038
DVAO,2019.6687,58728,2069,0.741696,0.120679,0.000861,0.000722,-0.025211,7.0718651247,125.61286897560001,99.99221
DVAO,2019.6715,58729,2069,0.742004,0.121943,0.000825,0.000713,-0.014957,7.0718651361,125.61286897830001,99.9828
DVAO,2019.6742,58730,2069,0.743965,0.122762,0.000803,0.000692,0.027611,7.0718651435,125.61286899609999,99.98908
DVAO,2019.6769,58731,2069,0.742099,0.121966,0.000833,0.000712,0.003147,7.0718651363,125.61286897919999,99.99062
DVAO,2019.6797,58732,2069,0.740492,0.121727,0.000855,0.000716,0.002938,7.0718651342,125.6128689647,99.98808
DVAO,2019.6824,58733,2069,0.742091,0.123232,0.000823,0.000695,-0.023762,7.0718651478,125.6128689791,99.99103
DVAO,2019.6851,58734,2070,0.742432,0.123495,0.000826,0.000696,-0.035477,7.0718651501,125.61286898220001,99.98483
DVAO,2019.6879,58735,2070,0.74307,0.122984,0.000851,0.000734,-0.01033,7.0718651455,125.612868988,99.9938
DVAO,2019.6906,58736,2070,0.743084,0.119602,0.00085,0.000725,-0.007927,7.071865115,125.61286898809999,99.9822
DVAO,2019.6934,58737,2070,0.7441,0.124123,0.00084,0.000723,-0.013224,7.0718651558,125.61286899730001,99.99324
DVAO,2019.6961,58738,2070,0.743048,0.123426,0.000853,0.00072,-0.056371,7.0718651495,125.6128689878,100.00032
DVAO,2019.6988,58739,2070,0.742364,0.122598,0.000826,0.000716,-0.013705,7.071865142,125.6128689816,99.98865
DVAO,2019.7016,58740,2070,0.742838,0.117726,0.000812,0.000679,-0.022595,7.071865098,125.61286898590001,99.9903
DVAO,2019.7043,58741,2071,0.741279,0.122097,0.000812,0.000682,-0.011431,7.0718651375,125.6128689718,99.9977
DVAO,2019.707,58742,2071,0.742794,0.122814,0.000816,0.000689,-0.018963,7.071865144,125.6128689855,99.99677
DVAO,2019.7098,58743,2071,0.742289,0.122975,0.000846,0.000696,4.1e-05,7.0718651455,125.6128689809,99.99504
DVAO,2019.7125,58744,2071,0.742343,0.122648,0.000817,0.0007,-0.017797,7.0718651425,125.6128689814,99.99339
DVAO,2019.7153,58745,2071,0.740211,0.121526,0.000796,0.000671,0.007363,7.0718651323,125.61286896210001,99.98636
DVAO,2019.718,58746,2071,0.740089,0.118672,0.000884,0.000744,-0.046445,7.0718651065,125.612868961,99.99063
DVAO,2019.7207,58747,2071,0.73924,0.119409,0.000843,0.000702,0.002855,7.0718651132,125.6128689533,99.98528
DVAO,2019.7235,58748,2072,0.740117,0.119705,0.00084,0.000705,0.007533,7.0718651159,125.6128689613,99.99185
DVAO,2019.7262,58749,2072,0.738669,0.121322,0.000843,0.000743,-0.019507,7.0718651305,125.6128689482,99.98626
DVAO,2019.729,58750,2072,0.740962,0.121183,0.00081,0.000694,0.014556,7.0718651292,125.61286896889999,99.99561
DVAO,2019.7317,58751,2072,0.742303,0.121681,0.000829,0.000702,0.001738,7.0718651337,125.61286898110001,99.98407
DVAO,2019.7344,58752,2072,0.737324,0.119172,0.000828,0.000697,-0.029884,7.0718651111,125.61286893600001,99.99805
DVAO,2019.7372,58753,2072,0.739616,0.12167,0.000838,0.000703,-0.020357,7.0718651337,125.6128689567,99.98935
DVAO,2019.7399,58754,2072,0.741998,0.116415,0.000907,0.000768,-0.028842,7.0718650861,125.61286897830001,99.99296
DVAO,2019.7426,58755,2073,0.739993,0.119128,0.000836,0.000705,-0.03612,7.0718651107,125.6128689601,99.98589
DVAO,2019.7454,58756,2073,0.7405,0.120779,0.000834,0.000692,-0.003346,7.0718651256,125.6128689647,99.99212
DVAO,2019.7481,58757,2073,0.742766,0.119909,0.000859,0.000722,-0.05958,7.0718651177,125.61286898520001,99.98709
DVAO,2019.7509,58758,2073,0.74276,0.120582,0.000845,0.000734,-0.015526,7.0718651238,125.61286898520001,99.99255
DVAO,2019.7536,58759,2073,0.740773,0.122802,0.000868,0.000773,0.045613,7.0718651439,125.6128689672,99.98331
DVAO,2019.7563,58760,2073,0.739797,0.121144,0.000869,0.000744,0.05408,7.0718651289,125.61286895840001,99.97704
DVAO,2019.7591,58761,2073,0.739806,0.122829,0.000823,0.000713,0.00705,7.0718651441,125.61286895840001,99.987
DVAO,2019.7618,58762,2074,0.740749,0.120214,0.000855,0.000712,0.008392,7.0718651205,125.612868967,99.99185
DVAO,2019.7645,58763,2074,0.737832,0.120281,0.000861,0.000752,0.029607,7.0718651211,125.61286894060001,100.00048
DVAO,2019.7673,58764,2074,0.740333,0.120694,0.000826,0.000709,-0.053086,7.0718651248,125.61286896319999,99.99
DVAO,2019.77,58765,2074,0.744397,0.120517,0.000844,0.000706,-0.027042,7.0718651232,125.61286899999999,99.99921
DVAO,2019.7728,58766,2074,0.742139,0.120691,0.000823,0.000732,0.042469,7.0718651248,125.6128689796,99.99087
DVAO,2019.7755,58767,2074,0.742866,0.118908,0.000826,0.000717,-0.031028,7.0718651087,125.61286898610001,100.00198
DVAO,2019.7782,58768,2074,0.74171,0.121194,0.000837,0.000731,0.01178,7.0718651293,125.6128689757,99.98578
DVAO,2019.781,58769,2075,0.743419,0.119524,0.000842,0.000709,-0.037633,7.0718651142,125.61286899109999,99.98713
DVAO,2019.7837,58770,2075,0.738699,0.120071,0.000822,0.000705,-0.026316,7.0718651192,125.6128689484,99.99521
DVAO,2019.7864,58771,2075,0.742835,0.120043,0.000826,0.000722,-0.007565,7.0718651189,125.61286898590001,99.99799
DVAO,2019.7892,58772,2075,0.739425,0.120914,0.000842,0.000745,-0.019715,7.0718651268,125.61286895500001,99.98728
DVAO,2019.7919,58773,2075,0.738346,0.119224,0.000869,0.000736,-0.041021,7.0718651115,125.6128689452,99.98812
DVAO,2019.7947,58774,2075,0.73853,0.116809,0.000839,0.000731,-0.025863,7.0718650897,125.6128689469,99.98921
DVAO,2019.7974,58775,2075,0.736783,0.116021,0.00083,0.000705,-0.010231,7.0718650826,125.6128689311,99.98661
DVAO,2019.8001,58776,2076,0.734166,0.1188,0.000863,0.000737,0.011063,7.0718651077,125.61286890740001,99.99785
DVAO,2019.8029,58777,2076,0.735084,0.118551,0.000828,0.000708,-0.005813,7.0718651054,125.6128689157,99.97838
DVAO,2019.8056,58778,2076,0.737184,0.116795,0.000858,0.000758,-0.022318,7.0718650896,125.6128689347,99.98509
DVAO,2019.8084,58779,2076,0.735723,0.119123,0.000886,0.000756,-0.030228,7.0718651106,125.6128689215,99.98593
DVAO,2019.8111,58780,2076,0.737174,0.119382,0.000862,0.000742,-0.047319,7.071865113,125.61286893459999,99.9954
DVAO,2019.8138,58781,2076,0.736088,0.11624,0.000834,0.000702,-0.013835,7.0718650845,125.61286892480001,99.99193
DVAO,2019.8166,58782,2076,0.735627,0.11623,0.000831,0.00073,0.006433,7.0718650845,125.6128689206,99.98849
DVAO,2019.8193,58783,2077,0.736416,0.117861,0.000845,0.00072,-0.009902,7.0718650992,125.61286892780001,99.98963
DVAO,2019.822,58784,2077,0.738116,0.118267,0.00084,0.000722,-0.011192,7.0718651029,125.6128689432,99.98796
DVAO,2019.8248,58785,2077,0.728799,0.118201,0.000889,0.000764,-0.020648,7.0718651023,125.6128688588,99.99396
DVAO,2019.8275,58786,2077,0.727965,0.114715,0.000816,0.000692,-0.019417,7.0718650708,125.6128688513,99.99065
DVAO,2019.8303,58787,2077,0.719666,0.112819,0.00088,0.000722,0.009737,7.0718650536,125.6128687762,99.98961
DVAO,2019.833,58788,2077,0.718869,0.114659,0.000881,0.000731,-0.034384,7.0718650702,125.6128687689,99.99267
DVAO,2019.8357,58789,2077,0.717686,0.113672,0.000799,0.000681,-0.0114,7.0718650613,125.6128687582,99.99578
DVAO,2019.8385,58790,2078,0.717334,0.11291,0.000798,0.000705,-0.015097,7.0718650544,125.612868755,99.9933
DVAO,2019.8412,58791,2078,0.717744,0.112449,0.000794,0.000686,-0.021592,7.0718650503,125.61286875869999,99.99451
DVAO,2019.8439,58792,2078,0.717873,0.111324,0.000824,0.000696,-0.014438,7.0718650401,125.61286875990001,99.99625
DVAO,2019.8467,58793,2078,0.718842,0.112712,0.000798,0.000684,-0.01467,7.0718650526,125.6128687687,99.99439
DVAO,2019.8494,58794,2078,0.719297,0.111972,0.000798,0.00069,-0.01081,7.071865046,125.6128687728,99.99555
DVAO,2019.8522,58795,2078,0.717301,0.1128,0.000804,0.0007,-0.032591,7.0718650534,125.6128687547,99.99062
DVAO,2019.8549,58796,2078,0.715172,0.110934,0.000802,0.000706,0.010531,7.0718650366,125.6128687355,99.99391
DVAO,2019.8576,58797,2079,0.716239,0.112738,0.000835,0.000714,-0.042723,7.0718650529,125.6128687451,99.99553
DVAO,2019.8604,58798,2079,0.716743,0.109208,0.00082,0.000734,0.001315,7.071865021,125.6128687497,99.99076
DVAO,2019.8631,58799,2079,0.718326,0.110996,0.000841,0.000711,-0.028653,7.0718650371,125.61286876400001,99.99795
DVAO,2019.8658,58800,2079,0.71648,0.111897,0.000816,0.000719,0.025856,7.0718650453,125.61286874730001,99.99363
DVAO,2019.8686,58801,2079,0.715018,0.113644,0.00081,0.000711,-0.011631,7.0718650611,125.6128687341,99.98334
DVAO,2019.8713,58802,2079,0.717989,0.112956,0.000861,0.000751,-0.00642,7.0718650548,125.61286876099999,99.99755
DVAO,2019.8741,58803,2079,0.717279,0.111784,0.000808,0.0007,-0.013791,7.0718650443,125.6128687545,99.99438
DVAO,2019.8768,58804,2080,0.716765,0.110578,0.000879,0.000739,0.038798,7.0718650333,125.6128687499,99.99203
DVAO,2019.8795,58805,2080,0.715255,0.11026,0.000851,0.000731,0.008382,7.0718650305,125.6128687362,99.99797
DVAO,2019.8823,58806,2080,0.716712,0.111998,0.000825,0.000728,-0.003535,7.0718650462,125.61286874940001,99.99486
DVAO,2019.885,58807,2080,0.715086,0.112282,0.000815,0.000736,0.03309,7.0718650488,125.61286873469999,100.00174
DVAO,2019.8877,58808,2080,0.714873,0.108807,0.000841,0.000734,-0.004762,7.0718650173,125.6128687328,99.99717
DVAO,2019.8905,58809,2080,0.714204,0.111029,0.000858,0.00073,0.011988,7.0718650374,125.61286872669999,99.9833
DVAO,2019.8932,58810,2080,0.715257,0.112153,0.000857,0.000747,0.030895,7.0718650476,125.6128687362,100.00367
DVAO,2019.896,58811,2081,0.714336,0.112316,0.000858,0.000727,-0.013469,7.0718650491,125.61286872790001,100.00048
DVAO,2019.8987,58812,2081,0.714886,0.110524,0.000842,0.00072,0.003858,7.0718650329,125.61286873290001,99.99221
DVAO,2019.9014,58813,2081,0.714333,0.109827,0.000845,0.000724,0.031877,7.0718650266,125.61286872790001,99.99121
DVAO,2019.9042,58814,2081,0.713964,0.111649,0.000878,0.000722,0.002485,7.071865043,125.6128687245,99.99762
DVAO,2019.9069,58815,2081,0.711372,0.112855,0.000845,0.00073,0.030189,7.0718650539,125.61286870110001,99.99157
DVAO,2019.9097,58816,2081,0.715377,0.110609,0.000841,0.000728,0.003267,7.0718650336,125.6128687373,99.99041
DVAO,2019.9124,58817,2081,0.713901,0.112832,0.000832,0.000706,-0.016106,7.0718650537,125.61286872400001,99.99942
DVAO,2019.9151,58818,2082,0.71485,0.110509,0.000848,0.00071,-0.029244,7.0718650327,125.61286873259999,100.00222
DVAO,2019.9179,58819,2082,0.714218,0.108922,0.000863,0.00073,-0.013395,7.0718650184,125.6128687268,99.99513
DVAO,2019.9206,58820,2082,0.715239,0.110887,0.000805,0.000708,-0.001755,7.0718650361,125.61286873610001,99.98922
DVAO,2019.9233,58821,2082,0.717346,0.109699,0.000827,0.00073,-0.001276,7.0718650254,125.61286875510001,99.99285
DVAO,2019.9261,58822,2082,0.715048,0.111901,0.000876,0.000761,-0.039708,7.0718650453,125.6128687344,100.00682
DVAO,2019.9288,58823,2082,0.715831,0.109985,0.000829,0.000739,0.023159,7.071865028,125.6128687414,99.98916
DVAO,2019.9316,58824,2082,0.713236,0.11288,0.000842,0.000724,-0.009321,7.0718650542,125.61286871799999,99.9925
DVAO,2019.9343,58825,2083,0.715161,0.113285,0.000874,0.000742,-0.011606,7.0718650578,125.61286873540001,99.99967
DVAO,2019.937,58826,2083,0.715816,0.111609,0.000834,0.000723,-0.00585,7.0718650427,125.61286874129999,99.99318
DVAO,2019.9398,58827,2083,0.714712,0.108643,0.000858,0.000745,0.037867,7.0718650159,125.61286873130001,99.99882
DVAO,2019.9425,58828,2083,0.713086,0.111758,0.00088,0.000729,-0.004322,7.071865044,125.61286871659999,100.00018
DVAO,2019.9452,58829,2083,0.714431,0.109952,0.000841,0.000724,-0.009033,7.0718650277,125.61286872880001,99.98633
DVAO,2019.948,58830,2083,0.714902,0.107806,0.000854,0.000728,0.009742,7.0718650083,125.612868733,99.98991
DVAO,2019.9507,58831,2083,0.715681,0.108973,0.000879,0.000763,-0.001593,7.0718650188,125.6128687401,99.99654
DVAO,2019.9535,58832,2084,0.714887,0.112358,0.000819,0.000694,-0.005821,7.0718650494,125.61286873290001,99.99489
DVAO,2019.9562,58833,2084,0.714119,0.114594,0.000814,0.00071,0.006772,7.0718650697,125.6128687259,99.98972
DVAO,2019.9589,58834,2084,0.714902,0.11458,0.000808,0.000692,-0.009847,7.0718650695,125.612868733,99.99062
DVAO,2019.9617,58835,2084,0.714436,0.115895,0.000823,0.000713,-0.014099,7.0718650814,125.61286872880001,99.98821
DVAO,2019.9644,58836,2084,0.713397,0.113857,0.000803,0.000699,-0.008688,7.071865063,125.61286871940001,99.99405
DVAO,2019.9671,58837,2084,0.714556,0.113732,0.000804,0.0007,0.006662,7.0718650619,125.61286872989999,99.99364
DVAO,2019.9699,58838,2084,0.715235,0.113913,0.000803,0.000719,-0.010882,7.0718650635,125.612868736,99.99453
DVAO,2019.9726,58839,2085,0.712132,0.113349,0.000832,0.00072,-0.024874,7.0718650584,125.61286870800001,99.99465
DVAO,2019.9754,58840,2085,0.711691,0.114494,0.000836,0.000721,-0.027435,7.0718650688,125.612868704,99.98938
DVAO,2019.9781,58841,2085,0.712264,0.114677,0.0008,0.000697,0.005492,7.0718650704,125.61286870910001,99.99577
DVAO,2019.9808,58842,2085,0.716465,0.111549,0.00089,0.000772,-0.005511,7.0718650421,125.6128687472,100.00056
DVAO,2019.9836,58843,2085,0.712925,0.116195,0.000816,0.000701,0.011871,7.0718650841,125.6128687151,99.99779
DVAO,2019.9863,58844,2085,0.712178,0.115175,0.000812,0.000695,-0.002712,7.0718650749,125.61286870839999,99.9904
DVAO,2019.989,58845,2085,0.713116,0.116067,0.000827,0.0007,0.011389,7.071865083,125.61286871690001,99.99835
DVAO,2019.9918,58846,2086,0.710144,0.114747,0.000824,0.000702,-0.015239,7.071865071,125.61286869,99.99349
DVAO,2019.9945,58847,2086,0.713209,0.113975,0.000861,0.00073,-0.045309,7.0718650641,125.6128687177,99.99132
DVAO,2019.9973,58848,2086,0.711482,0.115707,0.000841,0.000712,-0.002999,7.0718650797,125.6128687021,99.98863
DVAO,2020.0,58849,2086,0.712541,0.112965,0.000833,0.000699,-0.0286,7.0718650549,125.6128687117,99.99534
DVAO,2020.0027,58850,2086,0.712692,0.113192,0.000824,0.000696,-0.009635,7.071865057,125.61286871300001,99.99581
DVAO,2020.0055,58851,2086,0.712441,0.112227,0.00085,0.000722,-0.009791,7.0718650483,125.61286871070001,99.98473
DVAO,2020.0082,58852,2086,0.711703,0.113955,0.000885,0.000739,-0.003051,7.0718650639,125.61286870410001,99.99828
DVAO,2020.011,58853,2087,0.710202,0.115139,0.000878,0.000751,0.036762,7.0718650746,125.6128686905,99.98974
DVAO,2020.0137,58854,2087,0.713174,0.11602,0.000827,0.000719,0.000728,7.0718650826,125.6128687174,99.99866
DVAO,2020.0164,58855,2087,0.711326,0.11769,0.000841,0.000747,-0.012329,7.0718650977,125.6128687007,99.9923
DVAO,2020.0192,58856,2087,0.71191,0.11511,0.000851,0.000727,-0.007939,7.0718650743,125.61286870590001,100.00206
DVAO,2020.0219,58857,2087,0.710589,0.113642,0.000817,0.0007,-0.042761,7.0718650611,125.61286869400001,99.99716
DVAO,2020.0246,58858,2087,0.710122,0.115743,0.000819,0.0007,-0.03041,7.0718650801,125.6128686898,99.98253
DVAO,2020.0274,58859,2087,0.711684,0.11463,0.000847,0.000704,0.013114,7.07186507,125.6128687039,99.98579
DVAO,2020.0301,58860,2088,0.711981,0.114375,0.000824,0.000708,-0.022053,7.0718650677,125.61286870660001,99.99903
DVAO,2020.0329,58861,2088,0.711499,0.113538,0.000797,0.000688,-0.007339,7.0718650601,125.61286870219999,99.99255
DVAO,2020.0356,58862,2088,0.711786,0.115773,0.000827,0.0007,-0.034837,7.0718650803,125.61286870480001,99.98915
DVAO,2020.0383,58863,2088,0.712044,0.115464,0.000819,0.000696,-0.00144,7.0718650775,125.6128687072,99.99784
DVAO,2020.0411,58864,2088,0.709972,0.114593,0.000848,0.000739,-0.029802,7.0718650697,125.6128686884,99.99623
DVAO,2020.0438,58865,2088,0.709906,0.115357,0.000811,0.000709,0.006896,7.0718650766,125.61286868779999,99.99285
DVAO,2020.0465,58866,2088,0.710835,0.115549,0.000822,0.000703,0.002038,7.0718650783,125.6128686962,99.99245
DVAO,2020.0493,58867,2089,0.710464,0.113963,0.00081,0.000686,-0.040011,7.071865064,125.61286869290001,99.99394
DVAO,2020.052,58868,2089,0.710364,0.111872,0.00083,0.000702,-0.00114,7.0718650451,125.612868692,100.00342
DVAO,2020.0548,58869,2089,0.710184,0.114102,0.000796,0.000686,0.002239,7.0718650652,125.61286869029999,99.98742
DVAO,2020.0575,58870,2089,0.709852,0.11378,0.000842,0.000705,-0.00936,7.0718650623,125.6128686873,99.99255
DVAO,2020.0602,58871,2089,0.70928,0.113217,0.000853,0.000718,-0.004717,7.0718650572,125.61286868209999,99.9885
DVAO,2020.063,58872,2089,0.712587,0.110832,0.00087,0.000745,-0.075123,7.0718650357,125.61286871210001,100.00438
DVAO,2020.0657,58873,2089,0.708785,0.114585,0.000812,0.000695,-0.015453,7.0718650696,125.61286867769999,99.98344
DVAO,2020.0684,58874,2090,0.709446,0.113529,0.000782,0.000687,0.002024,7.07186506,125.6128686836,99.9823
DVAO,2020.0712,58875,2090,0.710286,0.111768,0.000847,0.000723,0.01145,7.0718650441,125.61286869119999,99.99876
DVAO,2020.0739,58876,2090,0.713959,0.113797,0.000842,0.000724,0.026341,7.0718650625,125.6128687245,99.99221
DVAO,2020.0767,58877,2090,0.706949,0.112773,0.000875,0.000732,-0.044036,7.0718650532,125.612868661,99.99561
DVAO,2020.0794,58878,2090,0.707154,0.114785,0.000833,0.000721,0.015535,7.0718650714,125.61286866290001,100.00679
DVAO,2020.0821,58879,2090,0.707365,0.114865,0.000801,0.000681,-0.015682,7.0718650721,125.6128686648,99.99381
DVAO,2020.0849,58880,2090,0.706468,0.113097,0.000806,0.000698,-0.016057,7.0718650561,125.61286865669999,99.9968
DVAO,2020.0876,58881,2091,0.709216,0.112619,0.000796,0.000691,0.000265,7.0718650518,125.61286868159999,99.98864
DVAO,2020.0903,58882,2091,0.706923,0.113674,0.000811,0.000683,-0.009314,7.0718650613,125.61286866079999,99.98709
DVAO,2020.0931,58883,2091,0.706553,0.112363,0.000839,0.000708,-0.021847,7.0718650495,125.6128686575,99.99003
DVAO,2020.0958,58884,2091,0.705722,0.112053,0.000783,0.000673,-0.03317,7.0718650467,125.61286864990001,99.99228
DVAO,2020.0986,58885,2091,0.707096,0.113146,0.000801,0.000673,-0.047369,7.0718650566,125.61286866239999,99.98827
DVAO,2020.1013,58886,2091,0.706888,0.111761,0.000807,0.000689,-0.033234,7.071865044,125.6128686605,99.98562
DVAO,2020.104,58887,2091,0.707658,0.109659,0.000829,0.000708,-0.00558,7.071865025,125.61286866750001,99.98699
DVAO,2020.1068,58888,2092,0.708449,0.111668,0.00083,0.000715,-0.027827,7.0718650432,125.61286867460001,99.98991
DVAO,2020.1095,58889,2092,0.707657,0.110055,0.00088,0.000733,-0.06443,7.0718650286,125.6128686674,99.99304
DVAO,2020.1123,58890,2092,0.7075,0.111763,0.000792,0.00069,-0.031833,7.0718650441,125.612868666,99.99064
DVAO,2020.115,58891,2092,0.707698,0.112699,0.000822,0.000713,-0.034199,7.0718650525,125.6128686678,99.98632
DVAO,2020.1177,58892,2092,0.707157,0.111622,0.000847,0.00073,-0.002036,7.0718650428,125.61286866290001,100.00176
DVAO,2020.1205,58893,2092,0.706543,0.110842,0.000815,0.000731,-0.003543,7.0718650357,125.61286865740001,99.99518
DVAO,2020.1232,58894,2092,0.70881,0.110878,0.000792,0.000685,-0.01645,7.0718650361,125.6128686779,99.98546
DVAO,2020.1259,58895,2093,0.707806,0.112019,0.000799,0.000677,-0.030066,7.0718650464,125.61286866879999,99.99498
DVAO,2020.1287,58896,2093,0.706474,0.113788,0.000837,0.000722,-0.019796,7.0718650624,125.61286865669999,99.9766
DVAO,2020.1314,58897,2093,0.706762,0.113601,0.000823,0.000719,0.030378,7.0718650607,125.6128686593,99.98497
DVAO,2020.1342,58898,2093,0.706532,0.113375,0.000841,0.000708,-0.020603,7.0718650586,125.6128686573,99.98437
DVAO,2020.1369,58899,2093,0.702599,0.110359,0.000883,0.00079,-0.070426,7.0718650314,125.61286862169999,99.9922
DVAO,2020.1396,58900,2093,0.70574,0.110427,0.000804,0.000702,0.004355,7.071865032,125.61286865010001,99.9905
DVAO,2020.1424,58901,2093,0.707171,0.109891,0.000809,0.000688,-0.061272,7.0718650271,125.612868663,99.98951
DVAO,2020.1451,58902,2094,0.704226,0.114731,0.000803,0.000691,0.005484,7.0718650709,125.61286863640001,99.98973
DVAO,2020.1478,58903,2094,0.706155,0.110281,0.000805,0.000691,-0.026483,7.0718650307,125.6128686539,99.98856
DVAO,2020.1506,58904,2094,0.705463,0.109772,0.000812,0.000694,-0.038681,7.0718650261,125.61286864760001,99.99233
DVAO,2020.1533,58905,2094,0.706651,0.110241,0.000804,0.000688,-0.040907,7.0718650303,125.61286865829999,99.99684
DVAO,2020.1561,58906,2094,0.702571,0.110042,0.000834,0.000712,-0.013067,7.0718650285,125.6128686214,99.98526
DVAO,2020.1588,58907,2094,0.703879,0.113048,0.000802,0.00069,-0.005091,7.0718650557,125.61286863320001,99.98881
DVAO,2020.1615,58908,2094,0.703091,0.109708,0.000843,0.000722,0.002665,7.0718650255,125.61286862610001,100.00062
DVAO,2020.1643,58909,2095,0.70325,0.10973,0.000801,0.000693,-0.010089,7.0718650257,125.6128686276,99.99622
DVAO,2020.167,58910,2095,0.703834,0.109539,0.000818,0.000712,-0.033766,7.071865024,125.6128686328,99.98567
DVAO,2020.1697,58911,2095,0.704139,0.108463,0.000795,0.000674,-0.053946,7.0718650142,125.6128686356,99.98813
DVAO,2020.1725,58912,2095,0.7043,0.109892,0.000805,0.000691,-0.036899,7.0718650271,125.61286863710001,99.98699
DVAO,2020.1752,58913,2095,0.703601,0.11143,0.000826,0.000696,-0.028027,7.0718650411,125.6128686307,99.99646
DVAO,2020.178,58914,2095,0.70454,0.112276,0.000801,0.000685,-0.022131,7.0718650487,125.6128686392,99.9939
DVAO,2020.1807,58915,2095,0.704863,0.111062,0.0008,0.000683,-0.008812,7.0718650377,125.6128686422,99.98865
DVAO,2020.1834,58916,2096,0.702323,0.111637,0.000798,0.000692,-0.009624,7.0718650429,125.61286861919999,99.99166
DVAO,2020.1862,58917,2096,0.704674,0.11083,0.000805,0.000707,0.007035,7.0718650356,125.6128686404,99.99523
DVAO,2020.1889,58918,2096,0.703997,0.111398,0.000819,0.000711,-0.012253,7.0718650408,125.61286863430001,99.99396
DVAO,2020.1916,58919,2096,0.704401,0.109727,0.000866,0.000739,-0.042256,7.0718650257,125.61286863800001,99.99478
DVAO,2020.1944,58920,2096,0.703531,0.109082,0.000835,0.000711,-0.00386,7.0718650198,125.6128686301,99.99296
DVAO,2020.1971,58921,2096,0.70403,0.112724,0.000843,0.000747,-0.044248,7.0718650528,125.6128686346,99.99032
DVAO,2020.1999,58922,2096,0.702547,0.110634,0.000856,0.000725,-0.03755,7.0718650339,125.6128686212,99.9967
DVAO,2020.2026,58923,2097,0.701745,0.10772,0.000818,0.00071,-0.012562,7.0718650075,125.61286861389999,99.98987
DVAO,2020.2053,58924,2097,0.700043,0.107417,0.000823,0.000696,-0.009627,7.0718650048,125.6128685985,99.99924
DVAO,2020.2081,58925,2097,0.701756,0.109297,0.000838,0.000712,-0.026967,7.0718650218,125.612868614,99.99562
DVAO,2020.2108,58926,2097,0.703605,0.108297,0.000872,0.000776,-0.039529,7.0718650127,125.6128686308,100.00279
DVAO,2020.2136,58927,2097,0.704351,0.10734,0.000904,0.000765,-0.045393,7.0718650041,125.61286863749999,99.99389
DVAO,2020.2163,58928,2097,0.699978,0.108288,0.000852,0.000755,0.044848,7.0718650126,125.61286859789999,100.00161
DVAO,2020.219,58929,2097,0.699007,0.107315,0.000819,0.000738,0.009769,7.0718650038,125.61286858919999,99.99341
DVAO,2020.2218,58930,2098,0.699481,0.109424,0.000855,0.000722,-0.039296,7.0718650229,125.61286859340001,99.9986
DVAO,2020.2245,58931,2098,0.700882,0.108539,0.000891,0.000758,-0.031012,7.0718650149,125.6128686061,100.00214
DVAO,2020.2272,58932,2098,0.699981,0.107024,0.000827,0.000716,-0.006878,7.0718650012,125.612868598,100.00476
DVAO,2020.23,58933,2098,0.699915,0.108452,0.000801,0.000707,-0.030877,7.0718650141,125.6128685974,99.9991
DVAO,2020.2327,58934,2098,0.700657,0.10958,0.00083,0.000707,-0.041661,7.0718650243,125.61286860409999,99.99444
DVAO,2020.2355,58935,2098,0.700071,0.107458,0.000878,0.000724,-0.035239,7.0718650051,125.61286859879999,99.99298
DVAO,2020.2382,58936,2098,0.699196,0.110378,0.000805,0.000701,-0.017522,7.0718650315,125.6128685909,99.99458
DVAO,2020.2409,58937,2099,0.698747,0.111482,0.000833,0.000714,-0.017802,7.0718650415,125.6128685868,99.98972
DVAO,2020.2437,58938,2099,0.700534,0.106955,0.000786,0.000698,-0.006296,7.0718650006,125.61286860300001,99.99347
DVAO,2020.2464,58939,2099,0.699559,0.10826,0.000784,0.000687,-0.041917,7.0718650124,125.6128685942,99.99517
DVAO,2020.2491,58940,2099,0.697725,0.10723,0.000839,0.000712,-0.036447,7.0718650031,125.61286857760001,99.99197
DVAO,2020.2519,58941,2099,0.697795,0.109965,0.000866,0.000741,-0.058295,7.0718650278,125.6128685782,99.99527
DVAO,2020.2546,58942,2099,0.699014,0.106864,0.00087,0.000739,-0.056114,7.0718649998,125.61286858919999,99.99543
DVAO,2020.2574,58943,2099,0.699119,0.108202,0.000825,0.000728,-0.048324,7.0718650119,125.61286859020001,99.99576
DVAO,2020.2601,58944,2100,0.696328,0.107543,0.000811,0.000689,-0.033826,7.0718650059,125.6128685649,99.98864
DVAO,2020.2628,58945,2100,0.698536,0.107059,0.000864,0.000734,-0.0349,7.0718650015,125.61286858490001,99.99708
DVAO,2020.2656,58946,2100,0.699786,0.106881,0.000855,0.000726,-0.015049,7.0718649999,125.6128685962,99.99563
DVAO,2020.2683,58947,2100,0.69892,0.108536,0.000888,0.000753,-0.042066,7.0718650149,125.6128685884,99.99563
DVAO,2020.271,58948,2100,0.702984,0.107794,0.000883,0.000747,-0.022245,7.0718650082,125.61286862509999,100.00675
DVAO,2020.2738,58949,2100,0.698496,0.108734,0.00083,0.000733,-0.057156,7.0718650167,125.6128685845,99.99706
DVAO,2020.2765,58950,2100,0.699222,0.108931,0.000872,0.00074,-0.008616,7.0718650185,125.61286859110001,100.00043
DVAO,2020.2793,58951,2101,0.696821,0.109297,0.000904,0.000742,-0.046582,7.0718650218,125.6128685694,99.99765
DVAO,2020.282,58952,2101,0.697047,0.10891,0.000865,0.000722,-0.026479,7.0718650183,125.61286857140001,99.98868
DVAO,2020.2847,58953,2101,0.696494,0.110188,0.00081,0.000696,-0.033662,7.0718650298,125.61286856640001,99.99246
DVAO,2020.2875,58954,2101,0.699593,0.109421,0.00082,0.000705,0.004602,7.0718650229,125.61286859449999,99.9918
DVAO,2020.2902,58955,2101,0.698623,0.111364,0.000856,0.000717,-0.065485,7.0718650405,125.6128685857,99.99344
DVAO,2020.293,58956,2101,0.696322,0.107515,0.000847,0.000748,-0.029209,7.0718650057,125.61286856480001,99.98998
DVAO,2020.2957,58957,2101,0.696026,0.107407,0.000853,0.00072,0.004053,7.0718650047,125.61286856219999,100.00022
DVAO,2020.2984,58958,2102,0.697497,0.108267,0.000803,0.000694,-0.027436,7.0718650125,125.61286857549999,99.99118
DVAO,2020.3012,58959,2102,0.697744,0.108106,0.00092,0.000794,-0.077865,7.071865011,125.6128685777,99.99471
DVAO,2020.3039,58960,2102,0.697691,0.109362,0.000847,0.000727,0.004219,7.0718650224,125.6128685772,99.99193
DVAO,2020.3066,58961,2102,0.698532,0.108714,0.000846,0.000702,-0.00568,7.0718650165,125.6128685848,99.99367
DVAO,2020.3094,58962,2102,0.697121,0.108429,0.000894,0.000764,0.043296,7.0718650139,125.61286857210001,99.9914
DVAO,2020.3121,58963,2102,0.69684,0.11038,0.00086,0.000744,-0.001125,7.0718650316,125.6128685695,99.9846
DVAO,2020.3149,58964,2102,0.698348,0.109455,0.000814,0.000704,0.019582,7.0718650232,125.6128685832,99.98957
DVAO,2020.3176,58965,2103,0.698636,0.110628,0.000846,0.000714,-0.02482,7.0718650338,125.61286858579999,99.99727
DVAO,2020.3203,58966,2103,0.697106,0.110077,0.00081,0.000697,-0.002787,7.0718650288,125.61286857190001,99.9939
DVAO,2020.3231,58967,2103,0.698254,0.10987,0.000808,0.000699,0.036548,7.0718650269,125.6128685823,100.00025
DVAO,2020.3258,58968,2103,0.697912,0.108727,0.000824,0.000709,-0.026107,7.0718650166,125.61286857920001,99.99278
DVAO,2020.3285,58969,2103,0.694596,0.110145,0.000819,0.000698,-0.037729,7.0718650294,125.61286854919999,99.99523
DVAO,2020.3313,58970,2103,0.697454,0.111638,0.00084,0.000722,-0.01655,7.0718650429,125.61286857510001,100.00032
DVAO,2020.334,58971,2103,0.696196,0.110176,0.000811,0.000695,0.012313,7.0718650297,125.6128685637,99.99885
DVAO,2020.3368,58972,2104,0.696492,0.109025,0.000809,0.000692,-0.000561,7.0718650193,125.61286856640001,99.99143
DVAO,2020.3395,58973,2104,0.695482,0.111927,0.000795,0.000699,0.00732,7.0718650455,125.61286855719999,99.98758
DVAO,2020.3422,58974,2104,0.697003,0.112815,0.000843,0.000727,-0.031079,7.0718650536,125.612868571,99.99406
DVAO,2020.345,58975,2104,0.696387,0.11081,0.000823,0.000698,-0.050081,7.0718650355,125.61286856539999,100.00108
DVAO,2020.3477,58976,2104,0.698349,0.110079,0.000852,0.000748,-0.031036,7.0718650288,125.6128685832,99.99382
DVAO,2020.3504,58977,2104,0.697066,0.109998,0.000851,0.000719,-0.027845,7.0718650281,125.61286857159999,99.99783
DVAO,2020.3532,58978,2104,0.696077,0.108736,0.000863,0.000725,0.01747,7.0718650167,125.6128685626,100.00439
DVAO,2020.3559,58979,2105,0.696588,0.110167,0.000837,0.000696,-0.009769,7.0718650296,125.61286856730001,99.9906
DVAO,2020.3587,58980,2105,0.696799,0.114893,0.000855,0.00072,-0.017207,7.0718650724,125.6128685692,99.99612
DVAO,2020.3614,58981,2105,0.698245,0.111484,0.000812,0.000698,-0.015917,7.0718650415,125.6128685823,99.99713
DVAO,2020.3641,58982,2105,0.695125,0.111948,0.000838,0.000725,0.011477,7.0718650457,125.61286855399999,99.99722
DVAO,2020.3669,58983,2105,0.696673,0.115698,0.000858,0.000743,-0.016502,7.0718650797,125.61286856800001,100.00258
DVAO,2020.3696,58984,2105,0.697774,0.114066,0.000819,0.000728,-0.001807,7.0718650649,125.61286857799999,99.98248
DVAO,2020.3723,58985,2105,0.695676,0.112039,0.000803,0.0007,-0.02199,7.0718650466,125.61286855899999,99.98302
DVAO,2020.3751,58986,2106,0.695455,0.112871,0.000834,0.000692,-0.040059,7.0718650541,125.61286855700001,99.98574
DVAO,2020.3778,58987,2106,0.693932,0.113055,0.000847,0.000762,0.003212,7.0718650558,125.6128685432,99.97571
DVAO,2020.3806,58988,2106,0.695247,0.113058,0.000824,0.000707,-0.027042,7.0718650558,125.6128685551,99.9868
DVAO,2020.3833,58989,2106,0.694858,0.112412,0.000808,0.000696,-0.002853,7.0718650499,125.6128685516,99.99316
DVAO,2020.386,58990,2106,0.69677,0.112318,0.000801,0.00068,-0.03781,7.0718650491,125.61286856890001,99.99318
DVAO,2020.3888,58991,2106,0.694933,0.114449,0.000846,0.000717,-0.048782,7.0718650684,125.6128685523,99.99125
DVAO,2020.3915,58992,2106,0.693919,0.113049,0.000818,0.000692,-0.015433,7.0718650557,125.6128685431,99.9909
DVAO,2020.3943,58993,2107,0.693867,0.114882,0.000831,0.000707,-0.051638,7.0718650723,125.61286854260001,99.99496
DVAO,2020.397,58994,2107,0.694337,0.112469,0.000817,0.000694,-0.025481,7.0718650504,125.61286854689999,99.99813
DVAO,2020.3997,58995,2107,0.693806,0.113372,0.000821,0.000703,-0.015506,7.0718650586,125.61286854209999,99.98665
DVAO,2020.4025,58996,2107,0.693496,0.114162,0.000832,0.000728,0.02611,7.0718650658,125.6128685393,99.98861
DVAO,2020.4052,58997,2107,0.693734,0.114375,0.000799,0.000718,-0.012045,7.0718650677,125.61286854139999,99.99519
DVAO,2020.4079,58998,2107,0.695354,0.114146,0.000808,0.000697,-0.024201,7.0718650656,125.61286855610001,99.98901
DVAO,2020.4107,58999,2107,0.695042,0.112041,0.000825,0.000717,0.024136,7.0718650466,125.61286855329999,99.9864
DVAO,2020.4134,59000,2108,0.693912,0.115482,0.000822,0.000699,0.029057,7.0718650777,125.61286854299999,99.99018
DVAO,2020.4162,59001,2108,0.694193,0.115838,0.000833,0.000725,-0.013802,7.0718650809,125.61286854560001,99.98938
DVAO,2020.4189,59002,2108,0.693979,0.115156,0.000782,0.000692,0.008222,7.0718650747,125.6128685436,99.98763
DVAO,2020.4216,59003,2108,0.691431,0.114034,0.000834,0.000705,-0.016788,7.0718650646,125.61286852059999,99.99823
DVAO,2020.4244,59004,2108,0.695596,0.114379,0.000823,0.000733,-0.02207,7.0718650677,125.6128685583,99.99782
DVAO,2020.4271,59005,2108,0.695998,0.113979,0.000882,0.000803,0.020579,7.0718650641,125.6128685619,99.98777
DVAO,2020.4298,59006,2108,0.692142,0.115038,0.00083,0.00072,-0.021282,7.0718650737,125.61286852699999,100.00036
DVAO,2020.4326,59007,2109,0.694296,0.115264,0.00082,0.000711,-0.028109,7.0718650757,125.61286854650001,99.99799
DVAO,2020.4353,59008,2109,0.69356,0.113353,0.000824,0.000704,-0.04259,7.0718650584,125.61286853979999,99.98512
DVAO,2020.4381,59009,2109,0.691216,0.11522,0.000824,0.00071,-0.000854,7.0718650753,125.61286851860001,99.98659
DVAO,2020.4408,59010,2109,0.6933,0.116131,0.000816,0.000705,-0.032475,7.0718650836,125.61286853749999,99.99031
DVAO,2020.4435,59011,2109,0.69414,0.116082,0.000814,0.000696,-0.003758,7.0718650831,125.61286854510001,99.99996
DVAO,2020.4463,59012,2109,0.694777,0.114635,0.000784,0.000691,-0.024194,7.07186507,125.6128685509,99.99168
DVAO,2020.449,59013,2109,0.694294,0.113232,0.000808,0.000704,-0.068393,7.0718650573,125.61286854650001,99.98994
DVAO,2020.4517,59014,2110,0.691127,0.113013,0.000809,0.000711,-0.017264,7.0718650554,125.6128685178,99.98699
DVAO,2020.4545,59015,2110,0.692803,0.113593,0.000777,0.000688,-0.020174,7.0718650606,125.61286853300001,99.99164
DVAO,2020.4572,59016,2110,0.695216,0.11622,0.000821,0.00071,-0.026028,7.0718650844,125.6128685548,99.99382
DVAO,2020.46,59017,2110,0.692238,0.117281,0.000812,0.000727,-0.058963,7.071865094,125.61286852789999,99.98341
DVAO,2020.4627,59018,2110,0.692778,0.115911,0.000786,0.000689,-0.008901,7.0718650816,125.61286853280001,99.98522
DVAO,2020.4654,59019,2110,0.693663,0.11558,0.000795,0.000706,-0.025095,7.0718650786,125.61286854080001,99.98605
DVAO,2020.4682,59020,2110,0.692735,0.114146,0.00079,0.000688,-0.004393,7.0718650656,125.6128685324,99.99032
DVAO,2020.4709,59021,2111,0.692317,0.115922,0.000812,0.000705,-0.004513,7.0718650817,125.61286852859999,99.99028
DVAO,2020.4736,59022,2111,0.692953,0.113844,0.000837,0.000729,0.011595,7.0718650629,125.61286853440001,99.98826
DVAO,2020.4764,59023,2111,0.694583,0.116074,0.000798,0.000696,0.017606,7.071865083,125.6128685491,99.98815
DVAO,2020.4791,59024,2111,0.692808,0.115278,0.000818,0.000707,-0.064089,7.0718650759,125.61286853300001,99.99162
DVAO,2020.4819,59025,2111,0.693639,0.116488,0.00081,0.000704,-0.003294,7.0718650868,125.6128685406,99.99176
DVAO,2020.4846,59026,2111,0.69111,0.11596,0.00082,0.000711,0.004529,7.071865082,125.61286851770001,99.98642
DVAO,2020.4873,59027,2111,0.691353,0.115492,0.000793,0.000688,-0.02541,7.0718650778,125.61286851989999,99.98931
DVAO,2020.4901,59028,2112,0.691746,0.116212,0.000817,0.000731,-0.016815,7.0718650843,125.61286852340001,99.98967
DVAO,2020.4928,59029,2112,0.691951,0.117596,0.000799,0.000714,-0.041771,7.0718650968,125.6128685253,99.9855
DVAO,2020.4956,59030,2112,0.69397,0.115775,0.000865,0.000753,-0.031073,7.0718650803,125.6128685436,99.9846
DVAO,2020.4983,59031,2112,0.691492,0.119418,0.000838,0.000709,-0.008537,7.0718651133,125.61286852110001,99.98778
DVAO,2020.501,59032,2112,0.692264,0.117329,0.000838,0.00071,-0.012299,7.0718650944,125.6128685281,99.98749
DVAO,2020.5038,59033,2112,0.692072,0.117224,0.000811,0.00071,-0.037946,7.0718650934,125.6128685264,99.98659
DVAO,2020.5065,59034,2112,0.690865,0.118899,0.000836,0.000737,-0.02364,7.0718651086,125.6128685155,99.98916
DVAO,2020.5092,59035,2113,0.691139,0.115544,0.000799,0.000692,-0.010407,7.0718650783,125.61286851790001,99.98609
DVAO,2020.512,59036,2113,0.691546,0.116628,0.000788,0.0007,0.008933,7.0718650881,125.6128685216,99.98179
DVAO,2020.5147,59037,2113,0.691492,0.11732,0.000842,0.000739,-0.004469,7.0718650943,125.61286852110001,99.98827
DVAO,2020.5175,59038,2113,0.689992,0.115593,0.00084,0.000728,-0.048488,7.0718650787,125.61286850760001,99.98116
DVAO,2020.5202,59039,2113,0.688948,0.115988,0.000862,0.000733,0.01654,7.0718650823,125.6128684981,99.98131
DVAO,2020.5229,59040,2113,0.691197,0.116123,0.000818,0.000727,-0.012286,7.0718650835,125.6128685185,99.98799
DVAO,2020.5257,59041,2113,0.691059,0.11595,0.000831,0.00072,-0.044252,7.0718650819,125.61286851720001,99.98561
DVAO,2020.5284,59042,2114,0.688371,0.116203,0.000825,0.000704,-0.041564,7.0718650842,125.61286849289999,99.98708
DVAO,2020.5311,59043,2114,0.690998,0.115673,0.000816,0.00071,-0.032012,7.0718650794,125.61286851669999,99.98237
DVAO,2020.5339,59044,2114,0.687194,0.11562,0.000835,0.00072,-0.017922,7.0718650789,125.61286848220001,99.98562
DVAO,2020.5366,59045,2114,0.68887,0.115301,0.000818,0.000715,-0.038531,7.0718650761,125.6128684974,99.98492
DVAO,2020.5394,59046,2114,0.690088,0.117788,0.000813,0.000701,-0.019329,7.0718650985,125.6128685084,99.9825
DVAO,2020.5421,59047,2114,0.68871,0.11762,0.000804,0.000704,-0.021157,7.071865097,125.61286849589999,99.9925
DVAO,2020.5448,59048,2114,0.688699,0.117219,0.000806,0.0007,0.001633,7.0718650934,125.61286849589999,99.97463
DVAO,2020.5476,59049,2115,0.688561,0.117662,0.000822,0.00071,-0.018643,7.0718650974,125.61286849460001,99.98546
DVAO,2020.5503,59050,2115,0.688879,0.11629,0.000848,0.000722,-0.005844,7.071865085,125.61286849749999,99.98582
DVAO,2020.553,59051,2115,0.689777,0.117161,0.000805,0.000707,-0.0222,7.0718650929,125.6128685056,99.98262
DVAO,2020.5558,59052,2115,0.688346,0.11839,0.000816,0.000709,-0.012526,7.071865104,125.61286849269999,99.98225
DVAO,2020.5585,59053,2115,0.688621,0.115779,0.000793,0.000685,-0.013232,7.0718650804,125.6128684951,99.98384
DVAO,2020.5613,59054,2115,0.687521,0.116852,0.000811,0.000711,0.010541,7.0718650901,125.61286848520001,99.98876
DVAO,2020.564,59055,2115,0.686465,0.117592,0.000859,0.000738,-0.045874,7.0718650968,125.61286847560001,99.99195
DVAO,2020.5667,59056,2116,0.686385,0.117363,0.000797,0.000697,0.000454,7.0718650947,125.61286847490001,99.98274
DVAO,2020.5695,59057,2116,0.687626,0.117078,0.0008,0.000713,-0.004646,7.0718650921,125.61286848610001,99.98365
DVAO,2020.5722,59058,2116,0.688886,0.11671,0.000869,0.000751,-0.028203,7.0718650888,125.61286849749999,99.99149
DVAO,2020.5749,59059,2116,0.687646,0.117534,0.000803,0.000713,0.015498,7.0718650963,125.61286848629999,99.98819
DVAO,2020.5777,59060,2116,0.690012,0.117827,0.000802,0.000702,-0.004719,7.0718650989,125.6128685077,99.98829
DVAO,2020.5804,59061,2116,0.688365,0.117183,0.000818,0.00072,-0.017841,7.0718650931,125.6128684928,99.98042
DVAO,2020.5832,59062,2116,0.688195,0.115325,0.000793,0.000688,-0.013707,7.0718650763,125.61286849129999,99.98785
DVAO,2020.5859,59063,2117,0.689403,0.11777,0.000809,0.000711,-0.085235,7.0718650984,125.6128685022,99.98693
DVAO,2020.5886,59064,2117,0.688931,0.11634,0.000835,0.000708,-0.01997,7.0718650855,125.61286849800001,99.98278
DVAO,2020.5914,59065,2117,0.688313,0.117378,0.000846,0.000734,-0.048618,7.0718650948,125.6128684924,99.99422
DVAO,2020.5941,59066,2117,0.689553,0.117473,0.000801,0.000705,-0.022831,7.0718650957,125.6128685036,99.98041
DVAO,2020.5969,59067,2117,0.689076,0.117244,0.000863,0.000744,-0.042612,7.0718650936,125.61286849929999,99.97759
DVAO,2020.5996,59068,2117,0.68983,0.116337,0.000853,0.000714,-0.034253,7.0718650854,125.6128685061,99.98753
DVAO,2020.6023,59069,2117,0.687472,0.115089,0.000818,0.000707,-0.011781,7.0718650741,125.61286848469999,99.99169
DVAO,2020.6051,59070,2118,0.688664,0.116002,0.000808,0.000715,-0.048724,7.0718650824,125.61286849550001,99.98071
DVAO,2020.6078,59071,2118,0.688434,0.114451,0.000809,0.000696,-0.001438,7.0718650684,125.6128684935,99.98428
DVAO,2020.6105,59072,2118,0.68867,0.115009,0.000824,0.000714,-0.00397,7.0718650734,125.6128684956,99.98766
DVAO,2020.6133,59073,2118,0.688921,0.114248,0.00083,0.000732,-0.03463,7.0718650665,125.6128684979,99.9894
DVAO,2020.616,59074,2118,0.690275,0.115787,0.000801,0.000718,-0.033469,7.0718650805,125.61286851009999,99.98038
DVAO,2020.6188,59075,2118,0.689741,0.11663,0.000816,0.000708,-0.069219,7.0718650881,125.61286850530001,99.99736
DVAO,2020.6215,59076,2118,0.689186,0.114825,0.000855,0.000725,-0.010417,7.0718650718,125.61286850030001,99.98803
DVAO,2020.6242,59077,2119,0.688417,0.115789,0.000842,0.000738,-0.039036,7.0718650805,125.6128684933,99.98397
DVAO,2020.627,59078,2119,0.687329,0.115531,0.000813,0.000702,-0.046466,7.0718650781,125.6128684835,99.9889
DVAO,2020.6297,59079,2119,0.686755,0.117134,0.000812,0.000734,-0.045878,7.0718650926,125.61286847829999,99.98062
DVAO,2020.6324,59080,2119,0.686991,0.116674,0.000825,0.000707,-0.040978,7.0718650885,125.61286848040001,99.97946
DVAO,2020.6352,59081,2119,0.687551,0.115191,0.000834,0.000731,0.001041,7.0718650751,125.6128684855,99.98079
DVAO,2020.6379,59082,2119,0.689107,0.115072,0.000874,0.000761,0.022924,7.071865074,125.6128684995,99.97827
DVAO,2020.6407,59083,2119,0.687247,0.116196,0.000785,0.00069,0.001536,7.0718650842,125.61286848270001,99.98286
DVAO,2020.6434,59084,2120,0.687067,0.115358,0.000837,0.000718,0.001482,7.0718650766,125.61286848110001,99.98579
DVAO,2020.6461,59085,2120,0.686908,0.11424,0.00082,0.000708,-0.010526,7.0718650665,125.6128684796,99.98846
DVAO,2020.6489,59086,2120,0.686327,0.114561,0.000842,0.000707,-0.055454,7.0718650694,125.61286847439999,99.98483
DVAO,2020.6516,59087,2120,0.685759,0.114444,0.00084,0.000729,-0.022068,7.0718650683,125.61286846920001,99.98101
DVAO,2020.6543,59088,2120,0.683944,0.114252,0.000825,0.000707,-0.01028,7.0718650666,125.6128684528,99.97917
DVAO,2020.6571,59089,2120,0.686099,0.114581,0.000821,0.00072,-0.014922,7.0718650695,125.6128684723,99.98349
DVAO,2020.6598,59090,2120,0.685959,0.114187,0.000841,0.000726,-0.013927,7.071865066,125.6128684711,99.98444
DVAO,2020.6626,59091,2121,0.686605,0.113609,0.000845,0.000724,-0.057258,7.0718650608,125.61286847689999,99.97494
DVAO,2020.6653,59092,2121,0.685865,0.114153,0.000864,0.000743,-0.024676,7.0718650657,125.6128684702,99.97726
DVAO,2020.668,59093,2121,0.685364,0.111946,0.000848,0.000724,-0.04201,7.0718650457,125.61286846569999,99.97982
DVAO,2020.6708,59094,2121,0.686723,0.113471,0.000822,0.000722,-0.040102,7.0718650595,125.612868478,99.98518
DVAO,2020.6735,59095,2121,0.68546,0.11432,0.000798,0.000686,-0.034009,7.0718650672,125.6128684665,99.98413
DVAO,2020.6762,59096,2121,0.686168,0.11276,0.000835,0.000715,-0.052941,7.0718650531,125.6128684729,99.98967
DVAO,2020.679,59097,2121,0.685135,0.115174,0.000829,0.000704,-0.017585,7.0718650749,125.6128684636,99.99566
DVAO,2020.6817,59098,2122,0.686125,0.114888,0.000835,0.000722,-0.030665,7.0718650723,125.6128684725,99.98109
DVAO,2020.6845,59099,2122,0.685263,0.114988,0.00081,0.000705,-0.016997,7.0718650732,125.61286846479999,99.98705
DVAO,2020.6872,59100,2122,0.685459,0.114516,0.000842,0.000746,-0.036174,7.071865069,125.6128684665,99.96902
DVAO,2020.6899,59101,2122,0.685543,0.11432,0.000837,0.000714,-0.024625,7.0718650672,125.61286846729999,99.98181
DVAO,2020.6927,59102,2122,0.683876,0.116443,0.000826,0.000743,-0.054879,7.0718650864,125.61286845219999,99.9865
DVAO,2020.6954,59103,2122,0.687207,0.115771,0.000849,0.000769,0.01232,7.0718650803,125.6128684823,99.98485
DVAO,2020.6982,59104,2122,0.686405,0.115281,0.000835,0.000752,-0.006768,7.0718650759,125.61286847509999,99.98534
DVAO,2020.7009,59105,2123,0.683546,0.115312,0.000814,0.000716,-0.046269,7.0718650762,125.6128684492,99.98403
DVAO,2020.7036,59106,2123,0.683689,0.113528,0.000856,0.000723,-0.010578,7.07186506,125.6128684505,99.98805
DVAO,2020.7064,59107,2123,0.68328,0.115553,0.00088,0.000735,-0.056602,7.0718650783,125.61286844680001,99.99119
DVAO,2020.7091,59108,2123,0.683869,0.115671,0.000855,0.000721,-0.038071,7.0718650794,125.6128684521,99.98934
DVAO,2020.7118,59109,2123,0.684458,0.114567,0.000849,0.00072,-0.023705,7.0718650694,125.61286845750001,99.98731
DVAO,2020.7146,59110,2123,0.686297,0.114501,0.000893,0.000774,-0.011415,7.0718650688,125.6128684741,99.99019
DVAO,2020.7173,59111,2123,0.68456,0.116669,0.00086,0.000749,-0.01966,7.0718650884,125.61286845839999,99.98453
DVAO,2020.7201,59112,2124,0.684333,0.113321,0.00084,0.000742,-0.005262,7.0718650582,125.61286845629999,99.98083
DVAO,2020.7228,59113,2124,0.685304,0.116601,0.00082,0.000724,-0.026844,7.0718650878,125.61286846510001,99.98447
DVAO,2020.7255,59114,2124,0.685713,0.114277,0.000844,0.00074,-0.061012,7.0718650668,125.6128684688,99.99081
DVAO,2020.7283,59115,2124,0.686537,0.114907,0.000867,0.000762,-0.083323,7.0718650725,125.61286847630001,99.99142
DVAO,2020.731,59116,2124,0.684871,0.111025,0.000848,0.000723,-0.058629,7.0718650374,125.61286846120001,99.98818
DVAO,2020.7337,59117,2124,0.684317,0.11607,0.000872,0.000735,-0.008552,7.071865083,125.6128684562,99.98924
DVAO,2020.7365,59118,2124,0.684064,0.114688,0.000809,0.000703,-0.009396,7.0718650705,125.6128684539,99.98602
DVAO,2020.7392,59119,2125,0.684352,0.11545,0.000825,0.000697,-0.040746,7.0718650774,125.6128684565,99.98701
DVAO,2020.742,59120,2125,0.684103,0.115098,0.000839,0.000742,0.004781,7.0718650742,125.6128684542,99.98484
DVAO,2020.7447,59121,2125,0.683991,0.11528,0.000849,0.000732,-0.020675,7.0718650759,125.61286845320001,99.99262
DVAO,2020.7474,59122,2125,0.686082,0.114933,0.000821,0.000713,0.014677,7.0718650727,125.6128684722,99.97926
DVAO,2020.7502,59123,2125,0.684574,0.114551,0.000831,0.000741,-0.025311,7.0718650693,125.6128684585,99.99274
DVAO,2020.7529,59124,2125,0.682954,0.11305,0.000829,0.000702,-0.022969,7.0718650557,125.61286844380001,99.98657
DVAO,2020.7556,59125,2125,0.684773,0.113479,0.000868,0.000738,0.033543,7.0718650596,125.6128684603,99.98566
DVAO,2020.7584,59126,2126,0.687762,0.116096,0.000861,0.000727,-0.043103,7.0718650833,125.6128684874,99.99006
DVAO,2020.7611,59127,2126,0.685557,0.113933,0.00082,0.000726,-0.002469,7.0718650637,125.6128684674,99.99026
DVAO,2020.7639,59128,2126,0.684764,0.114209,0.000822,0.0007,-0.016093,7.0718650662,125.61286846019999,99.98529
DVAO,2020.7666,59129,2126,0.685482,0.11688,0.000824,0.000709,0.001661,7.0718650903,125.61286846670001,99.98654
DVAO,2020.7693,59130,2126,0.683154,0.115831,0.000829,0.000706,-0.024602,7.0718650809,125.6128684457,99.9804
DVAO,2020.7721,59131,2126,0.684145,0.114602,0.00084,0.000715,0.006179,7.0718650697,125.6128684546,99.97971
DVAO,2020.7748,59132,2126,0.68181,0.114552,0.000804,0.000686,0.017284,7.0718650693,125.61286843350001,99.98666
DVAO,2020.7775,59133,2127,0.68558,0.113984,0.000835,0.000711,-0.036349,7.0718650642,125.61286846760001,99.98237
DVAO,2020.7803,59134,2127,0.682194,0.116429,0.00084,0.00073,0.053858,7.0718650863,125.612868437,99.98291
DVAO,2020.783,59135,2127,0.684907,0.114216,0.00087,0.000715,0.002961,7.0718650662,125.6128684615,99.98278
DVAO,2020.7858,59136,2127,0.687265,0.115768,0.000871,0.000723,-0.017354,7.0718650803,125.61286848290001,99.98351
DVAO,2020.7885,59137,2127,0.684212,0.115,0.000854,0.000743,-0.031904,7.0718650733,125.61286845519999,99.98335
DVAO,2020.7912,59138,2127,0.684394,0.116854,0.00084,0.000717,0.017298,7.0718650901,125.6128684569,99.9824
DVAO,2020.794,59139,2127,0.685437,0.117712,0.00083,0.000697,-0.033043,7.0718650979,125.6128684663,99.97895
DVAO,2020.7967,59140,2128,0.682767,0.115953,0.000879,0.000758,0.007935,7.071865082,125.61286844220001,99.98425
DVAO,2020.7995,59141,2128,0.684909,0.114832,0.000836,0.000693,-0.017109,7.0718650718,125.6128684615,99.97457
DVAO,2020.8022,59142,2128,0.683905,0.113678,0.000973,0.00077,-0.009144,7.0718650614,125.61286845250001,99.98234
DVAO,2020.8049,59143,2128,0.681031,0.115499,0.000836,0.000704,-0.030221,7.0718650779,125.61286842640001,99.97549
DVAO,2020.8077,59144,2128,0.684836,0.113978,0.000859,0.000722,-0.024542,7.0718650641,125.61286846089999,99.98289
DVAO,2020.8104,59145,2128,0.685768,0.114565,0.000949,0.000789,-0.066313,7.0718650694,125.6128684693,99.98225
DVAO,2020.8131,59146,2128,0.685134,0.113795,0.000821,0.000699,0.031089,7.0718650624,125.6128684636,99.97624
DVAO,2020.8159,59147,2129,0.684411,0.112123,0.000828,0.000706,-0.04221,7.0718650473,125.61286845699999,99.98422
DVAO,2020.8186,59148,2129,0.684303,0.114636,0.000915,0.000788,-0.01859,7.07186507,125.61286845609999,99.97868
DVAO,2020.8214,59149,2129,0.685834,0.113513,0.000812,0.0007,-0.029429,7.0718650599,125.61286846990001,99.9772
DVAO,2020.8241,59150,2129,0.684619,0.113996,0.00088,0.000742,-0.005554,7.0718650643,125.61286845890001,99.98272
DVAO,2020.8268,59151,2129,0.683816,0.115205,0.00086,0.000739,0.012211,7.0718650752,125.6128684517,99.97589
DVAO,2020.8296,59152,2129,0.683838,0.113686,0.000843,0.000718,-0.008412,7.0718650615,125.6128684519,99.98335
DVAO,2020.8323,59153,2129,0.684463,0.114314,0.000836,0.000729,0.013479,7.0718650671,125.61286845750001,99.977
DVAO,2020.835,59154,2130,0.683945,0.114645,0.000823,0.000733,0.02076,7.0718650701,125.6128684528,99.98063
DVAO,2020.8378,59155,2130,0.683906,0.113312,0.000829,0.0007,-0.009901,7.0718650581,125.61286845250001,99.98139
DVAO,2020.8405,59156,2130,0.684018,0.113536,0.000844,0.00071,-0.020061,7.0718650601,125.6128684535,99.98261
DVAO,2020.8433,59157,2130,0.683059,0.11382,0.00086,0.000722,-0.006645,7.0718650627,125.6128684448,99.97653
DVAO,2020.846,59158,2130,0.682685,0.111614,0.000869,0.000708,0.008364,7.0718650427,125.6128684414,99.97869
DVAO,2020.8487,59159,2130,0.684287,0.112044,0.000812,0.000685,0.00051,7.0718650466,125.61286845590001,99.9811
DVAO,2020.8515,59160,2130,0.682749,0.11248,0.000853,0.000714,-0.026027,7.0718650505,125.612868442,99.98711
DVAO,2020.8542,59161,2131,0.683757,0.112822,0.00083,0.000719,0.03467,7.0718650536,125.61286845110001,99.99044
DVAO,2020.8569,59162,2131,0.684358,0.112669,0.00088,0.00072,-0.034084,7.0718650523,125.61286845660001,99.98262
DVAO,2020.8597,59163,2131,0.683923,0.114092,0.000837,0.000711,0.035885,7.0718650651,125.6128684526,99.98371
DVAO,2020.8624,59164,2131,0.684368,0.11525,0.000855,0.000714,0.010417,7.0718650756,125.61286845660001,99.98214
DVAO,2020.8652,59165,2131,0.685072,0.113145,0.000882,0.000728,0.054619,7.0718650566,125.61286846300001,99.98002
DVAO,2020.8679,59166,2131,0.682787,0.111049,0.000858,0.000717,0.03684,7.0718650376,125.6128684423,99.98252
DVAO,2020.8706,59167,2131,0.684811,0.111545,0.000902,0.000773,-0.017268,7.0718650421,125.61286846070001,99.98978
DVAO,2020.8734,59168,2132,0.684246,0.110295,0.000939,0.000823,-0.038674,7.0718650308,125.6128684555,99.98634
DVAO,2020.8761,59169,2132,0.681571,0.111935,0.000891,0.000722,-0.021113,7.0718650456,125.6128684313,99.98472
DVAO,2020.8789,59170,2132,0.682917,0.1112,0.000916,0.000757,0.024581,7.071865039,125.61286844349999,99.98801
DVAO,2020.8816,59171,2132,0.683317,0.112676,0.000887,0.000744,0.055677,7.0718650523,125.6128684471,99.98559
DVAO,2020.8843,59172,2132,0.683218,0.113825,0.000889,0.000744,-0.013748,7.0718650627,125.6128684462,99.9835
DVAO,2020.8871,59173,2132,0.683316,0.11401,0.000911,0.000756,-0.011777,7.0718650644,125.6128684471,99.98953
DVAO,2020.8898,59174,2132,0.683077,0.111985,0.000894,0.000719,-0.011513,7.0718650461,125.612868445,99.98295
DVAO,2020.8925,59175,2133,0.684875,0.11212,0.000878,0.00072,-0.020393,7.0718650473,125.61286846120001,99.98073
DVAO,2020.8953,59176,2133,0.683109,0.113948,0.000892,0.000753,-0.016087,7.0718650638,125.61286844520001,99.98496
DVAO,2020.898,59177,2133,0.682345,0.11176,0.000896,0.000748,0.008311,7.071865044,125.61286843830001,99.99441
DVAO,2020.9008,59178,2133,0.682464,0.111164,0.000878,0.000718,-0.02979,7.0718650386,125.61286843939999,99.98663
DVAO,2020.9035,59179,2133,0.683337,0.111498,0.000872,0.000734,-0.002737,7.0718650417,125.6128684473,99.98288
DVAO,2020.9062,59180,2133,0.682428,0.110555,0.000856,0.000713,-0.02845,7.0718650331,125.6128684391,99.98458
DVAO,2020.909,59181,2133,0.682101,0.111794,0.00102,0.000797,-0.01473,7.0718650443,125.6128684361,99.98089
DVAO,2020.9117,59182,2134,0.680925,0.113415,0.000894,0.00075,0.010698,7.071865059,125.61286842550001,99.9825
DVAO,2020.9144,59183,2134,0.680156,0.114152,0.000901,0.000747,0.009425,7.0718650657,125.6128684185,99.98615
DVAO,2020.9172,59184,2134,0.683536,0.109273,0.00088,0.000723,0.006766,7.0718650215,125.6128684491,99.98553
DVAO,2020.9199,59185,2134,0.682427,0.113296,0.000849,0.000701,-0.023758,7.0718650579,125.6128684391,99.98517
DVAO,2020.9227,59186,2134,0.68197,0.112335,0.000829,0.000699,-0.020581,7.0718650492,125.61286843490001,99.97951
DVAO,2020.9254,59187,2134,0.682329,0.112791,0.000847,0.000714,-0.039587,7.0718650534,125.6128684382,99.9809
DVAO,2020.9281,59188,2134,0.683599,0.111561,0.00087,0.000717,0.003016,7.0718650422,125.61286844969999,99.99087
DVAO,2020.9309,59189,2135,0.68319,0.113459,0.000825,0.000696,0.017473,7.0718650594,125.612868446,99.98394
DVAO,2020.9336,59190,2135,0.681319,0.114064,0.000864,0.000712,-0.036466,7.0718650649,125.612868429,99.98107
DVAO,2020.9363,59191,2135,0.682008,0.113061,0.000826,0.000695,-0.003311,7.0718650558,125.61286843529999,99.98772
DVAO,2020.9391,59192,2135,0.684511,0.113893,0.000887,0.000733,-0.01919,7.0718650633,125.61286845789999,99.98193
DVAO,2020.9418,59193,2135,0.683785,0.111998,0.000894,0.000748,0.023313,7.0718650462,125.6128684514,99.98286
DVAO,2020.9446,59194,2135,0.684792,0.112117,0.000873,0.000724,0.007346,7.0718650473,125.61286846050001,99.98448
DVAO,2020.9473,59195,2135,0.682479,0.114163,0.000883,0.000733,-0.022471,7.0718650658,125.61286843959999,99.98532
DVAO,2020.95,59196,2136,0.680389,0.112171,0.000881,0.000724,0.002397,7.0718650478,125.6128684206,99.98548
DVAO,2020.9528,59197,2136,0.680656,0.111649,0.000888,0.000717,-0.008429,7.071865043,125.61286842300001,99.9857
DVAO,2020.9555,59198,2136,0.683937,0.113151,0.000909,0.00073,-0.048412,7.0718650566,125.61286845270001,99.98184
DVAO,2020.9582,59199,2136,0.681101,0.114132,0.00091,0.000719,-0.028272,7.0718650655,125.61286842710001,99.98836
DVAO,2020.961,59200,2136,0.682738,0.114365,0.000868,0.00072,0.001549,7.0718650676,125.61286844189999,99.98745
DVAO,2020.9637,59201,2136,0.682791,0.113252,0.000828,0.000687,0.009065,7.0718650575,125.61286844240001,99.98609
DVAO,2020.9665,59202,2136,0.683175,0.114209,0.000867,0.000695,0.021527,7.0718650662,125.61286844579999,99.98716
DVAO,2020.9692,59203,2137,0.684546,0.112279,0.000856,0.000715,0.018849,7.0718650487,125.6128684583,99.98557
DVAO,2020.9719,59204,2137,0.680835,0.112884,0.000837,0.000693,0.006269,7.0718650542,125.6128684247,99.97947
DVAO,2020.9747,59205,2137,0.684205,0.11355,0.000895,0.000714,-0.008887,7.0718650602,125.61286845519999,99.99078
DVAO,2020.9774,59206,2137,0.683182,0.115288,0.000874,0.000707,0.021653,7.0718650759,125.6128684459,99.98148
DVAO,2020.9802,59207,2137,0.683859,0.113816,0.000889,0.000757,0.076441,7.0718650626,125.61286845199999,99.9896
DVAO,2020.9829,59208,2137,0.682531,0.114039,0.00086,0.00071,0.030583,7.0718650646,125.61286844,99.99449
DVAO,2020.9856,59209,2137,0.681181,0.111758,0.000815,0.00068,0.011802,7.071865044,125.61286842780001,99.98291
DVAO,2020.9884,59210,2138,0.681866,0.115104,0.000848,0.000683,-0.00337,7.0718650743,125.612868434,99.98817
DVAO,2020.9911,59211,2138,0.680279,0.114308,0.000833,0.00067,-0.02091,7.0718650671,125.6128684196,99.9832
DVAO,2020.9938,59212,2138,0.682127,0.113075,0.000809,0.000671,0.006814,7.0718650559,125.61286843639999,99.98427
DVAO,2020.9966,59213,2138,0.681602,0.11465,0.000841,0.000679,0.011605,7.0718650702,125.61286843159999,99.9813
DVAO,2020.9993,59214,2138,0.681393,0.113999,0.000849,0.000687,-0.006778,7.0718650643,125.6128684297,99.98961
DVAO,2021.0021,59215,2138,0.681508,0.112115,0.000827,0.000683,-0.022127,7.0718650472,125.6128684308,99.98427
DVAO,2021.0048,59216,2138,0.679297,0.112341,0.000857,0.000687,0.014861,7.0718650493,125.6128684107,99.9856
DVAO,2021.0075,59217,2139,0.683679,0.113253,0.000847,0.0007,0.017382,7.0718650575,125.61286845039999,99.98663
DVAO,2021.0103,59218,2139,0.682403,0.113722,0.000826,0.00068,0.020929,7.0718650618,125.6128684389,99.97996
DVAO,2021.013,59219,2139,0.683276,0.114427,0.000906,0.000738,0.039402,7.0718650682,125.61286844680001,99.99021
DVAO,2021.0157,59220,2139,0.681118,0.115164,0.000866,0.0007,0.021641,7.0718650748,125.6128684272,99.99164
DVAO,2021.0185,59221,2139,0.682386,0.114046,0.000815,0.000678,-0.005749,7.0718650647,125.61286843869999,99.98338
DVAO,2021.0212,59222,2139,0.68176,0.11422,0.000841,0.000682,0.00419,7.0718650663,125.61286843299999,99.98192
DVAO,2021.024,59223,2139,0.681872,0.116424,0.000886,0.0007,0.025987,7.0718650862,125.6128684341,99.99318
DVAO,2021.0267,59224,2140,0.682041,0.113888,0.000828,0.000699,0.021108,7.0718650633,125.6128684356,99.9844
DVAO,2021.0294,59225,2140,0.682437,0.113785,0.000838,0.000693,-0.000783,7.0718650623,125.61286843920001,99.98283
DVAO,2021.0322,59226,2140,0.680401,0.113218,0.000865,0.000725,0.037999,7.0718650572,125.61286842070001,99.98466
DVAO,2021.0349,59227,2140,0.680933,0.112693,0.00081,0.000683,0.003814,7.0718650525,125.6128684256,99.97091
DVAO,2021.0376,59228,2140,0.677219,0.114438,0.000853,0.000682,-0.014357,7.0718650683,125.61286839190001,99.98541
DVAO,2021.0404,59229,2140,0.680982,0.112234,0.000843,0.000701,-0.004136,7.0718650483,125.612868426,99.98795
DVAO,2021.0431,59230,2140,0.680048,0.112391,0.000865,0.000693,-0.034567,7.0718650497,125.61286841750001,99.98609
DVAO,2021.0459,59231,2141,0.677441,0.112216,0.000846,0.000686,-0.022056,7.0718650482,125.61286839389999,99.98047
DVAO,2021.0486,59232,2141,0.67933,0.112326,0.000814,0.000677,0.002454,7.0718650492,125.612868411,99.98143
DVAO,2021.0513,59233,2141,0.67896,0.111262,0.000828,0.000691,-0.000244,7.0718650395,125.6128684077,99.98573
DVAO,2021.0541,59234,2141,0.679245,0.113083,0.000875,0.000738,-0.0426,7.071865056,125.6128684103,99.98611
DVAO,2021.0568,59235,2141,0.67863,0.112692,0.000888,0.000696,0.000547,7.0718650525,125.61286840470001,99.97792
DVAO,2021.0595,59236,2141,0.680939,0.11257,0.000839,0.00069,-0.022951,7.0718650514,125.6128684256,99.98535
DVAO,2021.0623,59237,2141,0.680658,0.113124,0.000868,0.000704,0.016058,7.0718650564,125.6128684231,99.98339
DVAO,2021.065,59238,2142,0.676233,0.112895,0.000881,0.000714,0.066635,7.0718650543,125.612868383,99.99947
DVAO,2021.0678,59239,2142,0.679484,0.113978,0.000893,0.00071,-0.002522,7.0718650641,125.61286841239999,99.98464
DVAO,2021.0705,59240,2142,0.677873,0.113476,0.000912,0.00074,0.021964,7.0718650596,125.6128683979,99.9877
DVAO,2021.0732,59241,2142,0.679947,0.11237,0.000901,0.000737,-0.066845,7.0718650496,125.61286841660001,99.98284
DVAO,2021.0787,59243,2142,0.679409,0.112677,0.000942,0.000747,0.017864,7.0718650523,125.61286841180001,99.99159
DVAO,2021.0815,59244,2142,0.679721,0.114051,0.000899,0.000716,-0.027665,7.0718650648,125.6128684146,99.99441
DVAO,2021.0842,59245,2143,0.677247,0.112386,0.000899,0.000716,-0.033503,7.0718650497,125.6128683922,99.99127
DVAO,2021.0869,59246,2143,0.680871,0.112831,0.000847,0.000699,0.004112,7.0718650537,125.61286842499999,99.98434
DVAO,2021.0897,59247,2143,0.677341,0.113857,0.000863,0.000708,-0.037329,7.071865063,125.61286839300001,99.98341
DVAO,2021.0924,59248,2143,0.678003,0.11245,0.000877,0.000698,-0.006324,7.0718650503,125.612868399,99.98171
DVAO,2021.0951,59249,2143,0.677501,0.112533,0.000888,0.000729,0.039829,7.071865051,125.6128683945,99.97594
DVAO,2021.0979,59250,2143,0.676969,0.112122,0.000897,0.000716,-0.051858,7.0718650473,125.6128683897,99.99088
DVAO,2021.1006,59251,2143,0.677629,0.112153,0.000863,0.000712,0.020369,7.0718650476,125.6128683956,99.98337
DVAO,2021.1034,59252,2144,0.67678,0.111854,0.00084,0.000683,-0.023693,7.0718650449,125.61286838800001,99.98846
DVAO,2021.1061,59253,2144,0.678206,0.111142,0.000843,0.00068,-0.033799,7.0718650385,125.6128684009,99.98773
DVAO,2021.1088,59254,2144,0.678,0.111686,0.000859,0.0007,-0.028919,7.0718650434,125.612868399,99.98583
DVAO,2021.1116,59255,2144,0.674949,0.111768,0.00087,0.000714,-0.03515,7.0718650441,125.6128683714,99.98936
DVAO,2021.1143,59256,2144,0.681023,0.111784,0.000836,0.000695,-0.001638,7.0718650443,125.61286842640001,99.99619
DVAO,2021.117,59257,2144,0.679799,0.111191,0.000854,0.000703,-0.017218,7.0718650389,125.6128684153,99.98826
DVAO,2021.1198,59258,2144,0.671034,0.113746,0.000916,0.000741,-0.000191,7.071865062,125.6128683359,99.9896
DVAO,2021.1225,59259,2145,0.679552,0.108956,0.000891,0.000736,-0.050235,7.0718650187,125.61286841309999,99.99051
DVAO,2021.1253,59260,2145,0.679217,0.111011,0.000881,0.000705,0.003358,7.0718650373,125.61286841,99.98786
DVAO,2021.128,59261,2145,0.675405,0.111084,0.000848,0.000703,0.010492,7.0718650379,125.6128683755,99.98913
DVAO,2021.1307,59262,2145,0.67614,0.111953,0.000905,0.000731,-0.011059,7.0718650458,125.61286838219999,99.98686
DVAO,2021.1335,59263,2145,0.675963,0.112927,0.000959,0.000745,-0.045685,7.0718650546,125.61286838059999,99.99312
DVAO,2021.1362,59264,2145,0.673919,0.110232,0.000955,0.000768,-0.007031,7.0718650302,125.61286836209999,99.97953
DVAO,2021.1389,59265,2145,0.675345,0.112232,0.00084,0.000691,-0.016149,7.0718650483,125.612868375,99.98281
DVAO,2021.1417,59266,2146,0.677939,0.110113,0.000865,0.000708,0.026359,7.0718650291,125.61286839850001,99.98379
DVAO,2021.1444,59267,2146,0.674708,0.111497,0.000868,0.000689,0.021879,7.0718650417,125.61286836919999,99.98746
DVAO,2021.1472,59268,2146,0.677648,0.109503,0.000868,0.000708,0.025302,7.0718650236,125.6128683958,99.98745
DVAO,2021.1499,59269,2146,0.676617,0.111398,0.000852,0.000694,-0.013228,7.0718650408,125.6128683865,99.99446
DVAO,2021.1526,59270,2146,0.673962,0.108925,0.000876,0.000739,-0.021278,7.0718650184,125.6128683625,99.9809
DVAO,2021.1554,59271,2146,0.675901,0.108397,0.000859,0.000726,0.029245,7.0718650136,125.61286838000001,99.98209
DVAO,2021.1581,59272,2146,0.67374,0.109849,0.000897,0.000762,0.065996,7.0718650268,125.6128683604,99.99235
DVAO,2021.1608,59273,2147,0.673211,0.109324,0.000888,0.000754,0.044815,7.071865022,125.61286835569999,99.99082
DVAO,2021.1636,59274,2147,0.674019,0.109703,0.000878,0.000737,0.048339,7.0718650254,125.61286836299999,99.99653
DVAO,2021.1663,59275,2147,0.672037,0.110157,0.000975,0.000774,0.034015,7.0718650295,125.61286834500001,99.98967
DVAO,2021.1691,59276,2147,0.672324,0.109759,0.000879,0.000707,0.000495,7.0718650259,125.6128683476,99.98383
DVAO,2021.1718,59277,2147,0.671256,0.108932,0.000933,0.00074,-0.003713,7.0718650185,125.612868338,99.98266
DVAO,2021.1745,59278,2147,0.671685,0.1102,0.000947,0.000776,-0.017948,7.0718650299,125.61286834180001,99.99255
DVAO,2021.1773,59279,2147,0.673055,0.110418,0.000916,0.000718,-0.014154,7.0718650319,125.6128683542,99.98908
DVAO,2021.18,59280,2148,0.673255,0.109106,0.000918,0.000759,0.00846,7.07186502,125.6128683561,99.98238
DVAO,2021.1828,59281,2148,0.672717,0.108835,0.000991,0.000782,-0.02301,7.0718650176,125.6128683512,99.98766
DVAO,2021.1855,59282,2148,0.673542,0.109174,0.000875,0.000725,0.034043,7.0718650207,125.61286835870001,99.9873
DVAO,2021.1882,59283,2148,0.672036,0.109086,0.000858,0.000698,0.022197,7.0718650199,125.61286834500001,99.98376
DVAO,2021.191,59284,2148,0.669254,0.108595,0.000892,0.00073,0.017496,7.0718650154,125.61286831979999,99.99008
DVAO,2021.1937,59285,2148,0.671621,0.108531,0.000916,0.000743,0.002088,7.0718650148,125.61286834129999,99.9782
DVAO,2021.1964,59286,2148,0.672202,0.108057,0.00086,0.000701,0.010499,7.0718650106,125.6128683465,99.97775
DVAO,2021.1992,59287,2149,0.674865,0.110339,0.000892,0.000716,-0.01128,7.0718650312,125.61286837060001,99.98664
DVAO,2021.2019,59288,2149,0.67082,0.105641,0.000903,0.000733,0.055469,7.0718649887,125.61286833400001,99.98205
DVAO,2021.2047,59289,2149,0.670633,0.107793,0.000896,0.000754,0.023787,7.0718650082,125.6128683323,99.9872
DVAO,2021.2074,59290,2149,0.672999,0.109057,0.000872,0.000725,0.003683,7.0718650196,125.61286835370001,99.98828
DVAO,2021.2101,59291,2149,0.670834,0.109401,0.000879,0.000743,-0.007246,7.0718650227,125.6128683341,99.98581
DVAO,2021.2129,59292,2149,0.671204,0.108779,0.000884,0.000732,-0.027096,7.0718650171,125.6128683375,99.99303
DVAO,2021.2156,59293,2149,0.672843,0.105821,0.000878,0.000696,0.040006,7.0718649903,125.61286835230001,99.98312
DVAO,2021.2183,59294,2150,0.6708,0.10728,0.000945,0.000746,-0.01977,7.0718650035,125.61286833380001,99.98373
DVAO,2021.2211,59295,2150,0.673889,0.109078,0.000884,0.000735,0.001027,7.0718650198,125.6128683618,99.98521
DVAO,2021.2238,59296,2150,0.672001,0.109181,0.000883,0.000711,-0.007045,7.0718650207,125.61286834469999,99.98737
DVAO,2021.2266,59297,2150,0.672307,0.108327,0.000851,0.000691,0.027367,7.071865013,125.61286834750001,99.98526
DVAO,2021.2293,59298,2150,0.671268,0.110186,0.000893,0.00072,0.00921,7.0718650298,125.61286833809999,99.98929
DVAO,2021.232,59299,2150,0.670196,0.110743,0.001082,0.000862,-0.046008,7.0718650348,125.6128683284,99.98827
DVAO,2021.2348,59300,2150,0.670473,0.108363,0.000838,0.000681,-0.040048,7.0718650133,125.6128683309,99.98521
DVAO,2021.2375,59301,2151,0.671003,0.105965,0.00092,0.000758,0.021446,7.0718649916,125.6128683357,100.00152
DVAO,2021.2402,59302,2151,0.669489,0.109143,0.000921,0.000742,-0.041269,7.0718650204,125.612868322,99.98421
DVAO,2021.243,59303,2151,0.670748,0.109292,0.000894,0.000716,0.000697,7.0718650217,125.6128683334,99.97985
DVAO,2021.2457,59304,2151,0.672733,0.109822,0.000891,0.00072,-0.029235,7.0718650265,125.6128683513,99.9765
DVAO,2021.2485,59305,2151,0.672046,0.104546,0.001012,0.000796,-0.062283,7.0718649788,125.6128683451,99.98516
DVAO,2021.2512,59306,2151,0.670363,0.114217,0.000975,0.00081,-0.026104,7.0718650663,125.61286832990001,99.99503
DVAO,2021.2539,59307,2151,0.668002,0.111388,0.00088,0.000731,0.001295,7.0718650407,125.6128683085,99.98334
DVAO,2021.2567,59308,2152,0.669012,0.110968,0.000842,0.000681,0.009598,7.0718650369,125.61286831769999,99.98315
DVAO,2021.2594,59309,2152,0.669291,0.109709,0.000885,0.000701,-0.01158,7.0718650255,125.6128683202,99.97636
DVAO,2021.2621,59310,2152,0.668749,0.109746,0.000896,0.000712,-0.032025,7.0718650258,125.6128683153,99.9824
DVAO,2021.2649,59311,2152,0.669747,0.109797,0.000906,0.000723,-0.039884,7.0718650263,125.6128683243,99.98646
DVAO,2021.2676,59312,2152,0.67069,0.113777,0.000877,0.000715,-0.011633,7.0718650623,125.61286833279999,99.98486
DVAO,2021.2704,59313,2152,0.672825,0.107171,0.000916,0.000751,-0.016858,7.0718650025,125.6128683522,99.99135
DVAO,2021.2731,59314,2152,0.670193,0.110674,0.000893,0.000725,-0.043721,7.0718650342,125.61286832830001,99.98635
DVAO,2021.2758,59315,2153,0.669727,0.109745,0.000852,0.000703,0.008486,7.0718650258,125.61286832409999,99.98012
DVAO,2021.2786,59316,2153,0.670118,0.111431,0.000951,0.000784,0.019578,7.0718650411,125.6128683277,99.9803
DVAO,2021.2813,59317,2153,0.669723,0.11342,0.000867,0.000715,-0.033965,7.0718650591,125.61286832409999,99.98421
DVAO,2021.2841,59318,2153,0.668996,0.110814,0.000857,0.000712,0.018572,7.0718650355,125.61286831749999,99.9761
DVAO,2021.2868,59319,2153,0.668851,0.11097,0.000902,0.000744,-0.010507,7.0718650369,125.61286831620001,99.98529
DVAO,2021.2895,59320,2153,0.669707,0.11071,0.000892,0.000737,0.002833,7.0718650345,125.61286832389999,99.99064
DVAO,2021.2923,59321,2153,0.669455,0.111652,0.000918,0.000764,-0.011283,7.0718650431,125.6128683217,99.98978
DVAO,2021.295,59322,2154,0.669047,0.111931,0.000909,0.000765,0.033301,7.0718650456,125.61286831800001,99.98161
DVAO,2021.2977,59323,2154,0.668435,0.110626,0.000922,0.000769,-0.019778,7.0718650338,125.6128683124,99.96929
DVAO,2021.3005,59324,2154,0.669153,0.110005,0.000865,0.000726,0.020106,7.0718650282,125.61286831890001,99.98363
DVAO,2021.3032,59325,2154,0.6691,0.110227,0.000861,0.000727,0.02222,7.0718650302,125.61286831839999,99.98639
DVAO,2021.306,59326,2154,0.66924,0.110376,0.000898,0.00078,0.018431,7.0718650315,125.6128683197,99.99064
DVAO,2021.3087,59327,2154,0.670057,0.111122,0.000865,0.000752,0.000798,7.0718650383,125.61286832709999,99.99267
DVAO,2021.3114,59328,2154,0.668773,0.111206,0.000854,0.000722,-0.025427,7.071865039,125.61286831550001,99.98251
DVAO,2021.3142,59329,2155,0.66761,0.108468,0.000875,0.00074,0.002946,7.0718650143,125.612868305,99.98635
DVAO,2021.3169,59330,2155,0.668263,0.107584,0.000897,0.000765,0.00192,7.0718650063,125.61286831090001,99.98984
DVAO,2021.3196,59331,2155,0.666301,0.111431,0.000879,0.000736,0.062367,7.0718650411,125.61286829310001,99.98255
DVAO,2021.3224,59332,2155,0.667559,0.110297,0.000943,0.000758,0.015727,7.0718650308,125.61286830450001,99.98383
DVAO,2021.3251,59333,2155,0.666639,0.111045,0.000879,0.00074,0.053212,7.0718650376,125.61286829619999,99.98286
DVAO,2021.3279,59334,2155,0.6675,0.111834,0.000847,0.000705,-0.0056,7.0718650447,125.61286830399999,99.98533
DVAO,2021.3306,59335,2155,0.668028,0.110915,0.000914,0.000741,0.030727,7.0718650364,125.6128683087,99.98195
DVAO,2021.3333,59336,2156,0.6651,0.110427,0.000884,0.000732,0.023741,7.071865032,125.6128682822,99.98511
DVAO,2021.3361,59337,2156,0.664854,0.109174,0.000875,0.000712,-0.021305,7.0718650207,125.61286827999999,99.99088
DVAO,2021.3388,59338,2156,0.666284,0.10925,0.000864,0.000714,-0.010427,7.0718650213,125.61286829299999,99.99489
DVAO,2021.3415,59339,2156,0.666523,0.110474,0.000859,0.000724,0.019762,7.0718650324,125.61286829509999,99.98127
DVAO,2021.3443,59340,2156,0.665609,0.11014,0.000945,0.000768,-0.005521,7.0718650294,125.61286828690001,99.98263
DVAO,2021.347,59341,2156,0.666367,0.109756,0.000859,0.000709,0.037504,7.0718650259,125.61286829369999,99.9866
DVAO,2021.3498,59342,2156,0.665326,0.110068,0.000855,0.000714,-0.008121,7.0718650287,125.61286828429999,99.97631
DVAO,2021.3525,59343,2157,0.665405,0.110966,0.000867,0.00073,0.021811,7.0718650369,125.61286828499999,99.986
DVAO,2021.3552,59344,2157,0.665091,0.110663,0.000843,0.0007,0.012088,7.0718650341,125.6128682822,99.98588
DVAO,2021.358,59345,2157,0.666927,0.111815,0.000862,0.000725,-0.03463,7.0718650445,125.61286829880001,99.98728
DVAO,2021.3607,59346,2157,0.667484,0.110583,0.000907,0.000768,0.016141,7.0718650334,125.61286830380001,99.98789
DVAO,2021.3634,59347,2157,0.663512,0.112179,0.000894,0.000763,-0.007026,7.0718650478,125.61286826790001,99.98486
DVAO,2021.3662,59348,2157,0.664005,0.111285,0.000896,0.00075,-0.010268,7.0718650397,125.6128682723,99.98466
DVAO,2021.3689,59349,2157,0.664745,0.112089,0.000859,0.00072,-0.02881,7.071865047,125.612868279,99.97951
DVAO,2021.3717,59350,2158,0.663065,0.112714,0.000887,0.000745,-0.039369,7.0718650527,125.61286826380001,99.98386
DVAO,2021.3744,59351,2158,0.663974,0.111122,0.000879,0.000736,0.017505,7.0718650383,125.6128682721,99.9904
DVAO,2021.3771,59352,2158,0.665743,0.110204,0.000858,0.000742,-0.01084,7.07186503,125.6128682881,99.98661
DVAO,2021.3799,59353,2158,0.664263,0.11309,0.000886,0.00073,-0.048512,7.0718650561,125.61286827469999,99.97873
DVAO,2021.3826,59354,2158,0.663943,0.111987,0.000882,0.000776,-0.025506,7.0718650461,125.61286827180001,99.97991
DVAO,2021.3854,59355,2158,0.665658,0.112757,0.00089,0.000771,0.000132,7.0718650531,125.61286828729999,99.99079
DVAO,2021.3881,59356,2158,0.663344,0.114151,0.000902,0.000766,-0.044127,7.0718650657,125.6128682664,99.9861
DVAO,2021.3908,59357,2159,0.665744,0.110864,0.000866,0.000735,-0.020088,7.0718650359,125.6128682881,99.9835
DVAO,2021.3936,59358,2159,0.662398,0.113318,0.000837,0.000717,-0.021256,7.0718650581,125.61286825779999,99.98107
DVAO,2021.3963,59359,2159,0.66425,0.111817,0.000842,0.000718,-0.026746,7.0718650446,125.61286827449999,99.98021
DVAO,2021.399,59360,2159,0.666303,0.112076,0.000808,0.000693,-0.015581,7.0718650469,125.61286829310001,99.97589
DVAO,2021.4018,59361,2159,0.667198,0.113196,0.000873,0.000737,-0.044609,7.071865057,125.6128683012,99.98781
DVAO,2021.4045,59362,2159,0.664273,0.113838,0.000896,0.000752,-0.053844,7.0718650628,125.61286827480001,99.98342
DVAO,2021.4073,59363,2159,0.663091,0.114891,0.000892,0.00077,-0.012824,7.0718650724,125.6128682641,99.98055
DVAO,2021.41,59364,2160,0.664584,0.111357,0.000878,0.000722,-0.010322,7.0718650404,125.6128682776,99.98033
DVAO,2021.4127,59365,2160,0.664858,0.113727,0.000824,0.000702,-0.00485,7.0718650618,125.6128682801,99.98341
DVAO,2021.4155,59366,2160,0.664807,0.113096,0.00084,0.00072,-0.028347,7.0718650561,125.61286827960001,99.97964
DVAO,2021.4182,59367,2160,0.665349,0.111445,0.000841,0.000707,-0.024746,7.0718650412,125.6128682845,99.98065
DVAO,2021.4209,59368,2160,0.662267,0.11357,0.000846,0.00072,-0.053209,7.0718650604,125.6128682566,99.97279
DVAO,2021.4237,59369,2160,0.663656,0.112924,0.00086,0.000718,-0.055541,7.0718650546,125.61286826919999,99.97579
DVAO,2021.4264,59370,2160,0.667668,0.11152,0.00085,0.000711,-0.029255,7.0718650419,125.6128683055,99.98922
DVAO,2021.4292,59371,2161,0.664275,0.112064,0.000843,0.000704,-0.0292,7.0718650468,125.61286827480001,99.98111
DVAO,2021.4319,59372,2161,0.66471,0.112659,0.000844,0.000723,-0.015732,7.0718650522,125.6128682787,99.9801
DVAO,2021.4346,59373,2161,0.664645,0.11602,0.000841,0.000727,-0.022811,7.0718650826,125.6128682781,99.9807
DVAO,2021.4374,59374,2161,0.664301,0.116346,0.000837,0.000713,-0.032043,7.0718650855,125.61286827500001,99.98864
DVAO,2021.4401,59375,2161,0.666164,0.114648,0.000909,0.000743,-0.056582,7.0718650702,125.61286829190001,99.99033
DVAO,2021.4428,59376,2161,0.663094,0.112887,0.000906,0.000775,-0.016693,7.0718650542,125.6128682641,99.99251
DVAO,2021.4456,59377,2161,0.663605,0.114973,0.000867,0.000726,-0.024818,7.0718650731,125.6128682687,99.97671
DVAO,2021.4483,59378,2162,0.663986,0.116343,0.000829,0.000723,0.010452,7.0718650855,125.61286827219999,99.98195
DVAO,2021.4511,59379,2162,0.663186,0.116535,0.000877,0.000767,-0.013396,7.0718650872,125.61286826489999,99.97744
DVAO,2021.4538,59380,2162,0.661874,0.116107,0.000851,0.000741,-0.025602,7.0718650833,125.61286825299999,99.97963
DVAO,2021.4565,59381,2162,0.663844,0.115679,0.000875,0.000743,-0.013075,7.0718650795,125.61286827090001,99.97865
DVAO,2021.4593,59382,2162,0.660398,0.11534,0.000847,0.000714,-0.048986,7.0718650764,125.61286823969999,99.97948
DVAO,2021.462,59383,2162,0.661025,0.116488,0.000861,0.000731,-0.001038,7.0718650868,125.6128682454,99.98481
DVAO,2021.4648,59384,2162,0.662528,0.115431,0.000884,0.000747,-0.027839,7.0718650772,125.61286825900001,99.99193
DVAO,2021.4675,59385,2163,0.66224,0.116149,0.000858,0.00072,-0.03533,7.0718650837,125.61286825639999,99.9758
DVAO,2021.4702,59386,2163,0.660458,0.113688,0.000868,0.000745,-0.041301,7.0718650615,125.61286824019999,99.98588
DVAO,2021.473,59387,2163,0.660755,0.114245,0.000836,0.00074,-0.032024,7.0718650665,125.61286824289999,99.98579
DVAO,2021.4757,59388,2163,0.66166,0.114381,0.000891,0.000754,-0.02874,7.0718650677,125.6128682511,99.97805
DVAO,2021.4784,59389,2163,0.662961,0.11336,0.000878,0.000732,-0.052697,7.0718650585,125.61286826290001,99.98132
DVAO,2021.4812,59390,2163,0.659364,0.11087,0.000862,0.000744,-0.023189,7.071865036,125.6128682303,99.97451
DVAO,2021.4839,59391,2163,0.65965,0.113968,0.000876,0.000749,-0.002095,7.071865064,125.61286823290001,99.98092
DVAO,2021.4867,59392,2164,0.660785,0.114316,0.000835,0.000721,-0.01241,7.0718650672,125.61286824320001,99.98177
DVAO,2021.4894,59393,2164,0.658727,0.116433,0.000849,0.000731,-0.019788,7.0718650863,125.61286822459999,99.98343
DVAO,2021.4921,59394,2164,0.659441,0.114862,0.000823,0.000725,0.003946,7.0718650721,125.612868231,99.97714
DVAO,2021.4949,59395,2164,0.659908,0.112653,0.000846,0.00071,-0.050385,7.0718650521,125.61286823520001,99.98603
DVAO,2021.4976,59396,2164,0.66121,0.113782,0.000877,0.000789,0.03213,7.0718650623,125.612868247,99.97877
DVAO,2021.5003,59397,2164,0.658776,0.11237,0.000872,0.000784,-0.056799,7.0718650496,125.612868225,99.98449
DVAO,2021.5031,59398,2164,0.659968,0.114713,0.000861,0.000733,-0.070244,7.0718650707,125.6128682358,99.99191
DVAO,2021.5058,59399,2165,0.658442,0.115754,0.000811,0.000689,-0.038632,7.0718650802,125.612868222,99.98134
DVAO,2021.5086,59400,2165,0.659397,0.114602,0.000799,0.000688,-0.001323,7.0718650697,125.61286823059999,99.98071
DVAO,2021.5113,59401,2165,0.658846,0.114951,0.000838,0.000724,-0.034221,7.0718650729,125.61286822560001,99.98616
DVAO,2021.514,59402,2165,0.660351,0.114889,0.000821,0.000714,-0.001613,7.0718650723,125.61286823930001,99.98073
DVAO,2021.5168,59403,2165,0.658481,0.115575,0.000867,0.000741,-0.032102,7.0718650785,125.6128682223,99.9719
DVAO,2021.5195,59404,2165,0.658703,0.114588,0.000848,0.000722,-0.077026,7.0718650696,125.6128682243,99.97742
DVAO,2021.5222,59405,2165,0.659487,0.114308,0.00083,0.000701,-0.026136,7.0718650671,125.6128682314,99.97229
DVAO,2021.525,59406,2166,0.659298,0.113169,0.000821,0.000708,-0.054978,7.0718650568,125.61286822970001,99.9826
DVAO,2021.5277,59407,2166,0.658687,0.115809,0.000823,0.000706,0.015229,7.0718650807,125.61286822420001,99.98439
DVAO,2021.5305,59408,2166,0.659857,0.114379,0.000809,0.000685,-0.021641,7.0718650677,125.6128682348,99.97712
DVAO,2021.5332,59409,2166,0.658559,0.116317,0.000829,0.000726,-0.02216,7.0718650852,125.61286822299999,99.98307
DVAO,2021.5359,59410,2166,0.658354,0.11522,0.000865,0.000734,-0.044254,7.0718650753,125.61286822119999,99.97742
DVAO,2021.5387,59411,2166,0.66016,0.11662,0.000927,0.000776,-0.048739,7.071865088,125.61286823750001,99.98314
DVAO,2021.5414,59412,2166,0.660812,0.113846,0.000849,0.000717,-0.0064,7.0718650629,125.61286824339999,99.98768
DVAO,2021.5441,59413,2167,0.659836,0.114207,0.000814,0.000701,0.012884,7.0718650662,125.6128682346,99.98509
DVAO,2021.5469,59414,2167,0.658647,0.115301,0.00081,0.000701,-0.032055,7.0718650761,125.6128682238,99.9806
DVAO,2021.5496,59415,2167,0.65913,0.114146,0.000802,0.000691,-0.00378,7.0718650656,125.6128682282,99.98487
DVAO,2021.5524,59416,2167,0.658955,0.116213,0.000824,0.000707,-0.014089,7.0718650843,125.6128682266,99.9863
DVAO,2021.5551,59417,2167,0.657395,0.113644,0.000872,0.000723,-0.033847,7.0718650611,125.61286821249999,99.98445
DVAO,2021.5578,59418,2167,0.660738,0.11422,0.000848,0.00072,-0.040907,7.0718650663,125.6128682428,99.98174
DVAO,2021.5606,59419,2167,0.6599,0.114352,0.000842,0.000734,-0.023855,7.0718650675,125.61286823520001,99.99765
DVAO,2021.5633,59420,2168,0.658303,0.11292,0.00082,0.000706,-0.042741,7.0718650545,125.6128682207,99.97397
DVAO,2021.5661,59421,2168,0.658139,0.112916,0.000808,0.000691,-0.054214,7.0718650545,125.61286821920001,99.98029
DVAO,2021.5688,59422,2168,0.657598,0.114586,0.000813,0.0007,-0.030568,7.0718650696,125.6128682143,99.99108
DVAO,2021.5715,59423,2168,0.660381,0.114295,0.000824,0.000735,-0.001235,7.071865067,125.61286823949999,99.98334
DVAO,2021.5743,59424,2168,0.661028,0.111661,0.000841,0.000715,-0.051591,7.0718650431,125.6128682454,99.98234
DVAO,2021.577,59425,2168,0.660051,0.114316,0.000862,0.000744,-0.048693,7.0718650672,125.61286823649999,99.97409
DVAO,2021.5797,59426,2168,0.659512,0.112464,0.000938,0.000785,-0.012522,7.0718650504,125.61286823169999,99.98207
DVAO,2021.5825,59427,2169,0.658605,0.114118,0.000852,0.000709,-0.051733,7.0718650654,125.61286822349999,99.98496
DVAO,2021.5852,59428,2169,0.65889,0.114585,0.000815,0.000731,-0.002464,7.0718650696,125.61286822599999,99.98843
DVAO,2021.588,59429,2169,0.660309,0.114097,0.000824,0.000701,0.010983,7.0718650652,125.6128682389,99.98022
DVAO,2021.5907,59430,2169,0.657896,0.114537,0.000826,0.000732,0.032245,7.0718650692,125.612868217,99.98376
DVAO,2021.5934,59431,2169,0.658022,0.114958,0.000865,0.000743,-0.031385,7.071865073,125.61286821819999,99.97423
DVAO,2021.5962,59432,2169,0.659669,0.112875,0.000836,0.000747,-0.014364,7.0718650541,125.61286823309999,99.98975
DVAO,2021.5989,59433,2169,0.660861,0.111245,0.00087,0.000717,-0.050212,7.0718650394,125.61286824390001,99.97967
DVAO,2021.6016,59434,2170,0.658515,0.113446,0.000811,0.000676,-0.025903,7.0718650593,125.61286822260001,99.97998
DVAO,2021.6044,59435,2170,0.658396,0.114742,0.000821,0.0007,-0.029293,7.071865071,125.6128682216,99.98207
DVAO,2021.6071,59436,2170,0.65827,0.113875,0.00085,0.000726,-0.040684,7.0718650632,125.6128682204,99.98068
DVAO,2021.6099,59437,2170,0.660416,0.112517,0.000826,0.000703,-0.035737,7.0718650509,125.61286823980001,99.97639
DVAO,2021.6263,59443,2171,0.659949,0.109537,0.000848,0.000738,-0.024217,7.0718650239,125.61286823559999,99.97409
DVAO,2021.629,59444,2171,0.661401,0.109391,0.000889,0.000771,0.05228,7.0718650226,125.6128682488,99.98101
DVAO,2021.6318,59445,2171,0.663673,0.110291,0.000868,0.000758,-0.019716,7.0718650308,125.61286826930001,99.97718
DVAO,2021.6345,59446,2171,0.663296,0.112659,0.000864,0.000767,0.020689,7.0718650522,125.6128682659,99.97568
DVAO,2021.6372,59447,2171,0.661336,0.109591,0.000803,0.000725,0.046314,7.0718650244,125.61286824819999,99.9791
DVAO,2021.64,59448,2172,0.665409,0.1128,0.000836,0.000755,-0.018875,7.0718650534,125.61286828499999,99.97547
DVAO,2021.6427,59449,2172,0.662984,0.109798,0.000833,0.000737,-0.01208,7.0718650263,125.61286826310001,99.98243
DVAO,2021.6454,59450,2172,0.663785,0.109569,0.000815,0.000712,0.000162,7.0718650242,125.6128682703,99.99215
DVAO,2021.6482,59451,2172,0.663458,0.110321,0.000804,0.000702,-0.024481,7.071865031,125.61286826739999,99.98147
DVAO,2021.6509,59452,2172,0.662997,0.111972,0.000839,0.000733,-0.020394,7.071865046,125.6128682632,99.97496
DVAO,2021.6537,59453,2172,0.661912,0.110398,0.000849,0.000736,-0.025084,7.0718650317,125.6128682534,99.98269
DVAO,2021.6564,59454,2172,0.659499,0.110041,0.000848,0.000735,-0.025346,7.0718650285,125.61286823149999,99.98156
DVAO,2021.6591,59455,2173,0.661282,0.11025,0.000838,0.000722,-0.005514,7.0718650304,125.61286824769999,99.97719
DVAO,2021.6619,59456,2173,0.661565,0.109127,0.000808,0.000704,0.000763,7.0718650202,125.6128682502,99.98229
DVAO,2021.6646,59457,2173,0.663344,0.109953,0.0008,0.000698,-0.020921,7.0718650277,125.61286826630001,99.97872
DVAO,2021.6674,59458,2173,0.660185,0.110411,0.000833,0.00072,-0.007028,7.0718650318,125.6128682378,99.97229
DVAO,2021.6701,59459,2173,0.660283,0.112148,0.000892,0.000797,0.022787,7.0718650475,125.61286823859999,99.97353
DVAO,2021.6728,59460,2173,0.662189,0.109886,0.000906,0.000787,0.012855,7.0718650271,125.6128682559,99.97584
DVAO,2021.6756,59461,2173,0.660582,0.109098,0.000899,0.000763,-0.053056,7.07186502,125.61286824129999,99.97917
DVAO,2021.6783,59462,2174,0.66069,0.109929,0.000855,0.000767,0.007833,7.0718650275,125.61286824230001,99.97619
DVAO,2021.681,59463,2174,0.662493,0.1105,0.000832,0.000714,-0.001748,7.0718650326,125.6128682586,99.98233
DVAO,2021.6838,59464,2174,0.662367,0.10958,0.000804,0.000702,-0.04428,7.0718650243,125.6128682575,99.97952
DVAO,2021.6865,59465,2174,0.662975,0.109936,0.000828,0.000744,-0.026842,7.0718650275,125.612868263,99.9797
DVAO,2021.6893,59466,2174,0.662399,0.110361,0.00086,0.000738,-0.025256,7.0718650314,125.61286825779999,99.98699
DVAO,2021.692,59467,2174,0.660787,0.110886,0.000859,0.00073,-0.025962,7.0718650361,125.61286824320001,99.9788
DVAO,2021.6947,59468,2174,0.660897,0.110965,0.000833,0.00071,0.004434,7.0718650369,125.6128682442,99.98157
DVAO,2021.6975,59469,2175,0.661333,0.111668,0.000882,0.000776,-0.02478,7.0718650432,125.6128682481,99.97862
DVAO,2021.7002,59470,2175,0.660919,0.109763,0.000827,0.000708,-0.037479,7.071865026,125.6128682444,99.96877
DVAO,2021.7029,59471,2175,0.663011,0.110199,0.000809,0.000699,-0.007289,7.0718650299,125.61286826329999,99.97524
DVAO,2021.7057,59472,2175,0.662132,0.10959,0.000867,0.000752,0.003943,7.0718650244,125.6128682554,99.97858
DVAO,2021.7084,59473,2175,0.662541,0.110646,0.000901,0.000819,-0.006434,7.071865034,125.6128682591,99.98096
DVAO,2021.7112,59474,2175,0.661133,0.111404,0.000837,0.000726,-0.03117,7.0718650408,125.6128682463,99.98073
DVAO,2021.7139,59475,2175,0.662251,0.107476,0.000811,0.000713,-0.033342,7.0718650053,125.61286825650001,99.97819
DVAO,2021.7166,59476,2176,0.661988,0.110531,0.000838,0.000719,0.016137,7.0718650329,125.6128682541,99.98175
DVAO,2021.7194,59477,2176,0.663448,0.111126,0.00083,0.000725,-0.004405,7.0718650383,125.6128682673,99.97771
DVAO,2021.7221,59478,2176,0.66342,0.110997,0.000869,0.000752,-0.017217,7.0718650371,125.61286826700001,99.97937
DVAO,2021.7248,59479,2176,0.660639,0.108709,0.000805,0.0007,0.028165,7.0718650165,125.6128682419,99.97687
DVAO,2021.7276,59480,2176,0.662578,0.110898,0.00085,0.000739,0.008744,7.0718650362,125.61286825939999,99.97287
DVAO,2021.7303,59481,2176,0.660129,0.111424,0.000997,0.000878,-0.040727,7.071865041,125.61286823719999,99.98247
DVAO,2021.7331,59482,2176,0.661333,0.109384,0.000876,0.000762,-0.017427,7.0718650226,125.6128682481,99.98727
DVAO,2021.7358,59483,2177,0.661134,0.108617,0.000824,0.000706,-0.027616,7.0718650156,125.6128682463,99.98315
DVAO,2021.7385,59484,2177,0.661536,0.109924,0.000811,0.0007,-0.01307,7.0718650274,125.61286824999999,99.97657
DVAO,2021.7413,59485,2177,0.661364,0.110509,0.000865,0.000737,-0.000504,7.0718650327,125.61286824839999,99.98631
DVAO,2021.744,59486,2177,0.662747,0.109799,0.000964,0.000815,-0.059704,7.0718650263,125.6128682609,99.98457
DVAO,2021.7467,59487,2177,0.663171,0.108925,0.000959,0.000838,-0.014005,7.0718650184,125.6128682648,99.97722
DVAO,2021.7495,59488,2177,0.661814,0.109349,0.000895,0.000763,-0.079231,7.0718650222,125.6128682525,99.98095
DVAO,2021.7522,59489,2177,0.659177,0.111468,0.000884,0.000767,-0.033681,7.0718650414,125.61286822860001,99.97938
DVAO,2021.755,59490,2178,0.661388,0.109301,0.000849,0.000753,0.004151,7.0718650218,125.6128682486,99.97503
DVAO,2021.7577,59491,2178,0.660201,0.110631,0.000869,0.00075,-0.018137,7.0718650338,125.61286823789999,99.98002
DVAO,2021.7604,59492,2178,0.661988,0.107715,0.000865,0.000741,-0.021661,7.0718650075,125.6128682541,99.98008
DVAO,2021.7632,59493,2178,0.662091,0.108176,0.000863,0.000762,-0.016952,7.0718650116,125.612868255,99.98611
DVAO,2021.7659,59494,2178,0.661634,0.109169,0.000824,0.000737,-0.019256,7.0718650206,125.6128682509,99.97889
DVAO,2021.7687,59495,2178,0.662101,0.108857,0.000835,0.000745,-0.021262,7.0718650178,125.61286825510001,99.97561
DVAO,2021.7714,59496,2178,0.659869,0.109917,0.000823,0.000721,-0.016611,7.0718650274,125.61286823489999,99.967
DVAO,2021.7741,59497,2179,0.660201,0.109771,0.000832,0.00073,-0.038812,7.0718650261,125.61286823789999,99.98355
DVAO,2021.7769,59498,2179,0.660964,0.108537,0.000842,0.000744,-0.041288,7.0718650149,125.61286824480001,99.97972
DVAO,2021.7796,59499,2179,0.660979,0.108781,0.000848,0.000759,-0.020375,7.0718650171,125.6128682449,99.98764
DVAO,2021.7823,59500,2179,0.659204,0.109635,0.000917,0.000812,-0.040612,7.0718650248,125.6128682289,99.98175
DVAO,2021.7851,59501,2179,0.66255,0.108927,0.00086,0.000751,-0.000852,7.0718650184,125.61286825920001,99.97727
DVAO,2021.7878,59502,2179,0.663326,0.106638,0.000846,0.000736,0.02444,7.0718649977,125.6128682662,99.98255
DVAO,2021.7906,59503,2179,0.661352,0.107871,0.000818,0.000721,-0.028707,7.0718650089,125.6128682483,99.97216
DVAO,2021.7933,59504,2180,0.660585,0.106262,0.000848,0.00073,-0.007473,7.0718649943,125.61286824140001,99.97537
DVAO,2021.796,59505,2180,0.661953,0.107192,0.000848,0.000729,-0.039736,7.0718650027,125.6128682538,99.97172
DVAO,2021.7988,59506,2180,0.66092,0.10552,0.000852,0.000731,-0.005189,7.0718649876,125.6128682444,99.97601
DVAO,2021.8015,59507,2180,0.662617,0.108315,0.000844,0.000789,-0.004793,7.0718650129,125.6128682598,99.9667
DVAO,2021.8042,59508,2180,0.658512,0.107951,0.000858,0.000781,-0.019001,7.0718650096,125.61286822260001,99.97377
DVAO,2021.807,59509,2180,0.662403,0.104318,0.000894,0.000796,0.004602,7.0718649767,125.61286825779999,99.98507
DVAO,2021.8097,59510,2180,0.661423,0.108912,0.000853,0.000737,-0.02104,7.0718650183,125.612868249,99.97315
DVAO,2021.8125,59511,2181,0.661499,0.107016,0.000945,0.000803,-0.005129,7.0718650011,125.61286824960001,99.98568
DVAO,2021.8152,59512,2181,0.662422,0.105843,0.000854,0.000761,0.024982,7.0718649905,125.61286825799999,99.98494
DVAO,2021.8179,59513,2181,0.662329,0.106129,0.000935,0.000815,-0.059354,7.0718649931,125.6128682572,99.97649
DVAO,2021.8234,59515,2181,0.659971,0.107259,0.000862,0.000761,-0.046266,7.0718650033,125.6128682358,99.97828
DVAO,2021.8261,59516,2181,0.66182,0.105541,0.000845,0.000734,-0.03,7.0718649878,125.61286825260001,99.97256
DVAO,2021.8289,59517,2181,0.660531,0.10486,0.000887,0.000766,-0.034425,7.0718649816,125.61286824090001,99.97888
DVAO,2021.8316,59518,2182,0.659362,0.107725,0.00092,0.000849,-0.083226,7.0718650076,125.6128682303,99.97764
DVAO,2021.8344,59519,2182,0.660239,0.105528,0.000903,0.000778,-0.050559,7.0718649877,125.61286823820001,99.97731
DVAO,2021.8371,59520,2182,0.659966,0.106362,0.000859,0.000745,-0.022304,7.0718649952,125.6128682358,99.9729
DVAO,2021.8398,59521,2182,0.661322,0.105664,0.00087,0.000773,-0.024618,7.0718649889,125.61286824800001,99.97564
DVAO,2021.8426,59522,2182,0.660554,0.107476,0.000893,0.000772,-0.008521,7.0718650053,125.61286824109999,99.98224
DVAO,2021.8453,59523,2182,0.661714,0.105517,0.000875,0.000743,-0.037734,7.0718649876,125.61286825159999,99.98101
DVAO,2021.848,59524,2182,0.659049,0.105113,0.000824,0.000718,-0.022584,7.0718649839,125.6128682275,99.97474
DVAO,2021.8508,59525,2183,0.659939,0.105776,0.000849,0.000752,-0.022835,7.0718649899,125.6128682355,99.97949
DVAO,2021.8535,59526,2183,0.662715,0.104454,0.000857,0.00074,-0.020291,7.071864978,125.61286826060001,99.97535
DVAO,2021.8563,59527,2183,0.66053,0.108571,0.000871,0.000759,0.000714,7.0718650152,125.61286824090001,99.97324
DVAO,2021.859,59528,2183,0.660429,0.106103,0.00083,0.000728,-0.040937,7.0718649929,125.61286824000001,99.97989
DVAO,2021.8617,59529,2183,0.660918,0.10302,0.000874,0.000752,0.007997,7.071864965,125.6128682444,99.98263
DVAO,2021.8645,59530,2183,0.6619,0.105441,0.000831,0.000723,-0.006809,7.0718649869,125.61286825330001,99.98225
DVAO,2021.8672,59531,2183,0.660359,0.106317,0.00087,0.000765,-0.007289,7.0718649948,125.61286823930001,99.9753
DVAO,2021.87,59532,2184,0.659396,0.106187,0.000871,0.000802,0.008579,7.0718649936,125.61286823059999,99.98265
DVAO,2021.8727,59533,2184,0.659889,0.104757,0.000885,0.00078,-0.012846,7.0718649807,125.6128682351,99.97624
DVAO,2021.8754,59534,2184,0.658849,0.106491,0.000843,0.000721,-0.035632,7.0718649964,125.6128682257,99.97356
DVAO,2021.8782,59535,2184,0.661092,0.104625,0.000851,0.000718,0.006911,7.0718649795,125.612868246,99.97327
DVAO,2021.8809,59536,2184,0.662894,0.105434,0.000903,0.000769,0.004387,7.0718649868,125.6128682623,99.98029
DVAO,2021.8836,59537,2184,0.662856,0.106133,0.000865,0.000745,-0.045502,7.0718649932,125.61286826189999,99.97577
DVAO,2021.8864,59538,2184,0.662489,0.106571,0.00084,0.000741,0.003837,7.0718649971,125.6128682586,99.97055
DVAO,2021.8891,59539,2185,0.661108,0.1068,0.000807,0.000694,-0.017943,7.0718649992,125.61286824609999,99.9722
DVAO,2021.8919,59540,2185,0.660111,0.105892,0.000837,0.000707,0.00773,7.071864991,125.6128682371,99.97831
DVAO,2021.8946,59541,2185,0.659307,0.107181,0.000817,0.000702,-0.014321,7.0718650026,125.6128682298,99.97986
DVAO,2021.8973,59542,2185,0.659849,0.103889,0.000822,0.000735,0.007565,7.0718649729,125.61286823469999,99.98559
DVAO,2021.9001,59543,2185,0.66112,0.105097,0.000844,0.000728,0.000705,7.0718649838,125.61286824620001,99.97544
DVAO,2021.9028,59544,2185,0.660229,0.10637,0.00079,0.000699,-0.023203,7.0718649953,125.61286823820001,99.96882
DVAO,2021.9055,59545,2185,0.660915,0.106372,0.000817,0.000716,-0.015974,7.0718649953,125.6128682444,99.97613
DVAO,2021.9083,59546,2186,0.660671,0.107763,0.000837,0.000715,-0.063588,7.0718650079,125.6128682422,99.9749
DVAO,2021.911,59547,2186,0.659514,0.107213,0.000815,0.000727,0.021971,7.0718650029,125.61286823169999,99.9774
DVAO,2021.9138,59548,2186,0.660766,0.103642,0.000856,0.000749,0.010311,7.0718649706,125.61286824300001,99.95971
DVAO,2021.9165,59549,2186,0.659057,0.106855,0.000823,0.000729,-0.009587,7.0718649997,125.6128682275,99.96835
DVAO,2021.9192,59550,2186,0.659857,0.105331,0.000823,0.000698,-0.03275,7.0718649859,125.6128682348,99.97112
DVAO,2021.922,59551,2186,0.659924,0.106895,0.000853,0.000724,-0.032699,7.071865,125.61286823539999,99.97654
DVAO,2021.9247,59552,2186,0.659428,0.106748,0.000822,0.000708,-0.02918,7.0718649987,125.6128682309,99.96735
DVAO,2021.9274,59553,2187,0.659748,0.107747,0.000834,0.00074,0.007975,7.0718650077,125.61286823379999,99.97756
DVAO,2021.9302,59554,2187,0.657481,0.106849,0.000839,0.000722,-0.058346,7.0718649996,125.6128682133,99.97628
DVAO,2021.9329,59555,2187,0.659866,0.10634,0.000824,0.000709,0.001272,7.071864995,125.61286823489999,99.9758
DVAO,2021.9357,59556,2187,0.659272,0.106102,0.000832,0.000728,-0.051285,7.0718649929,125.61286822950001,99.97478
DVAO,2021.9384,59557,2187,0.660761,0.103431,0.000892,0.000791,-0.030725,7.0718649687,125.61286824300001,99.98037
DVAO,2021.9411,59558,2187,0.660918,0.105955,0.000822,0.000765,-0.044246,7.0718649916,125.6128682444,99.97915
DVAO,2021.9439,59559,2187,0.658777,0.106511,0.000804,0.000726,-0.009518,7.0718649966,125.612868225,99.97374
DVAO,2021.9466,59560,2188,0.660357,0.107997,0.000779,0.000697,-0.006725,7.07186501,125.61286823930001,99.9817
DVAO,2021.9493,59561,2188,0.657057,0.107125,0.000809,0.000718,-0.05158,7.0718650021,125.6128682094,99.98673
DVAO,2021.9521,59562,2188,0.659028,0.105435,0.000804,0.000704,-0.024659,7.0718649868,125.6128682273,99.97443
DVAO,2021.9548,59563,2188,0.658216,0.107008,0.000838,0.000741,-0.001274,7.0718650011,125.61286821990001,99.97805
DVAO,2021.9576,59564,2188,0.658519,0.106349,0.000849,0.000738,0.016864,7.0718649951,125.6128682227,99.97553
DVAO,2021.9603,59565,2188,0.658831,0.106312,0.000827,0.00073,-0.02211,7.0718649948,125.6128682255,99.97225
DVAO,2021.963,59566,2188,0.659911,0.107051,0.000853,0.000704,-0.052181,7.0718650015,125.6128682353,99.97188
DVAO,2021.9658,59567,2189,0.658376,0.106337,0.000853,0.000718,-0.016224,7.071864995,125.61286822139999,99.97653
DVAO,2021.9685,59568,2189,0.662925,0.107965,0.000957,0.000824,-0.053861,7.0718650097,125.61286826259999,99.98314
DVAO,2021.9713,59569,2189,0.656445,0.106769,0.0008,0.000707,-0.003861,7.0718649989,125.6128682039,99.98005
DVAO,2021.974,59570,2189,0.655871,0.105464,0.000838,0.000754,-0.060069,7.0718649871,125.6128681987,99.97718
DVAO,2021.9767,59571,2189,0.659039,0.104582,0.000857,0.000747,-0.025237,7.0718649791,125.61286822740001,99.9765
DVAO,2021.9795,59572,2189,0.657089,0.105094,0.000797,0.000712,0.015817,7.0718649838,125.6128682097,99.98103
DVAO,2021.9822,59573,2189,0.658566,0.106959,0.000821,0.000709,-0.030183,7.0718650006,125.61286822310001,99.97632
DVAO,2021.9849,59574,2190,0.657358,0.105787,0.000818,0.000709,-0.035418,7.07186499,125.6128682122,99.98356
DVAO,2021.9877,59575,2190,0.657573,0.10579,0.000821,0.000704,-0.038328,7.0718649901,125.61286821409999,99.97313
DVAO,2021.9904,59576,2190,0.65601,0.105678,0.00082,0.000705,-0.034578,7.071864989,125.61286820000001,99.98516
DVAO,2021.9932,59577,2190,0.658028,0.104647,0.000841,0.000711,-0.014576,7.0718649797,125.61286821819999,99.98045
DVAO,2021.9959,59578,2190,0.658245,0.105095,0.00089,0.000736,-0.031915,7.0718649838,125.6128682202,99.98839
DVAO,2021.9986,59579,2190,0.656898,0.104617,0.000821,0.000692,-0.030714,7.0718649795,125.61286820800001,99.98008
DVAO,2022.0014,59580,2190,0.656726,0.106248,0.000813,0.000707,-0.006618,7.0718649942,125.61286820640001,99.98469
DVAO,2022.0041,59581,2191,0.657097,0.106574,0.000845,0.000736,-0.02418,7.0718649971,125.61286820980001,99.97516
DVAO,2022.0068,59582,2191,0.658921,0.104468,0.000896,0.000739,-0.088452,7.0718649781,125.61286822630001,99.97335
DVAO,2022.0096,59583,2191,0.656896,0.106926,0.000799,0.000691,-0.024446,7.0718650003,125.61286820800001,99.98492
DVAO,2022.0123,59584,2191,0.657862,0.105261,0.000833,0.000728,-0.027627,7.0718649853,125.61286821670001,99.98266
DVAO,2022.0151,59585,2191,0.655356,0.105972,0.000868,0.000744,-0.092337,7.0718649917,125.61286819399999,99.97476
DVAO,2022.0178,59586,2191,0.655091,0.103337,0.00084,0.000732,-0.022124,7.0718649679,125.6128681916,99.97634
DVAO,2022.0205,59587,2191,0.65616,0.107008,0.000816,0.000713,-0.002342,7.0718650011,125.61286820129999,99.97736
DVAO,2022.0233,59588,2192,0.657497,0.105385,0.00085,0.000755,-0.009141,7.0718649864,125.61286821339999,99.97988
DVAO,2022.026,59589,2192,0.657319,0.104951,0.000849,0.000733,-0.035891,7.0718649825,125.61286821179999,99.97761
DVAO,2022.0287,59590,2192,0.656217,0.104202,0.000798,0.000693,-0.015567,7.0718649757,125.61286820180001,99.97548
DVAO,2022.0315,59591,2192,0.654798,0.102104,0.000832,0.000718,0.019324,7.0718649567,125.61286818900001,99.99502
DVAO,2022.0342,59592,2192,0.65494,0.104224,0.000898,0.000764,-0.074012,7.0718649759,125.61286819029999,99.98409
DVAO,2022.037,59593,2192,0.655654,0.103934,0.000851,0.000737,-0.036035,7.0718649733,125.61286819669999,99.97954
DVAO,2022.0397,59594,2192,0.656094,0.104653,0.000967,0.000837,-0.052432,7.0718649798,125.6128682007,99.97481
DVAO,2022.0424,59595,2193,0.657297,0.103164,0.000944,0.000806,-0.025196,7.0718649663,125.61286821159999,99.97852
DVAO,2022.0452,59596,2193,0.655684,0.104209,0.000918,0.000777,-0.044593,7.0718649758,125.61286819700001,99.97704
DVAO,2022.0479,59597,2193,0.658993,0.104881,0.000872,0.000716,-0.031537,7.0718649818,125.612868227,99.98313
DVAO,2022.0507,59598,2193,0.655655,0.104639,0.000858,0.000726,-0.000196,7.0718649796,125.61286819669999,99.97609
DVAO,2022.0534,59599,2193,0.659539,0.101572,0.000913,0.000746,-0.068504,7.0718649519,125.6128682319,99.98051
DVAO,2022.0561,59600,2193,0.653046,0.10462,0.000837,0.000712,-0.002171,7.0718649795,125.6128681731,99.98516
DVAO,2022.0589,59601,2193,0.656929,0.104339,0.000826,0.000708,-0.053246,7.0718649769,125.6128682083,99.97823
DVAO,2022.0616,59602,2194,0.657437,0.107838,0.000821,0.000717,-0.009742,7.0718650086,125.6128682129,99.98
DVAO,2022.0643,59603,2194,0.654718,0.106306,0.000807,0.000697,-0.023592,7.0718649947,125.61286818830001,99.98071
DVAO,2022.0671,59604,2194,0.653994,0.105662,0.000871,0.000734,-0.015103,7.0718649889,125.61286818170001,99.97682
DVAO,2022.0698,59605,2194,0.654307,0.103933,0.000872,0.000713,-0.041111,7.0718649733,125.6128681845,99.98611
DVAO,2022.0726,59606,2194,0.656278,0.104111,0.000831,0.000708,0.013384,7.0718649749,125.6128682024,99.98728
DVAO,2022.0753,59607,2194,0.657239,0.103141,0.000823,0.000719,0.002391,7.0718649661,125.6128682111,99.97734
DVAO,2022.078,59608,2194,0.657072,0.103777,0.00082,0.000709,-0.061436,7.0718649718,125.61286820960001,99.98344
DVAO,2022.0808,59609,2195,0.655118,0.10396,0.000863,0.000721,0.005051,7.0718649735,125.61286819189999,99.97663
DVAO,2022.0835,59610,2195,0.658225,0.105054,0.000857,0.000693,-0.034889,7.0718649834,125.61286822,99.98146
DVAO,2022.0862,59611,2195,0.654741,0.103416,0.000883,0.000755,-0.02572,7.0718649686,125.61286818849999,99.98717
DVAO,2022.089,59612,2195,0.654697,0.105769,0.000944,0.000763,-0.017408,7.0718649899,125.61286818810001,99.98432
DVAO,2022.0917,59613,2195,0.655454,0.102749,0.000926,0.00075,-0.019895,7.0718649626,125.61286819489999,99.98048
DVAO,2022.0945,59614,2195,0.656192,0.103885,0.000859,0.000723,0.015913,7.0718649728,125.61286820160001,99.9822
DVAO,2022.0972,59615,2195,0.656831,0.105355,0.000848,0.000711,0.007121,7.0718649861,125.6128682074,99.97921
DVAO,2022.0999,59616,2196,0.656639,0.104363,0.000905,0.000746,-0.013473,7.0718649771,125.61286820570001,99.97287
DVAO,2022.1027,59617,2196,0.655534,0.104481,0.00086,0.000743,-0.001966,7.0718649782,125.6128681957,99.98105
DVAO,2022.1054,59618,2196,0.655787,0.105314,0.00086,0.000738,-0.014844,7.0718649858,125.61286819790001,99.98894
DVAO,2022.1081,59619,2196,0.654984,0.104803,0.000846,0.000705,0.007325,7.0718649811,125.6128681907,99.97341
DVAO,2022.1109,59620,2196,0.654546,0.104444,0.000841,0.000701,0.001678,7.0718649779,125.61286818670001,99.98206
DVAO,2022.1136,59621,2196,0.654076,0.105051,0.000875,0.000738,-0.04662,7.0718649834,125.6128681825,99.98258
DVAO,2022.1164,59622,2196,0.657221,0.102878,0.000869,0.000729,-0.067351,7.0718649637,125.61286821089999,99.98045
DVAO,2022.1191,59623,2197,0.653193,0.103392,0.000882,0.000728,0.046156,7.0718649684,125.6128681745,99.98454
DVAO,2022.1218,59624,2197,0.654968,0.103983,0.000827,0.000681,0.011669,7.0718649737,125.6128681905,99.97783
DVAO,2022.1246,59625,2197,0.654027,0.105366,0.000937,0.000767,-0.038523,7.0718649862,125.612868182,99.98491
DVAO,2022.1273,59626,2197,0.653262,0.105558,0.000853,0.000723,-0.023957,7.071864988,125.6128681751,99.97785
DVAO,2022.13,59627,2197,0.652185,0.105022,0.000921,0.000745,-0.068529,7.0718649831,125.6128681653,99.97472
DVAO,2022.1328,59628,2197,0.654078,0.103207,0.000841,0.000713,-0.051554,7.0718649667,125.6128681825,99.98134
DVAO,2022.1355,59629,2197,0.653731,0.103885,0.000885,0.000714,-0.04446,7.0718649728,125.6128681793,99.97138
DVAO,2022.1383,59630,2198,0.653055,0.103915,0.000915,0.000737,-0.014445,7.0718649731,125.61286817320001,99.98733
DVAO,2022.141,59631,2198,0.654056,0.105602,0.000864,0.000722,-0.023642,7.0718649884,125.61286818229999,99.97935
DVAO,2022.1437,59632,2198,0.651002,0.102254,0.000858,0.000727,-0.055561,7.0718649581,125.6128681546,99.98338
DVAO,2022.1465,59633,2198,0.652034,0.103006,0.000939,0.000791,-0.063754,7.0718649649,125.61286816399999,99.9843
DVAO,2022.1492,59634,2198,0.651001,0.102146,0.000983,0.000801,0.00097,7.0718649571,125.6128681546,99.98989
DVAO,2022.152,59635,2198,0.653464,0.102246,0.000961,0.000782,-0.06196,7.071864958,125.61286817690001,99.97683
DVAO,2022.1547,59636,2198,0.655302,0.10274,0.000998,0.000807,0.036668,7.0718649625,125.61286819360001,99.98104
DVAO,2022.1574,59637,2199,0.651754,0.102641,0.000874,0.000721,-0.008281,7.0718649616,125.6128681614,99.98493
DVAO,2022.1602,59638,2199,0.650607,0.102397,0.000861,0.000745,-0.021392,7.0718649594,125.6128681511,99.98233
DVAO,2022.1629,59639,2199,0.651934,0.103015,0.000976,0.00079,-0.015087,7.071864965,125.61286816309999,99.96789
DVAO,2022.1656,59640,2199,0.651176,0.102958,0.000991,0.000856,0.010598,7.0718649644,125.6128681562,99.97837
DVAO,2022.1684,59641,2199,0.650751,0.10591,0.001055,0.000854,-0.000292,7.0718649911,125.61286815240001,99.98592
DVAO,2022.1711,59642,2199,0.648998,0.102306,0.000877,0.000722,-0.019806,7.0718649586,125.6128681365,99.98128
DVAO,2022.1739,59643,2199,0.651704,0.103644,0.000978,0.000786,-0.036938,7.0718649706,125.612868161,99.98345
DVAO,2022.1766,59644,2200,0.653179,0.105956,0.000818,0.000699,-0.047227,7.0718649916,125.61286817429999,99.9717
DVAO,2022.1793,59645,2200,0.652625,0.104707,0.000895,0.000736,0.000101,7.0718649803,125.61286816929999,99.97543
DVAO,2022.1821,59646,2200,0.653116,0.103862,0.000871,0.000741,-0.025749,7.0718649726,125.6128681738,99.97464
DVAO,2022.1848,59647,2200,0.651591,0.103081,0.000865,0.000728,-0.038786,7.0718649656,125.61286816,99.97644
DVAO,2022.1875,59648,2200,0.653041,0.104299,0.000899,0.000751,-0.040414,7.0718649766,125.6128681731,99.98126
DVAO,2022.1903,59649,2200,0.649968,0.104852,0.000859,0.000735,-0.014291,7.0718649816,125.61286814530001,99.97556
DVAO,2022.193,59650,2200,0.650809,0.102051,0.00086,0.000724,0.007251,7.0718649562,125.6128681529,99.98502
DVAO,2022.1958,59651,2201,0.648347,0.101328,0.00108,0.000902,-0.014751,7.0718649497,125.61286813059999,99.98265
DVAO,2022.1985,59652,2201,0.650726,0.101358,0.000863,0.000771,-0.033595,7.07186495,125.61286815209999,99.97717
DVAO,2022.2012,59653,2201,0.65297,0.103177,0.000941,0.000797,-0.010068,7.0718649664,125.6128681724,99.97949
DVAO,2022.204,59654,2201,0.652733,0.10438,0.000909,0.000739,-0.011863,7.0718649773,125.6128681703,99.97476
DVAO,2022.2067,59655,2201,0.649839,0.103635,0.001003,0.000845,0.015355,7.0718649706,125.61286814409999,99.9795
DVAO,2022.2094,59656,2201,0.651113,0.104258,0.00095,0.000769,0.0848,7.0718649762,125.61286815560001,99.98137
DVAO,2022.2122,59657,2201,0.650901,0.105965,0.000882,0.000734,-0.007814,7.0718649916,125.61286815369999,99.97154
DVAO,2022.2149,59658,2202,0.651433,0.104876,0.000988,0.00079,0.037357,7.0718649818,125.61286815849999,99.98601
DVAO,2022.2177,59659,2202,0.649429,0.103352,0.000882,0.000721,-0.023313,7.071864968,125.6128681404,99.98618
DVAO,2022.2204,59660,2202,0.651978,0.105096,0.00086,0.000719,-0.006887,7.0718649838,125.6128681635,99.9799
DVAO,2022.2231,59661,2202,0.648486,0.104295,0.000856,0.000725,-0.051501,7.0718649765,125.6128681319,99.97972
DVAO,2022.2259,59662,2202,0.650563,0.107379,0.000916,0.00076,-0.026722,7.0718650044,125.6128681507,99.98879
DVAO,2022.2286,59663,2202,0.649526,0.10554,0.000891,0.000727,-0.022727,7.0718649878,125.6128681413,99.98383
DVAO,2022.2313,59664,2202,0.64891,0.104541,0.000946,0.000816,0.042509,7.0718649788,125.61286813570001,99.97141
DVAO,2022.2341,59665,2203,0.647626,0.102734,0.000883,0.00073,-0.049057,7.0718649624,125.6128681241,99.97585
DVAO,2022.2368,59666,2203,0.650572,0.104517,0.000918,0.000797,-0.024434,7.0718649785,125.6128681507,99.98157
DVAO,2022.2396,59667,2203,0.649395,0.103647,0.001043,0.000834,-0.017924,7.0718649707,125.6128681401,99.97924
DVAO,2022.2423,59668,2203,0.647482,0.105208,0.001004,0.000801,-0.001389,7.0718649848,125.6128681228,99.9878
DVAO,2022.245,59669,2203,0.649303,0.101327,0.000896,0.000729,0.036295,7.0718649497,125.61286813929999,99.9833
DVAO,2022.2478,59670,2203,0.648316,0.105209,0.000921,0.000783,-0.04947,7.0718649848,125.6128681303,99.98215
DVAO,2022.2505,59671,2203,0.646515,0.104007,0.000874,0.000738,-0.021184,7.0718649739,125.61286811400001,99.98417
DVAO,2022.2533,59672,2204,0.650181,0.102609,0.000897,0.000752,-0.023722,7.0718649613,125.6128681472,99.97645
DVAO,2022.256,59673,2204,0.648852,0.103926,0.000829,0.000698,0.006726,7.0718649732,125.61286813519999,99.98076
DVAO,2022.2587,59674,2204,0.647518,0.10264,0.00087,0.000716,-0.031969,7.0718649616,125.61286812309999,99.98072
DVAO,2022.2615,59675,2204,0.648099,0.10359,0.000943,0.00078,0.010129,7.0718649702,125.61286812840001,99.97969
DVAO,2022.2642,59676,2204,0.649211,0.104866,0.000906,0.000741,0.018549,7.0718649817,125.61286813839999,99.98267
DVAO,2022.2669,59677,2204,0.648531,0.102839,0.000892,0.000752,0.011927,7.0718649634,125.61286813230001,99.9857
DVAO,2022.2697,59678,2204,0.649,0.101517,0.000832,0.000697,-0.007599,7.0718649514,125.6128681365,99.98311
DVAO,2022.2724,59679,2205,0.647974,0.105286,0.000846,0.000709,-0.022926,7.0718649855,125.61286812719999,99.98329
DVAO,2022.2752,59680,2205,0.646748,0.103998,0.000893,0.000749,-0.070168,7.0718649739,125.6128681161,99.98521
DVAO,2022.2779,59681,2205,0.647935,0.104818,0.000899,0.00072,0.000112,7.0718649813,125.6128681269,99.98917
DVAO,2022.2806,59682,2205,0.646756,0.105543,0.000858,0.000714,-0.031512,7.0718649878,125.61286811619999,99.98366
DVAO,2022.2834,59683,2205,0.647722,0.102288,0.000849,0.000722,-0.017647,7.0718649584,125.61286812489999,99.97807
DVAO,2022.2861,59684,2205,0.648508,0.103932,0.000917,0.000743,-0.014259,7.0718649733,125.6128681321,99.99299
DVAO,2022.2888,59685,2205,0.647324,0.104114,0.001004,0.000808,-0.035104,7.0718649749,125.61286812130001,99.97856
DVAO,2022.2916,59686,2206,0.646769,0.104582,0.000974,0.000828,-0.014721,7.0718649791,125.6128681163,99.97468
DVAO,2022.2943,59687,2206,0.646793,0.102318,0.000903,0.000742,-0.022428,7.0718649587,125.61286811650001,99.96923
DVAO,2022.2971,59688,2206,0.646412,0.103879,0.000973,0.000819,-0.010976,7.0718649728,125.6128681131,99.97473
DVAO,2022.2998,59689,2206,0.647957,0.102315,0.001067,0.000859,-0.063116,7.0718649586,125.6128681271,99.98321
DVAO,2022.3025,59690,2206,0.646502,0.106917,0.00107,0.000844,-0.018928,7.0718650002,125.61286811389999,99.98215
DVAO,2022.3053,59691,2206,0.647396,0.105217,0.000916,0.000764,-0.02558,7.0718649849,125.61286812200001,99.9834
DVAO,2022.308,59692,2206,0.646946,0.104776,0.000891,0.000723,0.005983,7.0718649809,125.6128681179,99.98015
DVAO,2022.3107,59693,2207,0.647392,0.103711,0.000915,0.000725,0.004631,7.0718649713,125.61286812200001,99.98108
DVAO,2022.3135,59694,2207,0.647822,0.102688,0.000964,0.00078,-0.050683,7.071864962,125.61286812579999,99.98961
DVAO,2022.3162,59695,2207,0.645636,0.104844,0.000994,0.000803,-0.050164,7.0718649815,125.6128681061,99.98252
DVAO,2022.319,59696,2207,0.646775,0.104925,0.000971,0.000817,-0.028445,7.0718649822,125.6128681164,99.98204
DVAO,2022.3217,59697,2207,0.647657,0.105102,0.000894,0.00075,0.018458,7.0718649838,125.6128681244,99.98594
DVAO,2022.3244,59698,2207,0.647565,0.103549,0.000871,0.000731,-0.045767,7.0718649698,125.6128681235,99.9764
DVAO,2022.3272,59699,2207,0.647545,0.103605,0.000881,0.000722,-0.009796,7.0718649703,125.61286812329999,99.9827
DVAO,2022.3299,59700,2208,0.648582,0.105897,0.000854,0.00071,0.01406,7.071864991,125.61286813269999,99.97469
DVAO,2022.3326,59701,2208,0.646473,0.105923,0.000891,0.000714,-0.03651,7.0718649913,125.6128681136,99.97456
DVAO,2022.3354,59702,2208,0.647443,0.106297,0.000926,0.000776,-0.003979,7.0718649946,125.61286812239999,99.97909
DVAO,2022.3381,59703,2208,0.649129,0.105076,0.000907,0.000774,-0.031254,7.0718649836,125.61286813769999,99.97618
DVAO,2022.3409,59704,2208,0.646484,0.104355,0.00094,0.00075,0.01711,7.0718649771,125.61286811369999,99.98078
DVAO,2022.3436,59705,2208,0.64807,0.107315,0.000858,0.000715,-0.04667,7.0718650038,125.61286812809999,99.99071
DVAO,2022.3463,59706,2208,0.64837,0.106609,0.000866,0.000737,0.01784,7.0718649975,125.6128681308,99.97489
DVAO,2022.3491,59707,2209,0.646462,0.107798,0.000883,0.000726,-0.035072,7.0718650082,125.61286811350001,99.9852
DVAO,2022.3518,59708,2209,0.648851,0.105112,0.000882,0.000734,-0.038974,7.0718649839,125.61286813519999,99.97836
DVAO,2022.3546,59709,2209,0.648874,0.105829,0.000883,0.000705,-0.041647,7.0718649904,125.61286813539999,99.97861
DVAO,2022.3573,59710,2209,0.647843,0.106633,0.0009,0.000731,-0.044463,7.0718649977,125.612868126,99.98217
DVAO,2022.36,59711,2209,0.649259,0.104273,0.000843,0.000732,-0.021542,7.0718649763,125.6128681388,99.97583
DVAO,2022.3628,59712,2209,0.649833,0.10674,0.000897,0.000711,-0.027933,7.0718649986,125.61286814409999,99.9818
DVAO,2022.3655,59713,2209,0.647012,0.106248,0.000917,0.000741,-0.040555,7.0718649942,125.61286811849999,99.98043
DVAO,2022.3682,59714,2210,0.647965,0.106202,0.00084,0.000705,-0.06897,7.0718649938,125.6128681271,99.97078
DVAO,2022.371,59715,2210,0.648406,0.106703,0.000847,0.000695,-0.004062,7.0718649983,125.61286813109999,99.9784
DVAO,2022.3737,59716,2210,0.647752,0.107365,0.000867,0.000743,0.025952,7.0718650043,125.61286812520001,99.97269
DVAO,2022.3765,59717,2210,0.649295,0.105507,0.000901,0.000755,-0.029404,7.0718649875,125.6128681392,99.97008
DVAO,2022.3792,59718,2210,0.647873,0.106512,0.000914,0.00074,-0.01523,7.0718649966,125.61286812629999,99.97536
DVAO,2022.3819,59719,2210,0.649318,0.10701,0.000907,0.000766,-0.016633,7.0718650011,125.6128681394,99.97966
DVAO,2022.3847,59720,2210,0.646964,0.106324,0.000921,0.000744,-0.000764,7.0718649949,125.61286811810001,99.97458
DVAO,2022.3874,59721,2211,0.648334,0.107715,0.001056,0.000864,-0.007864,7.0718650075,125.6128681305,99.97022
DVAO,2022.3901,59722,2211,0.651371,0.106663,0.000894,0.000726,-0.021288,7.0718649979,125.612868158,99.97333
DVAO,2022.3929,59723,2211,0.646253,0.106308,0.000857,0.000712,-0.009004,7.0718649947,125.6128681116,99.97384
DVAO,2022.3956,59724,2211,0.646681,0.10771,0.000843,0.000693,-0.038611,7.0718650074,125.61286811549999,99.97754
DVAO,2022.3984,59725,2211,0.646399,0.108038,0.000863,0.000711,-0.003346,7.0718650104,125.61286811299999,99.97623
DVAO,2022.4011,59726,2211,0.648673,0.107394,0.00091,0.000722,-0.010663,7.0718650046,125.6128681335,99.98009
DVAO,2022.4038,59727,2211,0.647074,0.107032,0.000876,0.000722,-0.037267,7.0718650013,125.6128681191,99.97993
DVAO,2022.4066,59728,2212,0.64737,0.109611,0.000901,0.000741,-0.005117,7.0718650246,125.6128681218,99.98327
DVAO,2022.4093,59729,2212,0.645727,0.106927,0.000832,0.000705,0.005731,7.0718650003,125.61286810690001,99.97628
DVAO,2022.412,59730,2212,0.647683,0.106974,0.000873,0.000725,-0.050762,7.0718650008,125.6128681246,99.97653
DVAO,2022.4148,59731,2212,0.648187,0.107961,0.000902,0.000763,-0.051168,7.0718650097,125.6128681292,99.97887
DVAO,2022.4175,59732,2212,0.644419,0.106455,0.00094,0.000787,-0.047652,7.0718649961,125.61286809500001,99.97537
DVAO,2022.4203,59733,2212,0.650998,0.104204,0.000903,0.000778,-0.022916,7.0718649757,125.6128681546,99.97245
DVAO,2022.423,59734,2212,0.644945,0.107058,0.000868,0.000757,-0.069484,7.0718650015,125.61286809980001,99.98127
DVAO,2022.4257,59735,2213,0.645845,0.109562,0.000836,0.000723,-0.00479,7.0718650242,125.61286810799999,99.98039
DVAO,2022.4285,59736,2213,0.644279,0.108512,0.000859,0.00075,0.000994,7.0718650147,125.61286809379999,99.97689
DVAO,2022.4312,59737,2213,0.645514,0.105463,0.000959,0.0008,-0.03718,7.0718649871,125.61286810499999,99.98909
DVAO,2022.4339,59738,2213,0.644232,0.107454,0.000932,0.000783,-0.057643,7.0718650051,125.61286809340001,99.97936
DVAO,2022.4367,59739,2213,0.644309,0.107182,0.000972,0.000827,0.01786,7.0718650026,125.61286809399999,99.97845
DVAO,2022.4394,59740,2213,0.645486,0.108013,0.001038,0.000954,0.002584,7.0718650102,125.6128681047,99.9714
DVAO,2022.4422,59741,2213,0.642747,0.11011,0.000948,0.000794,-0.036926,7.0718650291,125.61286807990001,99.97943
DVAO,2022.4449,59742,2214,0.64557,0.109933,0.000919,0.000808,-0.010674,7.0718650275,125.61286810550001,99.97537
DVAO,2022.4476,59743,2214,0.642997,0.109466,0.000884,0.000716,-0.014708,7.0718650233,125.61286808220001,99.97498
DVAO,2022.4504,59744,2214,0.643134,0.110223,0.000889,0.000717,0.001604,7.0718650301,125.6128680834,99.97528
DVAO,2022.4531,59745,2214,0.646143,0.109713,0.000927,0.000801,-0.024398,7.0718650255,125.61286811069999,99.97718
DVAO,2022.4559,59746,2214,0.642827,0.109277,0.000857,0.000721,0.007364,7.0718650216,125.61286808060001,99.96847
DVAO,2022.4586,59747,2214,0.644802,0.109209,0.000866,0.000737,-0.033663,7.071865021,125.6128680985,99.97215
DVAO,2022.4613,59748,2214,0.646506,0.111484,0.000926,0.000797,-0.021425,7.0718650415,125.61286811389999,99.97672
DVAO,2022.4641,59749,2215,0.643897,0.107816,0.000886,0.00076,-0.055072,7.0718650084,125.6128680903,99.97765
DVAO,2022.4668,59750,2215,0.645116,0.108949,0.000894,0.000771,0.014655,7.0718650186,125.61286810140001,99.97452
DVAO,2022.4695,59751,2215,0.644405,0.10789,0.000856,0.000725,0.030512,7.071865009,125.6128680949,99.977
DVAO,2022.4723,59752,2215,0.645543,0.108351,0.000846,0.00075,0.029865,7.0718650132,125.6128681052,99.97385
DVAO,2022.475,59753,2215,0.643118,0.109039,0.000835,0.000708,-0.010388,7.0718650194,125.61286808329999,99.97462
DVAO,2022.4778,59754,2215,0.644925,0.108278,0.000905,0.000742,-0.054584,7.0718650126,125.6128680996,99.98231
DVAO,2022.4805,59755,2215,0.641981,0.11138,0.000861,0.000721,-0.014032,7.0718650406,125.61286807299999,99.97275
DVAO,2022.4832,59756,2216,0.642996,0.111667,0.000873,0.000755,-0.045885,7.0718650432,125.61286808220001,99.97718
DVAO,2022.486,59757,2216,0.644159,0.111235,0.000859,0.000717,-0.037648,7.0718650393,125.61286809270001,99.97676
DVAO,2022.4887,59758,2216,0.641496,0.111111,0.00086,0.000723,-0.06482,7.0718650382,125.6128680686,99.97819
DVAO,2022.4914,59759,2216,0.642359,0.110805,0.000896,0.000773,-0.010854,7.0718650354,125.61286807639999,99.97067
DVAO,2022.4942,59760,2216,0.644194,0.108799,0.000839,0.000727,-0.024849,7.0718650173,125.612868093,99.97506
DVAO,2022.4969,59761,2216,0.644726,0.108525,0.000883,0.000749,-0.0025,7.0718650148,125.6128680978,99.96953
DVAO,2022.4997,59762,2216,0.642439,0.111784,0.00085,0.000722,-0.02266,7.0718650443,125.61286807709999,99.98053
DVAO,2022.5024,59763,2217,0.644354,0.109251,0.000818,0.000692,-0.045159,7.0718650214,125.61286809449999,99.97695
DVAO,2022.5051,59764,2217,0.644389,0.109863,0.000913,0.000769,-0.016879,7.0718650269,125.6128680948,99.96449
DVAO,2022.5079,59765,2217,0.645661,0.111229,0.00086,0.000719,-0.037197,7.0718650392,125.6128681063,99.9779
DVAO,2022.5106,59766,2217,0.645103,0.109868,0.000875,0.000713,-0.049375,7.0718650269,125.61286810120001,99.97062
DVAO,2022.5133,59767,2217,0.64263,0.109367,0.000906,0.000765,0.027705,7.0718650224,125.6128680788,99.96754
DVAO,2022.5161,59768,2217,0.645299,0.111473,0.000844,0.000691,0.002855,7.0718650414,125.61286810300001,99.96935
DVAO,2022.5188,59769,2217,0.642733,0.111143,0.000821,0.000701,-0.049948,7.0718650385,125.6128680798,99.97563
DVAO,2022.5216,59770,2218,0.643763,0.111568,0.000853,0.000696,-0.0269,7.0718650423,125.6128680891,99.97546
DVAO,2022.5243,59771,2218,0.643146,0.110052,0.000845,0.000697,-0.015661,7.0718650286,125.61286808349999,99.96662
DVAO,2022.527,59772,2218,0.643513,0.111344,0.000873,0.000747,-0.003271,7.0718650403,125.6128680868,99.97722
DVAO,2022.5298,59773,2218,0.643261,0.111107,0.00084,0.00071,0.006746,7.0718650381,125.6128680846,99.98091
DVAO,2022.5325,59774,2218,0.643511,0.110541,0.000869,0.000759,-0.024896,7.071865033,125.6128680868,99.97676
DVAO,2022.5352,59775,2218,0.64306,0.110732,0.000844,0.000711,-0.045662,7.0718650347,125.6128680827,99.971
DVAO,2022.538,59776,2218,0.643276,0.110893,0.000831,0.000707,-0.029895,7.0718650362,125.61286808470001,99.97616
DVAO,2022.5407,59777,2219,0.64393,0.108969,0.000859,0.000718,-0.026256,7.0718650188,125.61286809059999,99.97418
DVAO,2022.5435,59778,2219,0.641421,0.111509,0.000823,0.000716,0.008082,7.0718650418,125.6128680679,99.9704
DVAO,2022.5462,59779,2219,0.644324,0.112321,0.000866,0.00072,-0.011477,7.0718650491,125.6128680942,99.97279
DVAO,2022.5489,59780,2219,0.643445,0.109512,0.000867,0.000714,-0.020959,7.0718650237,125.6128680862,99.97136
DVAO,2022.5517,59781,2219,0.642933,0.110121,0.000863,0.000726,-0.00348,7.0718650292,125.6128680816,99.96978
DVAO,2022.5544,59782,2219,0.642417,0.109614,0.000846,0.000736,-0.007076,7.0718650246,125.61286807690001,99.96647
DVAO,2022.5572,59783,2219,0.64214,0.113244,0.000838,0.000699,-0.010462,7.0718650575,125.61286807440001,99.97193
DVAO,2022.5599,59784,2220,0.641568,0.111321,0.000886,0.000756,-0.025952,7.0718650401,125.6128680692,99.96899
DVAO,2022.5626,59785,2220,0.642086,0.111587,0.000912,0.000755,-0.050898,7.0718650425,125.61286807389999,99.9712
DVAO,2022.5654,59786,2220,0.642194,0.111287,0.000879,0.000712,-0.002811,7.0718650398,125.6128680749,99.97648
DVAO,2022.5681,59787,2220,0.643403,0.109629,0.000838,0.000689,0.032676,7.0718650248,125.61286808579999,99.97591
DVAO,2022.5708,59788,2220,0.643903,0.109693,0.000851,0.00073,-0.019078,7.0718650254,125.61286809040001,99.97492
DVAO,2022.5736,59789,2220,0.640742,0.111274,0.000909,0.000753,0.017755,7.0718650396,125.61286806179999,99.98167
DVAO,2022.5763,59790,2220,0.642737,0.110469,0.00091,0.000755,-0.003379,7.0718650324,125.6128680798,99.97581
DVAO,2022.5791,59791,2221,0.640886,0.109134,0.000837,0.000683,-0.022666,7.0718650203,125.6128680631,99.97558
DVAO,2022.5818,59792,2221,0.640411,0.109367,0.00083,0.00069,0.019699,7.0718650224,125.61286805879999,99.97354
DVAO,2022.5845,59793,2221,0.640612,0.108837,0.000884,0.000766,0.047836,7.0718650176,125.6128680606,99.98076
DVAO,2022.5873,59794,2221,0.641642,0.110592,0.000848,0.000701,0.03486,7.0718650335,125.6128680699,99.97631
DVAO,2022.59,59795,2221,0.642139,0.110722,0.000891,0.000749,0.01589,7.0718650346,125.61286807440001,99.97236
DVAO,2022.5927,59796,2221,0.641871,0.110264,0.000841,0.000704,-0.034749,7.0718650305,125.612868072,99.97769
DVAO,2022.5955,59797,2221,0.641578,0.107982,0.000979,0.000838,-0.025986,7.0718650099,125.61286806929999,99.96497
DVAO,2022.5982,59798,2222,0.638509,0.108446,0.000927,0.000758,-0.005154,7.0718650141,125.61286804150001,99.96345
DVAO,2022.601,59799,2222,0.640746,0.110405,0.000903,0.000719,-0.065446,7.0718650318,125.61286806179999,99.97084
DVAO,2022.6037,59800,2222,0.639638,0.109464,0.000867,0.000737,0.005317,7.0718650233,125.6128680518,99.97081
DVAO,2022.6064,59801,2222,0.640878,0.111219,0.000841,0.000719,0.015212,7.0718650391,125.61286806300001,99.97099
DVAO,2022.6092,59802,2222,0.642599,0.109679,0.000927,0.000749,0.024621,7.0718650252,125.6128680786,99.9722
DVAO,2022.6119,59803,2222,0.641264,0.108175,0.000968,0.000775,0.007214,7.0718650116,125.6128680665,99.96671
DVAO,2022.6146,59804,2222,0.64244,0.110136,0.000844,0.000713,-0.016014,7.0718650294,125.61286807709999,99.97458
DVAO,2022.6174,59805,2223,0.640049,0.11012,0.000865,0.000696,0.028123,7.0718650292,125.6128680555,99.97166
DVAO,2022.6201,59806,2223,0.640713,0.110512,0.000829,0.000712,0.054229,7.0718650328,125.6128680615,99.97121
DVAO,2022.6229,59807,2223,0.640743,0.110315,0.000846,0.000721,-0.019661,7.071865031,125.61286806179999,99.97388
DVAO,2022.6256,59808,2223,0.639455,0.110594,0.000884,0.000711,-0.018119,7.0718650335,125.61286805009999,99.97127
DVAO,2022.6283,59809,2223,0.638322,0.109762,0.001002,0.000835,-0.037833,7.071865026,125.61286803990001,99.97309
DVAO,2022.6311,59810,2223,0.639606,0.107802,0.00095,0.000796,-0.013819,7.0718650082,125.61286805149999,99.9701
DVAO,2022.6338,59811,2223,0.639848,0.10894,0.00087,0.000715,-0.036807,7.0718650185,125.6128680537,99.9671
DVAO,2022.6366,59812,2224,0.641866,0.109188,0.000865,0.000717,-0.001893,7.0718650208,125.61286807190001,99.97006
DVAO,2022.6393,59813,2224,0.639797,0.109575,0.000843,0.000708,-0.02243,7.0718650243,125.6128680532,99.9713
DVAO,2022.642,59814,2224,0.641214,0.10956,0.000916,0.000748,-0.035205,7.0718650241,125.612868066,99.96992
DVAO,2022.6448,59815,2224,0.640577,0.106941,0.001039,0.000877,-0.07799,7.0718650005,125.6128680603,99.96881
DVAO,2022.6475,59816,2224,0.639305,0.109569,0.00084,0.000709,0.017326,7.0718650242,125.61286804880001,99.96943
DVAO,2022.6502,59817,2224,0.640268,0.107972,0.000986,0.00081,0.002695,7.0718650098,125.61286805750001,99.96664
DVAO,2022.653,59818,2224,0.64019,0.109652,0.000891,0.000736,-0.026925,7.071865025,125.61286805680001,99.97348
DVAO,2022.6557,59819,2225,0.639645,0.109213,0.000873,0.000709,0.034079,7.071865021,125.6128680518,99.97354
DVAO,2022.6585,59820,2225,0.63999,0.108282,0.000853,0.000717,-0.002813,7.0718650126,125.612868055,99.98002
DVAO,2022.6612,59821,2225,0.640862,0.11,0.000915,0.000764,0.011458,7.0718650281,125.6128680628,99.97781
DVAO,2022.6639,59822,2225,0.636853,0.110839,0.000895,0.000724,0.052905,7.0718650357,125.61286802660001,99.97013
DVAO,2022.6667,59823,2225,0.640631,0.1079,0.000884,0.000731,0.024532,7.0718650091,125.6128680608,99.97531
DVAO,2022.6694,59824,2225,0.635866,0.109697,0.000921,0.00077,0.04399,7.0718650254,125.6128680176,99.96713
DVAO,2022.6721,59825,2225,0.639965,0.108122,0.000834,0.000709,-0.007976,7.0718650111,125.61286805469999,99.96603
DVAO,2022.6749,59826,2226,0.637801,0.108059,0.000851,0.000708,-0.004654,7.0718650106,125.6128680351,99.97462
DVAO,2022.6776,59827,2226,0.639487,0.110657,0.00089,0.000763,0.00354,7.0718650341,125.61286805040001,99.97732
DVAO,2022.6804,59828,2226,0.639656,0.108687,0.000881,0.000733,-0.011515,7.0718650163,125.6128680519,99.9692
DVAO,2022.6831,59829,2226,0.635661,0.109025,0.000975,0.000797,0.029385,7.0718650193,125.61286801579999,99.96666
DVAO,2022.6858,59830,2226,0.642208,0.108054,0.000938,0.000794,0.034528,7.0718650105,125.612868075,99.9667
DVAO,2022.6886,59831,2226,0.638407,0.107996,0.000918,0.000797,-0.045097,7.07186501,125.6128680406,99.96931
DVAO,2022.6913,59832,2226,0.639881,0.110504,0.000901,0.000788,-0.02268,7.0718650327,125.61286805399999,99.9637
DVAO,2022.694,59833,2227,0.641861,0.10665,0.000898,0.000765,-0.007576,7.0718649978,125.61286807190001,99.96415
DVAO,2022.6968,59834,2227,0.640995,0.109371,0.00095,0.000787,-0.054935,7.0718650224,125.61286806410001,99.96744
DVAO,2022.6995,59835,2227,0.63851,0.109543,0.000976,0.000829,-0.055262,7.071865024,125.6128680416,99.97158
DVAO,2022.7023,59836,2227,0.640156,0.109673,0.001029,0.000835,-0.028515,7.0718650252,125.61286805649999,99.96441
DVAO,2022.705,59837,2227,0.636487,0.109339,0.001072,0.000898,0.004816,7.0718650221,125.61286802320001,99.96828
DVAO,2022.7077,59838,2227,0.640699,0.108153,0.000929,0.000769,-0.078624,7.0718650114,125.61286806140001,99.96704
DVAO,2022.7105,59839,2227,0.637873,0.107445,0.000955,0.000811,-0.011194,7.071865005,125.6128680358,99.9638
DVAO,2022.7132,59840,2228,0.64071,0.107196,0.000923,0.000767,-0.00059,7.0718650028,125.6128680615,99.97602
DVAO,2022.7159,59841,2228,0.639288,0.106596,0.000987,0.000812,-0.020617,7.0718649973,125.6128680486,99.96757
DVAO,2022.7187,59842,2228,0.639394,0.109272,0.000959,0.000795,-0.025855,7.0718650215,125.6128680496,99.97258
DVAO,2022.7214,59843,2228,0.639678,0.107503,0.0009,0.000751,-0.013959,7.0718650055,125.6128680521,99.96764
DVAO,2022.7242,59844,2228,0.639164,0.107744,0.001013,0.00084,-0.018973,7.0718650077,125.6128680475,99.97332
DVAO,2022.7269,59845,2228,0.638517,0.106943,0.000917,0.000746,0.041429,7.0718650005,125.6128680416,99.97132
DVAO,2022.7296,59846,2228,0.639063,0.106785,0.00092,0.000759,-0.077135,7.0718649991,125.6128680466,99.97106
DVAO,2022.7324,59847,2229,0.636839,0.108581,0.001014,0.000857,-0.007739,7.0718650153,125.61286802640001,99.97027
DVAO,2022.7351,59848,2229,0.636843,0.107115,0.001047,0.000842,-0.067075,7.071865002,125.6128680265,99.97713
DVAO,2022.7379,59849,2229,0.638097,0.107089,0.000853,0.000713,-0.012139,7.0718650018,125.61286803780001,99.97491
DVAO,2022.7406,59850,2229,0.64007,0.105526,0.000969,0.000819,-0.054872,7.0718649877,125.6128680557,99.97508
DVAO,2022.7433,59851,2229,0.637642,0.106634,0.000975,0.000794,-0.09858,7.0718649977,125.61286803370001,99.97441
DVAO,2022.7461,59852,2229,0.639054,0.106649,0.00086,0.000721,-0.031311,7.0718649978,125.61286804650001,99.97244
DVAO,2022.7488,59853,2229,0.638942,0.107051,0.001002,0.000841,-0.057954,7.0718650015,125.6128680455,99.97321
DVAO,2022.7515,59854,2230,0.638948,0.106158,0.000981,0.000816,-0.090313,7.0718649934,125.6128680455,99.9716
DVAO,2022.7543,59855,2230,0.637846,0.107176,0.000961,0.000809,0.014007,7.0718650026,125.6128680356,99.97691
DVAO,2022.757,59856,2230,0.640119,0.106703,0.001036,0.000864,-0.090031,7.0718649983,125.61286805610001,99.97401
DVAO,2022.7598,59857,2230,0.639305,0.104987,0.001016,0.000896,-0.036897,7.0718649828,125.61286804880001,99.9729
DVAO,2022.7625,59858,2230,0.638526,0.108114,0.000931,0.000762,-0.061668,7.0718650111,125.61286804170001,99.9753
DVAO,2022.7652,59859,2230,0.639447,0.107661,0.00097,0.000776,-0.005232,7.071865007,125.61286805,99.96716
DVAO,2022.768,59860,2230,0.637097,0.106863,0.001078,0.000863,-0.045966,7.0718649998,125.6128680288,99.95789
DVAO,2022.7707,59861,2231,0.640289,0.109296,0.000903,0.000773,-0.010203,7.0718650218,125.61286805770001,99.97056
DVAO,2022.7734,59862,2231,0.636137,0.107594,0.000965,0.00082,-0.025644,7.0718650064,125.6128680201,99.97815
DVAO,2022.7762,59863,2231,0.638156,0.108437,0.001017,0.000873,0.00311,7.071865014,125.6128680384,99.97659
DVAO,2022.7789,59864,2231,0.634441,0.106376,0.001112,0.00094,-0.017635,7.0718649954,125.6128680047,99.96927
DVAO,2022.7817,59865,2231,0.635116,0.106894,0.00107,0.000838,-0.041851,7.071865,125.61286801080001,99.97933
DVAO,2022.7844,59866,2231,0.637423,0.104729,0.000906,0.000725,-0.003005,7.0718649805,125.6128680317,99.97602
DVAO,2022.7871,59867,2231,0.636111,0.108702,0.00086,0.000723,-0.050091,7.0718650164,125.6128680198,99.97362
DVAO,2022.7899,59868,2232,0.636681,0.105996,0.000904,0.000738,-0.06081,7.0718649919,125.61286802500001,99.96997
DVAO,2022.7926,59869,2232,0.637894,0.106993,0.000944,0.000781,-0.002265,7.0718650009,125.61286803600001,99.96982
DVAO,2022.7953,59870,2232,0.636574,0.106554,0.000924,0.000775,-0.016891,7.071864997,125.612868024,99.97307
DVAO,2022.7981,59871,2232,0.637792,0.107085,0.001136,0.000872,-0.032841,7.0718650018,125.6128680351,99.97009
DVAO,2022.8008,59872,2232,0.63807,0.105019,0.000871,0.000737,-0.001037,7.0718649831,125.61286803760001,99.96539
DVAO,2022.8036,59873,2232,0.634929,0.104632,0.000972,0.000786,-0.021136,7.0718649796,125.6128680091,99.9802
DVAO,2022.8063,59874,2232,0.633923,0.107209,0.000968,0.000811,-0.062517,7.0718650029,125.61286799999999,99.97435
DVAO,2022.809,59875,2233,0.63681,0.105721,0.001006,0.000811,-0.039189,7.0718649894,125.6128680262,99.96527
DVAO,2022.8118,59876,2233,0.636158,0.105653,0.000889,0.000713,-0.021279,7.0718649888,125.6128680203,99.96885
DVAO,2022.8145,59877,2233,0.637832,0.10643,0.000986,0.000847,-0.027507,7.0718649958,125.6128680354,99.97813
DVAO,2022.8172,59878,2233,0.637216,0.105959,0.000995,0.000828,-0.066853,7.0718649916,125.61286802980001,99.97984
DVAO,2022.82,59879,2233,0.635849,0.106979,0.001048,0.000828,-0.014315,7.0718650008,125.6128680175,99.97218
DVAO,2022.8227,59880,2233,0.636867,0.105557,0.001019,0.000851,-0.015988,7.0718649879,125.6128680267,99.97824
DVAO,2022.8255,59881,2233,0.63473,0.108356,0.000835,0.000722,-0.024983,7.0718650133,125.6128680073,99.968
DVAO,2022.8282,59882,2234,0.636712,0.105908,0.000869,0.000721,-0.026563,7.0718649911,125.6128680253,99.96982
DVAO,2022.8309,59883,2234,0.636905,0.106194,0.000916,0.000776,-0.032602,7.0718649937,125.61286802699999,99.98369
DVAO,2022.8337,59884,2234,0.635901,0.104529,0.00089,0.000763,-0.008966,7.0718649787,125.61286801790001,99.97482
DVAO,2022.8364,59885,2234,0.635663,0.103876,0.000895,0.000747,0.001551,7.0718649727,125.61286801579999,99.97533
DVAO,2022.8392,59886,2234,0.636725,0.104538,0.001027,0.000835,-0.024854,7.0718649787,125.61286802539999,99.97468
DVAO,2022.8419,59887,2234,0.637568,0.106967,0.000914,0.000742,-0.016484,7.0718650007,125.61286803300001,99.97659
DVAO,2022.8446,59888,2234,0.63891,0.106464,0.0009,0.000766,0.02251,7.0718649962,125.6128680452,99.97202
DVAO,2022.8474,59889,2235,0.640571,0.107572,0.000904,0.000749,-0.031253,7.0718650062,125.61286806019999,99.9749
DVAO,2022.8501,59890,2235,0.63552,0.106069,0.000931,0.000803,-0.011866,7.0718649926,125.61286801450001,99.98116
DVAO,2022.8528,59891,2235,0.640411,0.105766,0.001001,0.000867,0.008594,7.0718649898,125.61286805879999,99.97994
DVAO,2022.8556,59892,2235,0.637844,0.107532,0.000931,0.000767,0.017444,7.0718650058,125.61286803549999,99.97172
DVAO,2022.8583,59893,2235,0.638172,0.105263,0.000936,0.00076,0.018271,7.0718649853,125.61286803850001,99.97508
DVAO,2022.8611,59894,2235,0.638209,0.104343,0.000947,0.000795,-0.037414,7.071864977,125.6128680388,99.97138
DVAO,2022.8638,59895,2235,0.635484,0.106231,0.000926,0.000798,-0.020327,7.071864994,125.61286801419999,99.97688
DVAO,2022.8665,59896,2236,0.64091,0.1039,0.0009,0.000755,-0.018966,7.071864973,125.6128680633,99.97518
DVAO,2022.8693,59897,2236,0.639881,0.10458,0.000881,0.000748,-0.027263,7.0718649791,125.61286805399999,99.97401
DVAO,2022.872,59898,2236,0.63798,0.107426,0.000914,0.000771,-0.019977,7.0718650048,125.6128680368,99.97366
DVAO,2022.8747,59899,2236,0.636356,0.105764,0.000856,0.000714,0.007817,7.0718649898,125.6128680221,99.97774
DVAO,2022.8775,59900,2236,0.637239,0.106719,0.000921,0.000782,0.030842,7.0718649985,125.6128680301,99.97005
DVAO,2022.8802,59901,2236,0.63623,0.105133,0.000842,0.000704,-0.011031,7.0718649841,125.61286802090001,99.97267
DVAO,2022.883,59902,2236,0.637481,0.105975,0.000874,0.00074,-0.005507,7.0718649917,125.6128680322,99.97532
DVAO,2022.8857,59903,2237,0.638365,0.105009,0.000861,0.000753,-0.06572,7.071864983,125.6128680402,99.9716
DVAO,2022.8884,59904,2237,0.637794,0.106961,0.000978,0.000819,0.026189,7.0718650006,125.6128680351,99.9732
DVAO,2022.8912,59905,2237,0.639452,0.106596,0.000913,0.000762,-0.049543,7.0718649973,125.61286805009999,99.96871
DVAO,2022.8939,59906,2237,0.636638,0.106365,0.000856,0.000725,-0.028678,7.0718649953,125.6128680246,99.97227
DVAO,2022.8966,59907,2237,0.639472,0.107259,0.000854,0.000731,-0.000887,7.0718650033,125.6128680503,99.97037
DVAO,2022.8994,59908,2237,0.635578,0.106442,0.000917,0.000747,0.023929,7.071864996,125.612868015,99.97516
DVAO,2022.9021,59909,2237,0.638547,0.103356,0.000903,0.000741,-0.019324,7.071864968,125.61286804189999,99.97256
DVAO,2022.9049,59910,2238,0.63794,0.104585,0.000825,0.000699,0.015462,7.0718649792,125.61286803639999,99.97565
DVAO,2022.9076,59911,2238,0.637527,0.106779,0.000868,0.000748,-0.026259,7.071864999,125.61286803269999,99.97867
DVAO,2022.9103,59912,2238,0.635536,0.108277,0.000934,0.000795,-0.037924,7.0718650125,125.6128680146,99.97407
DVAO,2022.9131,59913,2238,0.636614,0.104795,0.000865,0.000722,-0.013459,7.0718649811,125.6128680244,99.9758
DVAO,2022.9158,59914,2238,0.637865,0.106101,0.000867,0.000726,-0.042405,7.0718649929,125.61286803569999,99.97962
DVAO,2022.9185,59915,2238,0.637658,0.107922,0.000891,0.000747,0.018074,7.0718650093,125.6128680338,99.98033
DVAO,2022.9213,59916,2238,0.637011,0.110782,0.000861,0.000719,-0.008559,7.0718650352,125.61286802800001,99.9835
DVAO,2022.924,59917,2239,0.637216,0.107215,0.000941,0.000783,-0.056423,7.0718650029,125.61286802980001,99.97513
DVAO,2022.9268,59918,2239,0.636044,0.105842,0.000919,0.000746,-0.04791,7.0718649905,125.6128680192,99.97042
DVAO,2022.9295,59919,2239,0.638502,0.106221,0.000897,0.000733,-0.019383,7.071864994,125.61286804150001,99.97243
DVAO,2022.9322,59920,2239,0.635898,0.106551,0.000914,0.000774,0.01336,7.0718649969,125.61286801790001,99.97726
DVAO,2022.935,59921,2239,0.65237,0.114941,0.000876,0.000733,-0.040542,7.0718650728,125.61286816699999,99.97248
DVAO,2022.9377,59922,2239,0.653349,0.115344,0.000834,0.000713,-0.003658,7.0718650765,125.61286817589999,99.97161
DVAO,2022.9405,59923,2239,0.651866,0.11965,0.000889,0.000746,-0.017439,7.0718651154,125.6128681625,99.96881
DVAO,2022.9432,59924,2240,0.65096,0.11881,0.000883,0.000729,-0.079813,7.0718651078,125.6128681543,99.97785
DVAO,2022.9459,59925,2240,0.653241,0.114844,0.000856,0.000727,0.011934,7.0718650719,125.6128681749,99.97171
DVAO,2022.9487,59926,2240,0.651124,0.11373,0.000937,0.000777,-0.047627,7.0718650619,125.6128681557,99.9765
DVAO,2022.9514,59927,2240,0.650623,0.115598,0.000889,0.000779,-0.026909,7.0718650787,125.61286815119999,99.98096
DVAO,2022.9541,59928,2240,0.650875,0.113798,0.000915,0.000789,-0.033112,7.0718650625,125.61286815349999,99.97376
DVAO,2022.9569,59929,2240,0.650551,0.11462,0.000918,0.000756,-0.041592,7.0718650699,125.61286815060001,99.97837
DVAO,2022.9596,59930,2240,0.649907,0.115459,0.000895,0.000743,-0.042814,7.0718650775,125.6128681447,99.98375
DVAO,2022.9624,59931,2241,0.64768,0.115635,0.000898,0.000744,-0.005006,7.0718650791,125.6128681246,99.9711
DVAO,2022.9651,59932,2241,0.649599,0.113666,0.000868,0.000743,-0.043664,7.0718650613,125.61286814190001,99.97223
DVAO,2022.9678,59933,2241,0.650322,0.115084,0.000885,0.000752,-0.047185,7.0718650741,125.61286814850001,99.97807
DVAO,2022.9706,59934,2241,0.650541,0.116625,0.000883,0.000749,-0.02617,7.071865088,125.61286815049999,99.97933
DVAO,2022.9733,59935,2241,0.648705,0.114467,0.000902,0.00073,0.027417,7.0718650685,125.61286813379999,99.97952
DVAO,2022.976,59936,2241,0.649289,0.115133,0.000891,0.000748,-0.018911,7.0718650745,125.61286813909999,99.97615
DVAO,2022.9788,59937,2241,0.649025,0.114674,0.000944,0.000766,-0.014352,7.0718650704,125.6128681367,99.9749
DVAO,2022.9815,59938,2242,0.648155,0.108263,0.000885,0.000737,6.4e-05,7.0718650124,125.6128681289,99.96484
DVAO,2022.9843,59939,2242,0.649552,0.112541,0.000865,0.000713,-0.039835,7.0718650511,125.6128681415,99.97302
DVAO,2022.987,59940,2242,0.649628,0.113854,0.00093,0.000767,-0.044942,7.071865063,125.6128681422,99.97907
DVAO,2022.9897,59941,2242,0.649578,0.11285,0.000914,0.000753,-0.028127,7.0718650539,125.6128681417,99.97472
DVAO,2022.9925,59942,2242,0.648565,0.113909,0.000847,0.000714,-0.035752,7.0718650635,125.6128681326,99.97889
DVAO,2022.9952,59943,2242,0.649536,0.113832,0.000892,0.000727,-0.033192,7.0718650628,125.61286814140001,99.96744
DVAO,2022.9979,59944,2242,0.647885,0.114357,0.000882,0.000725,-0.018104,7.0718650675,125.6128681264,99.96381
DVAO,2023.0007,59945,2243,0.648332,0.11231,0.000859,0.000714,-0.054619,7.071865049,125.6128681305,99.97401
DVAO,2023.0034,59946,2243,0.647285,0.113343,0.000872,0.000713,-0.012088,7.0718650584,125.61286812099999,99.96996
DVAO,2023.0062,59947,2243,0.647838,0.11524,0.000861,0.0007,-0.000915,7.0718650755,125.612868126,99.97497
DVAO,2023.0089,59948,2243,0.648141,0.114088,0.000868,0.000722,-0.011333,7.0718650651,125.6128681287,99.97005
DVAO,2023.0116,59949,2243,0.648882,0.114374,0.000924,0.000747,-0.054651,7.0718650677,125.61286813539999,99.97526
DVAO,2023.0144,59950,2243,0.648215,0.114336,0.000911,0.000749,0.014514,7.0718650673,125.6128681294,99.97682
DVAO,2023.0171,59951,2243,0.651804,0.112455,0.000837,0.000696,0.006924,7.0718650503,125.6128681619,99.97037
DVAO,2023.0198,59952,2244,0.648758,0.113204,0.00087,0.000709,-0.008064,7.0718650571,125.61286813429999,99.97079
DVAO,2023.0226,59953,2244,0.651223,0.114667,0.00084,0.000702,-0.026627,7.0718650703,125.6128681566,99.97353
DVAO,2023.0253,59954,2244,0.650652,0.113539,0.000899,0.000736,-0.012293,7.0718650601,125.61286815150001,99.97459
DVAO,2023.0281,59955,2244,0.647801,0.113858,0.000847,0.000726,-0.036671,7.071865063,125.6128681257,99.9711
DVAO,2023.0308,59956,2244,0.65042,0.114483,0.000847,0.000709,-0.026768,7.0718650687,125.61286814939999,99.97289
DVAO,2023.0335,59957,2244,0.649252,0.115857,0.000873,0.000749,-0.017228,7.0718650811,125.6128681388,99.97346
DVAO,2023.0363,59958,2244,0.649138,0.114222,0.000844,0.000727,-0.021247,7.0718650663,125.6128681378,99.97467
DVAO,2023.039,59959,2245,0.647246,0.112908,0.000889,0.000729,-0.021318,7.0718650544,125.61286812060001,99.97413
DVAO,2023.0418,59960,2245,0.649866,0.113163,0.000983,0.00078,0.013155,7.0718650567,125.6128681443,99.96945
DVAO,2023.0445,59961,2245,0.648011,0.112548,0.000866,0.000723,-0.024057,7.0718650512,125.6128681276,99.97689
DVAO,2023.0472,59962,2245,0.646069,0.114201,0.000886,0.00076,0.013328,7.0718650661,125.61286811,99.97912
DVAO,2023.05,59963,2245,0.648099,0.112929,0.000887,0.000732,-0.035052,7.0718650546,125.61286812840001,99.97674
DVAO,2023.0527,59964,2245,0.645117,0.115739,0.000927,0.000792,-0.014758,7.07186508,125.61286810140001,99.98877
DVAO,2023.0554,59965,2245,0.648445,0.113728,0.000896,0.000749,0.022812,7.0718650618,125.6128681315,99.97445
DVAO,2023.0582,59966,2246,0.647531,0.113144,0.000918,0.000774,0.041581,7.0718650566,125.6128681232,99.9755
DVAO,2023.0609,59967,2246,0.647772,0.114069,0.000884,0.000747,0.006596,7.0718650649,125.61286812540001,99.97905
DVAO,2023.0637,59968,2246,0.648144,0.113474,0.000918,0.000766,-0.037458,7.0718650595,125.61286812879999,99.973
DVAO,2023.0664,59969,2246,0.648724,0.113602,0.000973,0.000806,0.031823,7.0718650607,125.612868134,99.97549
DVAO,2023.0691,59970,2246,0.647501,0.116378,0.000858,0.00073,0.003166,7.0718650858,125.61286812290001,99.97197
DVAO,2023.0719,59971,2246,0.649202,0.114304,0.000885,0.000739,-0.046875,7.071865067,125.6128681383,99.97334
DVAO,2023.0746,59972,2246,0.647969,0.114287,0.000884,0.000723,0.024457,7.0718650669,125.61286812719999,99.97965
DVAO,2023.0773,59973,2247,0.645126,0.11312,0.000868,0.000722,-0.046207,7.0718650563,125.61286810140001,99.96956
DVAO,2023.0801,59974,2247,0.647351,0.114823,0.000919,0.000757,0.00529,7.0718650717,125.6128681216,99.97002
DVAO,2023.0828,59975,2247,0.647409,0.113443,0.000924,0.000754,-0.027596,7.0718650593,125.6128681221,99.97253
DVAO,2023.0856,59976,2247,0.645636,0.110211,0.000937,0.000775,-0.048734,7.07186503,125.6128681061,99.97384
DVAO,2023.0883,59977,2247,0.646343,0.112747,0.000948,0.000783,-0.037908,7.071865053,125.6128681125,99.97512
DVAO,2023.091,59978,2247,0.645613,0.112252,0.000952,0.000768,-0.020667,7.0718650485,125.61286810589999,99.97038
DVAO,2023.0938,59979,2247,0.644032,0.109928,0.00095,0.000778,0.0006,7.0718650275,125.61286809149999,99.9809
DVAO,2023.0965,59980,2248,0.645218,0.113236,0.000984,0.00082,-0.017795,7.0718650574,125.61286810230001,99.97739
DVAO,2023.0992,59981,2248,0.645336,0.111691,0.000887,0.000748,0.011066,7.0718650434,125.6128681033,99.97119
DVAO,2023.102,59982,2248,0.647828,0.111578,0.000932,0.000795,-0.069596,7.0718650424,125.61286812590001,99.9749
DVAO,2023.1047,59983,2248,0.645716,0.114693,0.000965,0.000796,-0.041671,7.0718650706,125.6128681068,99.97458
DVAO,2023.1075,59984,2248,0.646331,0.114462,0.000997,0.000826,0.001701,7.0718650685,125.61286811240001,99.97745
DVAO,2023.1102,59985,2248,0.644451,0.111073,0.001004,0.000816,0.010681,7.0718650378,125.6128680953,99.97612
DVAO,2023.1129,59986,2248,0.641691,0.112208,0.000951,0.000804,-0.039587,7.0718650481,125.6128680704,99.96792
DVAO,2023.1157,59987,2249,0.64699,0.109044,0.000912,0.000738,-0.043299,7.0718650195,125.61286811830001,99.98226
DVAO,2023.1184,59988,2249,0.643146,0.109109,0.001089,0.000885,-0.065842,7.0718650201,125.61286808349999,99.96987
DVAO,2023.1211,59989,2249,0.641745,0.112059,0.001063,0.000857,-0.059369,7.0718650467,125.6128680708,99.97399
DVAO,2023.1239,59990,2249,0.642103,0.110569,0.000957,0.000796,-0.037876,7.0718650333,125.61286807409999,99.97071
DVAO,2023.1266,59991,2249,0.641892,0.112715,0.000997,0.000825,-0.001007,7.0718650527,125.6128680722,99.97005
DVAO,2023.1294,59992,2249,0.642478,0.109765,0.000962,0.00078,0.028522,7.071865026,125.6128680775,99.96426
DVAO,2023.1321,59993,2249,0.642937,0.113413,0.001105,0.000918,-0.102199,7.071865059,125.6128680816,99.97152
DVAO,2023.1348,59994,2250,0.645565,0.10958,0.00091,0.00079,-0.052388,7.0718650243,125.6128681054,99.97545
DVAO,2023.1376,59995,2250,0.643017,0.111871,0.001078,0.000886,-0.0231,7.071865045,125.61286808240001,99.96672
DVAO,2023.1403,59996,2250,0.642556,0.114744,0.000943,0.000792,-0.027168,7.071865071,125.6128680782,99.97539
DVAO,2023.1431,59997,2250,0.640463,0.113036,0.000984,0.000777,-0.036734,7.0718650556,125.6128680592,99.97583
DVAO,2023.1458,59998,2250,0.643722,0.111004,0.000972,0.000823,-0.063689,7.0718650372,125.6128680887,99.97277
DVAO,2023.1485,59999,2250,0.640988,0.113215,0.001131,0.000908,-0.010763,7.0718650572,125.612868064,99.97206
DVAO,2023.1513,60000,2250,0.642842,0.112405,0.001052,0.000836,0.010098,7.0718650499,125.61286808080001,99.96939
DVAO,2023.154,60001,2251,0.644472,0.108871,0.001022,0.000887,-0.071588,7.0718650179,125.6128680955,99.97105
DVAO,2023.1567,60002,2251,0.643248,0.110821,0.001249,0.001092,0.00261,7.0718650355,125.61286808439999,99.97213
DVAO,2023.1595,60003,2251,0.643534,0.112352,0.001139,0.00101,-0.058914,7.0718650494,125.61286808700001,99.98621
DVAO,2023.1622,60004,2251,0.64082,0.111604,0.001102,0.000925,-0.062123,7.0718650426,125.61286806250001,99.97107
DVAO,2023.165,60005,2251,0.641742,0.111734,0.000989,0.000828,-0.057427,7.0718650438,125.6128680708,99.96597
DVAO,2023.1677,60006,2251,0.64265,0.111115,0.000929,0.000782,0.003626,7.0718650382,125.61286807900001,99.97346
DVAO,2023.1704,60007,2251,0.64207,0.111606,0.001019,0.000848,-0.061373,7.0718650426,125.6128680738,99.9699
DVAO,2023.1732,60008,2252,0.640833,0.113489,0.000977,0.000812,-0.080663,7.0718650597,125.6128680626,99.98124
DVAO,2023.1759,60009,2252,0.642332,0.112742,0.000956,0.000787,0.025215,7.0718650529,125.61286807619999,99.96972
DVAO,2023.1786,60010,2252,0.64332,0.11145,0.001049,0.00083,-0.013865,7.0718650412,125.61286808509999,99.97518
DVAO,2023.1814,60011,2252,0.640402,0.114554,0.001026,0.000854,-0.034699,7.0718650693,125.6128680587,99.97414
DVAO,2023.1841,60012,2252,0.641673,0.111389,0.000945,0.000777,0.007769,7.0718650407,125.6128680702,99.96645
DVAO,2023.1869,60013,2252,0.640044,0.109953,0.00117,0.000911,-0.033499,7.0718650277,125.61286805540001,99.97417
DVAO,2023.1896,60014,2252,0.638494,0.111551,0.001068,0.000867,-0.007136,7.0718650421,125.61286804139999,99.97074
DVAO,2023.1923,60015,2253,0.639717,0.108918,0.000923,0.000758,-0.009457,7.0718650183,125.6128680525,99.97571
DVAO,2023.1951,60016,2253,0.642096,0.107151,0.001086,0.000847,-0.034232,7.0718650024,125.612868074,99.97452
DVAO,2023.1978,60017,2253,0.640811,0.110373,0.001021,0.000822,-0.072407,7.0718650315,125.6128680624,99.97644
DVAO,2023.2005,60018,2253,0.639176,0.10972,0.000979,0.000821,-0.006056,7.0718650256,125.61286804759999,99.972
DVAO,2023.2033,60019,2253,0.641565,0.109389,0.00114,0.00088,-0.076239,7.0718650226,125.6128680692,99.96842
DVAO,2023.206,60020,2253,0.640158,0.113152,0.001184,0.000925,-0.095674,7.0718650566,125.61286805649999,99.96962
DVAO,2023.2088,60021,2253,0.637982,0.108824,0.001106,0.000847,-0.060948,7.0718650175,125.6128680368,99.97334
DVAO,2023.2115,60022,2254,0.638979,0.110206,0.001069,0.000864,-0.044264,7.07186503,125.61286804580001,99.97688
DVAO,2023.2142,60023,2254,0.638564,0.112686,0.001083,0.000877,-0.042009,7.0718650524,125.612868042,99.98288
DVAO,2023.217,60024,2254,0.642928,0.110266,0.001084,0.000868,-0.003245,7.0718650305,125.61286808150001,99.9779
DVAO,2023.2197,60025,2254,0.640036,0.110223,0.001009,0.000817,-0.016862,7.0718650301,125.61286805540001,99.97234
DVAO,2023.2225,60026,2254,0.640102,0.11062,0.001003,0.000859,-0.007385,7.0718650337,125.612868056,99.97219
DVAO,2023.2252,60027,2254,0.641492,0.109115,0.000956,0.000808,0.001023,7.0718650201,125.6128680686,99.98236
DVAO,2023.2279,60028,2254,0.638829,0.109514,0.000944,0.00081,0.020381,7.0718650237,125.61286804439999,99.96789
DVAO,2023.2307,60029,2255,0.642291,0.109892,0.001084,0.00089,-0.016664,7.0718650271,125.61286807580001,99.97997
DVAO,2023.2334,60030,2255,0.637838,0.112367,0.001068,0.000862,-0.039308,7.0718650495,125.61286803549999,99.9707
DVAO,2023.2361,60031,2255,0.640596,0.109234,0.001029,0.000849,-0.009799,7.0718650212,125.61286806039999,99.9743
DVAO,2023.2389,60032,2255,0.636605,0.108179,0.001016,0.000841,0.018019,7.0718650117,125.61286802430001,99.97767
DVAO,2023.2416,60033,2255,0.636532,0.106291,0.001046,0.000842,-0.00854,7.0718649946,125.6128680237,99.96725
DVAO,2023.2444,60034,2255,0.637534,0.106657,0.000942,0.000798,0.046936,7.0718649979,125.61286803269999,99.96711
DVAO,2023.2471,60035,2255,0.636277,0.110477,0.000997,0.000825,0.040583,7.0718650324,125.6128680214,99.96321
DVAO,2023.2498,60036,2256,0.637871,0.108889,0.001011,0.0008,-0.022827,7.0718650181,125.6128680358,99.9742
DVAO,2023.2526,60037,2256,0.637373,0.110927,0.001074,0.000877,-0.014391,7.0718650365,125.6128680313,99.97569
DVAO,2023.2553,60038,2256,0.6376,0.110402,0.001164,0.00089,0.008921,7.0718650318,125.6128680333,99.96957
DVAO,2023.258,60039,2256,0.63797,0.112461,0.001061,0.000908,-0.039682,7.0718650504,125.61286803670001,99.97194
DVAO,2023.2608,60040,2256,0.639576,0.110032,0.001012,0.00086,0.024029,7.0718650284,125.6128680512,99.97096
DVAO,2023.2635,60041,2256,0.634751,0.112728,0.000962,0.000807,0.001173,7.0718650528,125.6128680075,99.97132
DVAO,2023.2663,60042,2256,0.638365,0.108993,0.001118,0.000932,-0.035022,7.071865019,125.6128680402,99.97429
DVAO,2023.269,60043,2257,0.63944,0.106049,0.001089,0.000938,-0.019025,7.0718649924,125.61286805,99.96571
DVAO,2023.2717,60044,2257,0.637985,0.111157,0.001156,0.001022,-0.03858,7.0718650386,125.6128680368,99.97143
DVAO,2023.2745,60045,2257,0.637062,0.109915,0.001053,0.000888,-0.007331,7.0718650274,125.6128680285,99.97248
DVAO,2023.2772,60046,2257,0.635781,0.113312,0.001074,0.000872,-0.059268,7.0718650581,125.6128680169,99.98208
DVAO,2023.2799,60047,2257,0.637791,0.111226,0.001134,0.001,0.009274,7.0718650392,125.61286803499999,99.97789
DVAO,2023.2827,60048,2257,0.641404,0.108859,0.001139,0.000936,0.017905,7.0718650178,125.61286806780001,99.97931
DVAO,2023.2854,60049,2257,0.637138,0.108631,0.001137,0.000964,0.015174,7.0718650157,125.61286802910001,99.99008
DVAO,2023.2882,60050,2258,0.640651,0.108843,0.000998,0.000855,-0.036895,7.0718650177,125.61286806090001,99.96299
DVAO,2023.2909,60051,2258,0.636816,0.108396,0.001069,0.000852,0.042177,7.0718650136,125.6128680262,99.9689
DVAO,2023.2936,60052,2258,0.639405,0.110437,0.001132,0.000927,-0.041407,7.0718650321,125.61286804970001,99.98431
DVAO,2023.2964,60053,2258,0.638537,0.110004,0.001041,0.000913,0.01735,7.0718650282,125.6128680418,99.97495
DVAO,2023.2991,60054,2258,0.638547,0.112306,0.001022,0.000897,-0.048298,7.071865049,125.61286804189999,99.97593
DVAO,2023.3018,60055,2258,0.639233,0.107439,0.001034,0.000866,-0.047415,7.071865005,125.61286804810001,99.97929
DVAO,2023.3046,60056,2258,0.639979,0.109058,0.001085,0.000927,-0.019211,7.0718650196,125.61286805489999,99.95577
DVAO,2023.3073,60057,2259,0.636824,0.111905,0.000943,0.000797,0.070515,7.0718650453,125.61286802629999,99.97986
DVAO,2023.3101,60058,2259,0.641584,0.110869,0.000965,0.000796,0.026104,7.071865036,125.61286806940001,99.98134
DVAO,2023.3128,60059,2259,0.638007,0.110979,0.001011,0.000868,0.006068,7.071865037,125.612868037,99.9802
DVAO,2023.3155,60060,2259,0.6398,0.1095,0.000911,0.000772,-0.02998,7.0718650236,125.6128680532,99.97386
DVAO,2023.3183,60061,2259,0.639473,0.109286,0.000895,0.000783,-0.010028,7.0718650217,125.6128680503,99.98105
DVAO,2023.321,60062,2259,0.635459,0.111914,0.000845,0.000763,-0.016365,7.0718650454,125.6128680139,99.97556
DVAO,2023.3238,60063,2259,0.638082,0.113035,0.001029,0.000848,-0.035371,7.0718650556,125.6128680377,99.97631
DVAO,2023.3265,60064,2260,0.638098,0.110326,0.000904,0.000768,-0.037792,7.0718650311,125.61286803780001,99.96607
DVAO,2023.3292,60065,2260,0.636885,0.109641,0.00089,0.000779,0.012411,7.0718650249,125.6128680269,99.97118
DVAO,2023.332,60066,2260,0.635286,0.111577,0.000837,0.000763,-0.027516,7.0718650424,125.61286801240001,99.96914
DVAO,2023.3347,60067,2260,0.636412,0.111184,0.00106,0.000904,-0.00297,7.0718650388,125.6128680226,99.96534
DVAO,2023.3374,60068,2260,0.637903,0.108504,0.001012,0.000864,-0.01741,7.0718650146,125.6128680361,99.98068
DVAO,2023.3402,60069,2260,0.63795,0.107804,0.001013,0.000891,-0.055614,7.0718650083,125.6128680365,99.98044
DVAO,2023.3429,60070,2260,0.639298,0.109945,0.000894,0.000789,0.000876,7.0718650276,125.6128680487,99.97165
DVAO,2023.3457,60071,2261,0.637769,0.110968,0.000927,0.000813,-0.028187,7.0718650369,125.6128680349,99.97421
DVAO,2023.3484,60072,2261,0.636468,0.112518,0.000893,0.000828,0.033914,7.0718650509,125.61286802309999,99.96839
DVAO,2023.3511,60073,2261,0.635736,0.114568,0.000913,0.000796,-0.004058,7.0718650694,125.61286801649999,99.97158
DVAO,2023.3539,60074,2261,0.63379,0.115185,0.000932,0.000807,0.057582,7.071865075,125.6128679988,99.99183
DVAO,2023.3566,60075,2261,0.635391,0.110477,0.000867,0.000758,0.035693,7.0718650324,125.61286801329999,99.96173
DVAO,2023.3593,60076,2261,0.641496,0.11138,0.000899,0.000793,-0.021928,7.0718650406,125.6128680686,99.96621
DVAO,2023.3621,60077,2261,0.637677,0.11241,0.000903,0.000783,-0.024506,7.0718650499,125.612868034,99.96739
DVAO,2023.3648,60078,2262,0.633255,0.111092,0.001048,0.000876,0.009599,7.071865038,125.612867994,99.96461
DVAO,2023.3676,60079,2262,0.634811,0.112119,0.001015,0.000824,-0.069262,7.0718650473,125.61286800810001,99.96371
DVAO,2023.3703,60080,2262,0.636276,0.11338,0.001015,0.000793,0.023601,7.0718650587,125.61286802129999,99.97797
DVAO,2023.373,60081,2262,0.636844,0.110947,0.000968,0.000878,0.005333,7.0718650367,125.6128680265,99.96947
DVAO,2023.3758,60082,2262,0.63731,0.115734,0.000979,0.000858,0.009402,7.07186508,125.61286803070001,99.9716
DVAO,2023.3785,60083,2262,0.635735,0.112926,0.000907,0.000802,-0.0718,7.0718650546,125.6128680164,99.97343
DVAO,2023.3812,60084,2262,0.636823,0.113925,0.000876,0.000761,0.013326,7.0718650636,125.61286802629999,99.97453
DVAO,2023.384,60085,2263,0.636619,0.111846,0.000925,0.000861,0.032129,7.0718650448,125.6128680244,99.97062
DVAO,2023.3867,60086,2263,0.636534,0.11064,0.000944,0.000857,0.034607,7.0718650339,125.6128680237,99.97772
DVAO,2023.3895,60087,2263,0.637478,0.113897,0.000865,0.000779,-0.012191,7.0718650634,125.6128680322,99.97742
DVAO,2023.3922,60088,2263,0.634438,0.110429,0.001001,0.000848,0.063281,7.071865032,125.6128680047,99.97108
DVAO,2023.3949,60089,2263,0.633363,0.111712,0.000877,0.000794,-0.033642,7.0718650436,125.61286799499999,99.97407
DVAO,2023.3977,60090,2263,0.637142,0.110442,0.000952,0.000801,-0.001581,7.0718650321,125.6128680292,99.98362
DVAO,2023.4004,60091,2263,0.634637,0.112676,0.000918,0.000802,-0.051051,7.0718650523,125.61286800650001,99.98278
DVAO,2023.4031,60092,2264,0.632865,0.112064,0.000923,0.000814,-0.026584,7.0718650468,125.6128679905,99.979
DVAO,2023.4059,60093,2264,0.63218,0.113332,0.000907,0.0008,-0.02925,7.0718650583,125.61286798430001,99.98541
DVAO,2023.4086,60094,2264,0.632579,0.114502,0.00093,0.00082,0.002864,7.0718650688,125.61286798789999,99.9791
DVAO,2023.4114,60095,2264,0.629231,0.11777,0.000925,0.000817,0.027806,7.0718650984,125.6128679576,99.99287
DVAO,2023.4141,60096,2264,0.633346,0.116497,0.0009,0.000793,-0.03473,7.0718650869,125.61286799480001,99.97367
DVAO,2023.4168,60097,2264,0.632431,0.11513,0.000936,0.000779,0.002893,7.0718650745,125.61286798649999,99.96744
DVAO,2023.4196,60098,2264,0.632574,0.114382,0.000902,0.000788,-0.027679,7.0718650677,125.6128679878,99.97039
DVAO,2023.4223,60099,2265,0.6333,0.116051,0.000909,0.000777,-0.040008,7.0718650828,125.6128679944,99.98224
DVAO,2023.4251,60100,2265,0.631526,0.113691,0.000935,0.000806,0.002498,7.0718650615,125.61286797829999,99.97044
DVAO,2023.4278,60101,2265,0.62958,0.114597,0.000889,0.000777,-0.005454,7.0718650697,125.61286796069999,99.97641
DVAO,2023.4305,60102,2265,0.632646,0.113998,0.000884,0.00078,0.021279,7.0718650643,125.6128679885,99.97242
DVAO,2023.4333,60103,2265,0.632281,0.113971,0.000869,0.000809,-0.051951,7.071865064,125.61286798520001,99.97793
DVAO,2023.436,60104,2265,0.631753,0.115675,0.000863,0.000773,-0.008176,7.0718650794,125.61286798040001,99.9798
DVAO,2023.4387,60105,2265,0.633643,0.113775,0.000872,0.000779,-0.008107,7.0718650623,125.61286799749999,99.97485
DVAO,2023.4415,60106,2266,0.631314,0.114264,0.000898,0.000805,-0.025533,7.0718650667,125.6128679764,99.96706
DVAO,2023.4442,60107,2266,0.629754,0.112901,0.000879,0.000799,-0.003513,7.0718650544,125.61286796229999,99.96823
DVAO,2023.447,60108,2266,0.630148,0.11497,0.000907,0.000842,0.004241,7.0718650731,125.6128679659,99.9761
DVAO,2023.4497,60109,2266,0.630336,0.113347,0.000904,0.000791,-0.024287,7.0718650584,125.61286796760001,99.97441
DVAO,2023.4524,60110,2266,0.630574,0.114519,0.000905,0.000823,0.014218,7.071865069,125.6128679697,99.97469
DVAO,2023.4552,60111,2266,0.631097,0.11433,0.000885,0.000775,-0.012929,7.0718650673,125.6128679745,99.97566
DVAO,2023.4579,60112,2266,0.631734,0.113582,0.000922,0.000801,-0.031336,7.0718650605,125.61286798020001,99.97077
DVAO,2023.4606,60113,2267,0.631252,0.115579,0.000896,0.000789,0.008809,7.0718650786,125.6128679759,99.97544
DVAO,2023.4634,60114,2267,0.631865,0.114995,0.000861,0.000794,0.003821,7.0718650733,125.6128679814,99.96624
DVAO,2023.4661,60115,2267,0.632042,0.114562,0.000946,0.000821,0.062818,7.0718650694,125.612867983,99.98111
DVAO,2023.4689,60116,2267,0.627628,0.115545,0.000972,0.00086,-0.019195,7.0718650783,125.61286794310001,99.97607
DVAO,2023.4716,60117,2267,0.630359,0.114747,0.000911,0.000827,-0.026157,7.0718650711,125.61286796780001,99.97108
DVAO,2023.4743,60118,2267,0.632518,0.112206,0.001071,0.000941,-0.024047,7.0718650481,125.6128679873,99.98339
DVAO,2023.4771,60119,2267,0.628309,0.113376,0.00092,0.000828,0.044015,7.0718650587,125.6128679492,99.96165
DVAO,2023.4798,60120,2268,0.630829,0.115779,0.000917,0.00077,0.03461,7.0718650804,125.612867972,99.97109
DVAO,2023.4825,60121,2268,0.631158,0.117216,0.000831,0.00076,-0.014513,7.0718650934,125.612867975,99.97917
DVAO,2023.4853,60122,2268,0.634302,0.116594,0.000885,0.000808,-0.073046,7.0718650877,125.61286800350001,99.96803
DVAO,2023.488,60123,2268,0.629557,0.114502,0.000919,0.000819,0.059167,7.0718650688,125.61286796050001,99.97738
DVAO,2023.4908,60124,2268,0.63104,0.115771,0.000872,0.000807,0.028867,7.0718650803,125.6128679739,99.96988
DVAO,2023.4935,60125,2268,0.630991,0.116963,0.000902,0.00083,-0.010591,7.0718650911,125.61286797349999,99.96619
DVAO,2023.4962,60126,2268,0.629461,0.114733,0.000898,0.000771,-0.011486,7.0718650709,125.6128679597,99.97307
DVAO,2023.499,60127,2269,0.629105,0.11659,0.000945,0.000844,-0.018679,7.0718650877,125.61286795640001,99.97897
DVAO,2023.5017,60128,2269,0.630636,0.114138,0.000987,0.000832,-0.005959,7.0718650655,125.61286797029999,99.97989
DVAO,2023.5044,60129,2269,0.631862,0.115277,0.00091,0.000783,-0.02483,7.0718650758,125.6128679814,99.96573
DVAO,2023.5072,60130,2269,0.631542,0.116785,0.000965,0.000832,-0.038294,7.0718650895,125.61286797849999,99.97134
DVAO,2023.5099,60131,2269,0.634485,0.115147,0.000971,0.000848,0.013551,7.0718650747,125.61286800510001,99.97855
DVAO,2023.5127,60132,2269,0.630943,0.113014,0.000947,0.000817,0.002162,7.0718650554,125.61286797310001,99.9762
DVAO,2023.5154,60133,2269,0.630197,0.112871,0.000871,0.000797,-0.005734,7.0718650541,125.6128679663,99.96843
DVAO,2023.5181,60134,2270,0.631626,0.115706,0.000878,0.00081,0.004001,7.0718650797,125.61286797919999,99.97948
DVAO,2023.5209,60135,2270,0.632017,0.116604,0.000945,0.000806,0.013306,7.0718650878,125.6128679828,99.96427
DVAO,2023.5236,60136,2270,0.629698,0.117539,0.000899,0.000785,0.024329,7.0718650963,125.61286796179999,99.96546
DVAO,2023.5264,60137,2270,0.630002,0.114984,0.000937,0.000808,0.052573,7.0718650732,125.61286796460001,99.96273
DVAO,2023.5291,60138,2270,0.628943,0.115863,0.000904,0.000791,-0.013025,7.0718650811,125.61286795500001,99.96637
DVAO,2023.5318,60139,2270,0.629714,0.114967,0.000948,0.000824,-0.035508,7.071865073,125.61286796190001,99.96811
DVAO,2023.5346,60140,2270,0.630376,0.115286,0.000894,0.000797,0.010047,7.0718650759,125.6128679679,99.9729
DVAO,2023.5373,60141,2271,0.63029,0.115342,0.000941,0.000846,-0.046353,7.0718650764,125.6128679672,99.97658
DVAO,2023.54,60142,2271,0.628888,0.114934,0.000916,0.000853,-0.022474,7.0718650727,125.61286795449999,99.96802
DVAO,2023.5428,60143,2271,0.62805,0.114562,0.000871,0.00087,-0.001026,7.0718650694,125.6128679469,99.97394
DVAO,2023.5455,60144,2271,0.629194,0.115552,0.00087,0.000756,-0.004837,7.0718650783,125.6128679572,99.96702
DVAO,2023.5483,60145,2271,0.629262,0.115495,0.000916,0.000828,-0.000311,7.0718650778,125.6128679579,99.95986
DVAO,2023.551,60146,2271,0.629406,0.116449,0.000967,0.000795,-0.013687,7.0718650864,125.6128679592,99.97058
DVAO,2023.5537,60147,2271,0.629068,0.114395,0.000877,0.00076,0.016315,7.0718650679,125.61286795609999,99.96816
DVAO,2023.5565,60148,2272,0.630039,0.115121,0.000917,0.000809,-0.036567,7.0718650744,125.6128679649,99.96965
DVAO,2023.5592,60149,2272,0.626831,0.113711,0.000911,0.000811,-0.011145,7.0718650617,125.61286793580001,99.96184
DVAO,2023.5619,60150,2272,0.628034,0.116008,0.000917,0.000806,0.03641,7.0718650824,125.61286794669999,99.97403
DVAO,2023.5647,60151,2272,0.629013,0.117028,0.000918,0.000795,0.034494,7.0718650917,125.6128679556,99.96423
DVAO,2023.5674,60152,2272,0.628985,0.116467,0.00091,0.000824,-0.069744,7.0718650866,125.6128679553,99.97497
DVAO,2023.5702,60153,2272,0.627089,0.116038,0.001004,0.000912,-0.001857,7.0718650827,125.6128679382,99.97197
DVAO,2023.5729,60154,2272,0.6281,0.115987,0.000898,0.000806,-0.012226,7.0718650823,125.6128679473,99.97007
DVAO,2023.5756,60155,2273,0.627948,0.115238,0.000957,0.00083,-0.04957,7.0718650755,125.612867946,99.96726
DVAO,2023.5784,60156,2273,0.627363,0.11468,0.000912,0.000804,0.004985,7.0718650704,125.6128679407,99.96585
DVAO,2023.5811,60157,2273,0.624093,0.112642,0.001027,0.000944,0.010869,7.071865052,125.61286791110001,99.97136
DVAO,2023.5838,60158,2273,0.631229,0.112461,0.000968,0.00087,-0.052611,7.0718650504,125.6128679757,99.96537
DVAO,2023.5866,60159,2273,0.627952,0.113358,0.001099,0.000993,-0.022087,7.0718650585,125.612867946,99.95672
DVAO,2023.5893,60160,2273,0.628487,0.114192,0.000981,0.000869,-0.001833,7.071865066,125.6128679508,99.97222
DVAO,2023.5921,60161,2273,0.6281,0.112605,0.000945,0.00081,0.047897,7.0718650517,125.6128679473,99.97267
DVAO,2023.5948,60162,2274,0.629169,0.114117,0.00101,0.000973,0.029051,7.0718650654,125.61286795699999,99.96759
DVAO,2023.5975,60163,2274,0.627929,0.114568,0.000909,0.000772,-0.038777,7.0718650694,125.61286794579999,99.97421
DVAO,2023.6003,60164,2274,0.63021,0.114488,0.000986,0.000879,-0.012313,7.0718650687,125.61286796639999,99.97345
DVAO,2023.603,60165,2274,0.628593,0.116064,0.000973,0.000881,0.032306,7.071865083,125.61286795180001,99.97044
DVAO,2023.6057,60166,2274,0.62853,0.112877,0.000884,0.000825,0.049026,7.0718650541,125.6128679512,99.97323
DVAO,2023.6085,60167,2274,0.628657,0.113302,0.001026,0.000924,-0.044827,7.071865058,125.6128679524,99.9743
DVAO,2023.6112,60168,2274,0.623311,0.115,0.000921,0.000872,-0.058748,7.0718650733,125.61286790400001,99.97025
DVAO,2023.614,60169,2275,0.62628,0.111577,0.001011,0.00102,0.027044,7.0718650424,125.6128679309,99.97006
DVAO,2023.6167,60170,2275,0.624396,0.113067,0.000938,0.000838,-0.005969,7.0718650559,125.61286791379999,99.97029
DVAO,2023.6194,60171,2275,0.627379,0.11408,0.000928,0.000804,-0.020889,7.071865065,125.61286794079999,99.96296
DVAO,2023.6222,60172,2275,0.627347,0.113924,0.000882,0.000803,-0.044414,7.0718650636,125.6128679405,99.96688
DVAO,2023.6249,60173,2275,0.628705,0.11298,0.000923,0.000869,-0.022329,7.0718650551,125.6128679528,99.97067
DVAO,2023.6277,60174,2275,0.62901,0.113031,0.000891,0.000795,0.001569,7.0718650555,125.6128679556,99.96993
DVAO,2023.6304,60175,2275,0.63075,0.112898,0.001035,0.000926,0.015828,7.0718650543,125.6128679713,99.96107
DVAO,2023.6331,60176,2276,0.628363,0.114168,0.000898,0.000813,-0.035126,7.0718650658,125.61286794969999,99.96803
DVAO,2023.6359,60177,2276,0.627432,0.114252,0.000977,0.00086,-0.043481,7.0718650666,125.61286794130001,99.96859
DVAO,2023.6386,60178,2276,0.627901,0.114678,0.000938,0.000831,0.020592,7.0718650704,125.6128679455,99.96106
DVAO,2023.6413,60179,2276,0.628887,0.114341,0.001132,0.000965,-0.041692,7.0718650674,125.61286795449999,99.96752
DVAO,2023.6441,60180,2276,0.627299,0.115169,0.001052,0.000939,0.022361,7.0718650749,125.61286794009999,99.96118
DVAO,2023.6468,60181,2276,0.629861,0.111496,0.001155,0.000986,-0.022693,7.0718650417,125.6128679633,99.96611
DVAO,2023.6496,60182,2276,0.628017,0.115058,0.000981,0.000894,0.029896,7.0718650739,125.6128679466,99.96784
DVAO,2023.6523,60183,2277,0.626255,0.115423,0.001084,0.000923,-0.026211,7.0718650772,125.6128679306,99.96866
DVAO,2023.655,60184,2277,0.6281,0.113563,0.001026,0.00087,0.012984,7.0718650603,125.6128679473,99.97208
DVAO,2023.6578,60185,2277,0.626958,0.113006,0.001083,0.000905,0.032514,7.0718650553,125.612867937,99.96526
DVAO,2023.6605,60186,2277,0.626983,0.114648,0.001142,0.00098,-0.006843,7.0718650702,125.61286793720001,99.97105
DVAO,2023.6632,60187,2277,0.626396,0.114436,0.001152,0.000976,0.030105,7.0718650682,125.61286793190001,99.96283
DVAO,2023.666,60188,2277,0.627728,0.113155,0.000961,0.000816,0.023935,7.0718650567,125.61286794399999,99.97564
DVAO,2023.6687,60189,2277,0.625406,0.112808,0.000901,0.000793,0.058812,7.0718650535,125.6128679229,99.97755
DVAO,2023.6715,60190,2278,0.623166,0.116804,0.000894,0.000809,-0.001771,7.0718650896,125.6128679027,99.98382
DVAO,2023.6742,60191,2278,0.626298,0.111871,0.000901,0.000807,-0.006198,7.071865045,125.61286793100001,99.96848
DVAO,2023.6769,60192,2278,0.628661,0.115994,0.001048,0.000911,0.030512,7.0718650823,125.6128679524,99.97068
DVAO,2023.6797,60193,2278,0.623936,0.114492,0.000998,0.000945,-0.019669,7.0718650687,125.6128679096,99.96996
DVAO,2023.6824,60194,2278,0.627533,0.113945,0.001028,0.000952,-0.064475,7.0718650638,125.61286794220001,99.97296
DVAO,2023.6851,60195,2278,0.626058,0.114796,0.000987,0.00093,-0.004879,7.0718650715,125.6128679288,99.9588
DVAO,2023.6879,60196,2278,0.624918,0.113002,0.000895,0.000809,-0.044135,7.0718650553,125.6128679185,99.96141
DVAO,2023.6906,60197,2279,0.625767,0.113785,0.000942,0.000833,0.009768,7.0718650623,125.61286792620001,99.97077
DVAO,2023.6934,60198,2279,0.624007,0.111616,0.000973,0.000866,0.074061,7.0718650427,125.6128679103,99.97518
DVAO,2023.6961,60199,2279,0.626235,0.113441,0.001156,0.001054,0.038345,7.0718650592,125.61286793049999,99.96628
DVAO,2023.6988,60200,2279,0.626422,0.114637,0.000962,0.000884,-0.027005,7.0718650701,125.61286793209999,99.97232
DVAO,2023.7016,60201,2279,0.627191,0.112788,0.000961,0.000852,0.040941,7.0718650533,125.6128679391,99.97848
DVAO,2023.7043,60202,2279,0.625829,0.112863,0.001033,0.000912,0.004978,7.071865054,125.61286792679999,99.97952
DVAO,2023.707,60203,2279,0.623099,0.113768,0.001035,0.000888,0.025958,7.0718650622,125.61286790209999,99.97343
DVAO,2023.7098,60204,2280,0.626943,0.113223,0.000902,0.000779,0.059625,7.0718650573,125.61286793689999,99.97376
DVAO,2023.7125,60205,2280,0.626556,0.114532,0.000858,0.000796,-0.013857,7.0718650691,125.6128679334,99.97441
DVAO,2023.7153,60206,2280,0.626077,0.114755,0.000922,0.000828,0.0435,7.0718650711,125.612867929,99.97574
DVAO,2023.718,60207,2280,0.625641,0.113886,0.001006,0.000866,-0.00223,7.0718650633,125.6128679251,99.96649
DVAO,2023.7207,60208,2280,0.626392,0.113165,0.001024,0.000915,-0.012915,7.0718650567,125.61286793190001,99.97079
DVAO,2023.7235,60209,2280,0.627175,0.110049,0.000961,0.000884,0.025325,7.0718650286,125.61286793900001,99.96547
DVAO,2023.7262,60210,2280,0.627652,0.113684,0.00093,0.000878,0.038683,7.0718650614,125.61286794329999,99.96955
DVAO,2023.729,60211,2281,0.625943,0.11423,0.000932,0.000815,0.007887,7.0718650664,125.61286792780001,99.96754
DVAO,2023.7317,60212,2281,0.626101,0.114343,0.000909,0.000819,-0.045387,7.0718650674,125.61286792920001,99.97818
DVAO,2023.7344,60213,2281,0.62449,0.115858,0.000943,0.000822,0.006045,7.0718650811,125.61286791469999,99.96928
DVAO,2023.7372,60214,2281,0.626484,0.11384,0.000979,0.000862,-0.002146,7.0718650628,125.6128679327,99.96915
DVAO,2023.7399,60215,2281,0.626013,0.112935,0.000853,0.000804,0.013055,7.0718650547,125.6128679284,99.96722
DVAO,2023.7426,60216,2281,0.623701,0.112881,0.000913,0.000832,0.010157,7.0718650542,125.6128679075,99.97027
DVAO,2023.7454,60217,2281,0.625385,0.111846,0.000904,0.00078,0.033845,7.0718650448,125.6128679228,99.9775
DVAO,2023.7481,60218,2282,0.623989,0.111378,0.001056,0.000907,-0.004885,7.0718650406,125.6128679101,99.97769
DVAO,2023.7509,60219,2282,0.624403,0.112443,0.000975,0.000855,0.012364,7.0718650502,125.6128679139,99.97205
DVAO,2023.7536,60220,2282,0.622647,0.11285,0.001007,0.000938,-0.015341,7.0718650539,125.61286789799999,99.9746
DVAO,2023.7563,60221,2282,0.62146,0.111723,0.00103,0.000921,0.030481,7.0718650437,125.6128678872,99.98263
DVAO,2023.7591,60222,2282,0.623518,0.112381,0.000881,0.000789,0.014707,7.0718650497,125.6128679059,99.97287
DVAO,2023.7618,60223,2282,0.626649,0.11128,0.001048,0.000975,0.031038,7.0718650397,125.61286793420001,99.97426
DVAO,2023.7645,60224,2282,0.626082,0.111557,0.001251,0.001083,0.087294,7.0718650422,125.61286792909999,99.9818
DVAO,2023.7673,60225,2283,0.623608,0.108915,0.001003,0.0009,-0.028854,7.0718650183,125.61286790669999,99.98028
DVAO,2023.77,60226,2283,0.624882,0.11196,0.000975,0.000846,0.029734,7.0718650458,125.61286791820001,99.97283
DVAO,2023.7728,60227,2283,0.625115,0.113243,0.001158,0.00096,-0.028488,7.0718650574,125.6128679203,99.97253
DVAO,2023.7755,60228,2283,0.625903,0.111571,0.00102,0.000936,0.068336,7.0718650423,125.6128679274,99.97
DVAO,2023.7782,60229,2283,0.629023,0.113071,0.001166,0.00101,-0.029461,7.0718650559,125.61286795570001,99.98689
DVAO,2023.781,60230,2283,0.623525,0.109432,0.001029,0.00094,-0.001073,7.071865023,125.6128679059,99.96566
DVAO,2023.7837,60231,2283,0.624587,0.10663,0.001054,0.000929,0.035498,7.0718649976,125.6128679155,99.9748
DVAO,2023.7864,60232,2284,0.62542,0.108346,0.001048,0.000942,0.061584,7.0718650132,125.6128679231,99.96419
DVAO,2023.7892,60233,2284,0.622795,0.111349,0.00095,0.000844,0.017752,7.0718650403,125.6128678993,99.97281
DVAO,2023.7919,60234,2284,0.624722,0.111473,0.001067,0.000936,0.040274,7.0718650414,125.61286791680001,99.97349
DVAO,2023.7947,60235,2284,0.623786,0.111181,0.001057,0.000934,-0.004153,7.0718650388,125.61286790829999,99.96838
DVAO,2023.7974,60236,2284,0.626727,0.11142,0.000886,0.000805,-0.006598,7.071865041,125.61286793490001,99.96582
DVAO,2023.8001,60237,2284,0.626252,0.109591,0.000878,0.000782,0.004769,7.0718650244,125.6128679306,99.96042
DVAO,2023.8029,60238,2284,0.625453,0.108165,0.000883,0.000807,-0.020656,7.0718650115,125.61286792339999,99.9639
DVAO,2023.8056,60239,2285,0.625818,0.110154,0.000972,0.000848,0.056017,7.0718650295,125.6128679267,99.96963
DVAO,2023.8084,60240,2285,0.622379,0.110448,0.000897,0.000822,-0.016591,7.0718650322,125.61286789549999,99.96885
DVAO,2023.8111,60241,2285,0.623565,0.111158,0.001015,0.000902,0.002798,7.0718650386,125.61286790630001,99.97206
DVAO,2023.8138,60242,2285,0.623834,0.115721,0.001047,0.000934,0.002988,7.0718650799,125.6128679087,99.97435
DVAO,2023.8166,60243,2285,0.624829,0.11168,0.000963,0.000865,-0.020788,7.0718650433,125.61286791769999,99.96723
DVAO,2023.8193,60244,2285,0.62484,0.109026,0.000932,0.000856,0.036858,7.0718650193,125.6128679178,99.97082
DVAO,2023.822,60245,2285,0.624788,0.111925,0.001041,0.000901,0.047589,7.0718650455,125.6128679174,99.97727
DVAO,2023.8248,60246,2286,0.625803,0.112209,0.000936,0.000836,-0.02504,7.0718650481,125.6128679265,99.97456
DVAO,2023.8275,60247,2286,0.625947,0.112112,0.001018,0.000875,0.017741,7.0718650472,125.61286792780001,99.96949
DVAO,2023.8303,60248,2286,0.624747,0.109873,0.000893,0.000824,-0.02723,7.071865027,125.61286791699999,99.97319
DVAO,2023.833,60249,2286,0.624827,0.110075,0.000928,0.000805,0.015113,7.0718650288,125.61286791769999,99.96356
DVAO,2023.8357,60250,2286,0.62439,0.110017,0.000958,0.000833,0.081032,7.0718650283,125.6128679137,99.96995
DVAO,2023.8385,60251,2286,0.624719,0.110049,0.001076,0.000889,-0.001091,7.0718650286,125.6128679167,99.96709
DVAO,2023.8412,60252,2286,0.62343,0.111413,0.000996,0.000854,0.040996,7.0718650409,125.61286790509999,99.97532
DVAO,2023.8439,60253,2287,0.624338,0.107779,0.001164,0.001035,-0.041005,7.071865008,125.6128679133,99.97821
DVAO,2023.8467,60254,2287,0.625547,0.110712,0.000917,0.000823,-0.007581,7.0718650346,125.6128679242,99.9713
DVAO,2023.8494,60255,2287,0.626366,0.111537,0.001019,0.000912,0.016541,7.071865042,125.6128679316,99.98248
DVAO,2023.8522,60256,2287,0.624904,0.112093,0.000971,0.000855,0.05183,7.0718650471,125.61286791840001,99.95992
DVAO,2023.8549,60257,2287,0.623046,0.10885,0.000976,0.000905,-0.015574,7.0718650177,125.6128679016,99.96253
DVAO,2023.8576,60258,2287,0.62489,0.111467,0.00095,0.000875,0.001569,7.0718650414,125.6128679183,99.96774
DVAO,2023.8604,60259,2287,0.62434,0.111149,0.000947,0.000845,0.013,7.0718650385,125.6128679133,99.97375
DVAO,2023.8631,60260,2288,0.624924,0.112595,0.000868,0.000761,0.032731,7.0718650516,125.61286791859999,99.96757
DVAO,2023.8658,60261,2288,0.625823,0.113441,0.001001,0.000803,-0.014107,7.0718650592,125.6128679267,99.98338
DVAO,2023.8686,60262,2288,0.623369,0.113562,0.001019,0.000862,0.0134,7.0718650603,125.6128679045,99.96916
DVAO,2023.8713,60263,2288,0.626668,0.109784,0.001066,0.000943,0.041433,7.0718650262,125.61286793439999,99.97747
DVAO,2023.8741,60264,2288,0.625054,0.109309,0.000928,0.000788,0.056858,7.0718650219,125.61286791980001,99.96936
DVAO,2023.8768,60265,2288,0.623033,0.11045,0.00092,0.000838,-0.009895,7.0718650322,125.61286790150001,99.96811
DVAO,2023.8795,60266,2288,0.623996,0.112502,0.000844,0.00075,-0.007499,7.0718650507,125.61286791020001,99.98742
DVAO,2023.8823,60267,2289,0.622822,0.110119,0.000856,0.000782,-0.008445,7.0718650292,125.61286789959999,99.97006
DVAO,2023.885,60268,2289,0.624228,0.111734,0.00092,0.000798,-0.03414,7.0718650438,125.6128679123,99.97425
DVAO,2023.8877,60269,2289,0.626266,0.109846,0.000986,0.000868,0.033703,7.0718650267,125.61286793069999,99.97024
DVAO,2023.8905,60270,2289,0.622872,0.111877,0.000851,0.000798,-0.01215,7.0718650451,125.6128679,99.97072
DVAO,2023.8932,60271,2289,0.626208,0.110996,0.000952,0.000837,0.016653,7.0718650371,125.6128679302,99.97136
DVAO,2023.896,60272,2289,0.622926,0.113127,0.000964,0.000854,-0.001723,7.0718650564,125.61286790049999,99.9787
DVAO,2023.8987,60273,2289,0.622953,0.11075,0.000895,0.000828,0.000107,7.0718650349,125.6128679007,99.97421
DVAO,2023.9014,60274,2290,0.623633,0.111595,0.001001,0.00086,0.066501,7.0718650425,125.6128679069,99.97431
DVAO,2023.9042,60275,2290,0.624453,0.111766,0.001092,0.000896,0.035038,7.0718650441,125.61286791430001,99.97061
DVAO,2023.9069,60276,2290,0.623333,0.110411,0.000948,0.000875,0.007499,7.0718650318,125.61286790419999,99.96772
DVAO,2023.9097,60277,2290,0.625026,0.112877,0.000979,0.000938,0.013828,7.0718650541,125.61286791949999,99.97014
DVAO,2023.9124,60278,2290,0.624078,0.11185,0.000891,0.000803,0.013199,7.0718650449,125.61286791090001,99.97107
DVAO,2023.9151,60279,2290,0.622024,0.111518,0.001286,0.001115,0.086717,7.0718650418,125.61286789229999,99.96816
DVAO,2023.9179,60280,2290,0.627387,0.114892,0.000981,0.000847,-0.02582,7.0718650724,125.6128679409,99.96671
DVAO,2023.9206,60281,2291,0.629232,0.113957,0.000993,0.000832,0.051985,7.0718650639,125.6128679576,99.96998
DVAO,2023.9233,60282,2291,0.630149,0.111183,0.000907,0.000776,-0.012319,7.0718650388,125.6128679659,99.96791
DVAO,2023.9261,60283,2291,0.632682,0.114956,0.000924,0.000778,0.038427,7.0718650729,125.61286798879999,99.97041
DVAO,2023.9288,60284,2291,0.630673,0.11326,0.000893,0.00078,-0.057948,7.0718650576,125.6128679706,99.96635
DVAO,2023.9316,60285,2291,0.63056,0.111628,0.000992,0.000885,0.012839,7.0718650428,125.61286796959999,99.97638
DVAO,2023.9343,60286,2291,0.630321,0.114122,0.000991,0.000915,-0.000948,7.0718650654,125.6128679674,99.95537
DVAO,2023.937,60287,2291,0.633069,0.11288,0.000904,0.000812,-0.03591,7.0718650542,125.61286799230001,99.96955
DVAO,2023.9398,60288,2292,0.634077,0.113411,0.000911,0.000803,0.022591,7.071865059,125.61286800139999,99.97653
DVAO,2023.9425,60289,2292,0.631243,0.112652,0.000851,0.000776,0.021659,7.0718650521,125.61286797579999,99.97318
DVAO,2023.9452,60290,2292,0.629218,0.113319,0.000912,0.000794,0.021601,7.0718650581,125.6128679574,99.96596
DVAO,2023.948,60291,2292,0.62943,0.111741,0.000863,0.000789,-0.017036,7.0718650439,125.6128679594,99.98681
DVAO,2023.9507,60292,2292,0.634983,0.110298,0.000952,0.00082,-0.032291,7.0718650308,125.61286800959999,99.97055
DVAO,2023.9535,60293,2292,0.633501,0.110037,0.001025,0.000845,-0.071178,7.0718650285,125.61286799620001,99.9689
DVAO,2023.9562,60294,2292,0.630562,0.114249,0.000936,0.000841,-0.034293,7.0718650665,125.61286796959999,99.96928
DVAO,2023.9589,60295,2293,0.63086,0.11037,0.000866,0.000795,0.035568,7.0718650315,125.6128679723,99.96605
DVAO,2023.9617,60296,2293,0.631266,0.109064,0.000896,0.000809,0.023233,7.0718650197,125.61286797599999,99.97325
DVAO,2023.9644,60297,2293,0.632194,0.112757,0.000938,0.000843,-0.002412,7.0718650531,125.6128679844,99.96484
DVAO,2023.9671,60298,2293,0.632623,0.11303,0.000883,0.000777,0.022972,7.0718650555,125.6128679883,99.96456
DVAO,2023.9699,60299,2293,0.634109,0.111662,0.000875,0.000825,0.023447,7.0718650431,125.61286800170001,99.97343
DVAO,2023.9726,60300,2293,0.630145,0.110241,0.000964,0.000862,-0.022898,7.0718650303,125.6128679658,99.96363
DVAO,2023.9754,60301,2293,0.634814,0.112121,0.000854,0.000764,0.024423,7.0718650473,125.61286800810001,99.973
DVAO,2023.9781,60302,2294,0.629907,0.109416,0.000907,0.000801,0.015874,7.0718650228,125.61286796370001,99.96161
DVAO,2023.9808,60303,2294,0.630965,0.111175,0.000942,0.000876,-0.004539,7.0718650388,125.61286797330001,99.96511
DVAO,2023.9836,60304,2294,0.632016,0.112185,0.000977,0.000867,0.036955,7.0718650479,125.6128679828,99.97102
DVAO,2023.9863,60305,2294,0.63578,0.111457,0.000919,0.000819,-0.003695,7.0718650413,125.61286801680001,99.9709
DVAO,2023.989,60306,2294,0.630707,0.112546,0.000898,0.000797,0.043073,7.0718650511,125.6128679709,99.97915
DVAO,2023.9918,60307,2294,0.632218,0.111582,0.000871,0.000798,-0.004675,7.0718650424,125.6128679846,99.96945
DVAO,2023.9945,60308,2294,0.634106,0.110286,0.000845,0.00078,-0.00916,7.0718650307,125.61286800170001,99.96793
DVAO,2023.9973,60309,2295,0.633742,0.11022,0.000941,0.000832,0.005435,7.0718650301,125.61286799839999,99.97439
DVAO,2024.0,60310,2295,0.630992,0.112016,0.000873,0.000818,0.050517,7.0718650464,125.61286797349999,99.97313
DVAO,2024.0027,60311,2295,0.630298,0.110296,0.000861,0.000808,0.011293,7.0718650308,125.6128679672,99.97304
DVAO,2024.0055,60312,2295,0.631576,0.111845,0.000884,0.000834,0.031024,7.0718650448,125.61286797880001,99.96696
DVAO,2024.0082,60313,2295,0.629788,0.110774,0.000868,0.000828,-0.00137,7.0718650351,125.6128679626,99.95731
DVAO,2024.011,60314,2295,0.630558,0.110749,0.000895,0.000854,0.011723,7.0718650349,125.61286796959999,99.97039
DVAO,2024.0137,60315,2295,0.632605,0.107609,0.000862,0.000807,-0.001262,7.0718650065,125.61286798809999,99.96885
DVAO,2024.0164,60316,2296,0.630554,0.111443,0.000935,0.000856,0.011755,7.0718650412,125.6128679695,99.97083
DVAO,2024.0192,60317,2296,0.630662,0.107832,0.000893,0.000851,-0.002292,7.0718650085,125.61286797049999,99.95887
DVAO,2024.0219,60318,2296,0.632001,0.112351,0.000974,0.000875,-0.023653,7.0718650494,125.6128679826,99.97295
DVAO,2024.0246,60319,2296,0.632118,0.111211,0.000893,0.00082,0.064399,7.0718650391,125.6128679837,99.98338
DVAO,2024.0274,60320,2296,0.633086,0.111221,0.000888,0.000819,0.036509,7.0718650392,125.61286799249999,99.96745
DVAO,2024.0301,60321,2296,0.630828,0.108295,0.000897,0.00084,0.032504,7.0718650127,125.612867972,99.97395
DVAO,2024.0329,60322,2296,0.630145,0.110697,0.000902,0.000847,-0.010177,7.0718650344,125.6128679658,99.96767
DVAO,2024.0356,60323,2297,0.630654,0.110176,0.000948,0.000823,0.005354,7.0718650297,125.61286797049999,99.98411
DVAO,2024.0383,60324,2297,0.631385,0.111033,0.00099,0.000874,0.025342,7.0718650375,125.6128679771,99.97114
DVAO,2024.0411,60325,2297,0.632895,0.108951,0.000883,0.000828,0.017409,7.0718650186,125.61286799070001,99.96597
DVAO,2024.0438,60326,2297,0.633538,0.111633,0.00106,0.000959,0.089454,7.0718650429,125.61286799659999,99.98391
DVAO,2024.0465,60327,2297,0.631167,0.10848,0.000943,0.000836,0.009889,7.0718650144,125.61286797509999,99.97545
DVAO,2024.0493,60328,2297,0.632229,0.108418,0.000872,0.000826,-0.033525,7.0718650138,125.61286798469999,99.97174
DVAO,2024.052,60329,2297,0.631129,0.108602,0.000919,0.000868,-0.031366,7.0718650155,125.61286797470001,99.97001
DVAO,2024.0548,60330,2298,0.631816,0.108469,0.000852,0.000827,0.023828,7.0718650143,125.612867981,99.97195
DVAO,2024.0575,60331,2298,0.632223,0.110203,0.000844,0.000784,0.037229,7.07186503,125.61286798469999,99.97437
DVAO,2024.0602,60332,2298,0.630404,0.106855,0.001021,0.000913,0.07716,7.0718649997,125.61286796819999,99.96485
DVAO,2024.063,60333,2298,0.631012,0.107008,0.000937,0.000923,0.060721,7.0718650011,125.61286797369999,99.97182
DVAO,2024.0657,60334,2298,0.62942,0.107945,0.000928,0.000884,0.064657,7.0718650095,125.61286795929999,99.97804
DVAO,2024.0684,60335,2298,0.631052,0.108707,0.000921,0.000834,-0.004958,7.0718650164,125.6128679741,99.97693
DVAO,2024.0712,60336,2298,0.629949,0.109743,0.000913,0.000851,0.009515,7.0718650258,125.61286796409999,99.97292
DVAO,2024.0739,60337,2299,0.631082,0.109346,0.000897,0.000797,0.027715,7.0718650222,125.6128679743,99.96357
DVAO,2024.0767,60338,2299,0.630324,0.108748,0.000854,0.00078,0.004007,7.0718650168,125.6128679675,99.96403
DVAO,2024.0794,60339,2299,0.629151,0.106886,0.000993,0.000901,0.046725,7.071865,125.61286795679999,99.9673
DVAO,2024.0821,60340,2299,0.631573,0.109528,0.000894,0.000831,0.047722,7.0718650239,125.61286797880001,99.95686
DVAO,2024.0849,60341,2299,0.629436,0.109352,0.000879,0.00082,-0.044457,7.0718650223,125.6128679594,99.95331
DVAO,2024.0876,60342,2299,0.630019,0.109721,0.000989,0.000823,-0.016595,7.0718650256,125.6128679647,99.96839
DVAO,2024.0903,60343,2299,0.632496,0.110795,0.000959,0.00082,-0.017723,7.0718650353,125.6128679871,99.95687
DVAO,2024.0931,60344,2300,0.626102,0.110128,0.001114,0.000989,-0.021788,7.0718650293,125.61286792920001,99.98054
DVAO,2024.0958,60345,2300,0.63059,0.110348,0.000923,0.00085,-0.024983,7.0718650313,125.61286796990001,99.96654
DVAO,2024.0986,60346,2300,0.629811,0.109743,0.000983,0.000893,0.017002,7.0718650258,125.61286796280001,99.96195
DVAO,2024.1013,60347,2300,0.631148,0.110111,0.000915,0.000839,-0.037707,7.0718650291,125.61286797490001,99.96077
DVAO,2024.104,60348,2300,0.629672,0.110119,0.00095,0.000832,0.047842,7.0718650292,125.61286796159999,99.96083
DVAO,2024.1068,60349,2300,0.627183,0.110675,0.000998,0.000894,0.032005,7.0718650342,125.61286793900001,99.95965
DVAO,2024.1095,60350,2300,0.629173,0.109658,0.001014,0.000981,0.00384,7.071865025,125.61286795699999,99.96449
DVAO,2024.1123,60351,2301,0.630492,0.109631,0.000902,0.000804,0.075878,7.0718650248,125.612867969,99.96704
DVAO,2024.115,60352,2301,0.62969,0.106421,0.001128,0.000972,-0.008014,7.0718649958,125.6128679617,99.96804
DVAO,2024.1177,60353,2301,0.627264,0.11121,0.000979,0.000929,-0.023369,7.0718650391,125.6128679398,99.96444
DVAO,2024.1205,60354,2301,0.630102,0.109467,0.001068,0.000929,0.006746,7.0718650233,125.61286796549999,99.9689
DVAO,2024.1232,60355,2301,0.629752,0.109949,0.000941,0.000883,-0.059521,7.0718650277,125.61286796229999,99.96597
DVAO,2024.1259,60356,2301,0.630784,0.108356,0.00097,0.000912,0.045884,7.0718650133,125.6128679716,99.96111
DVAO,2024.1287,60357,2301,0.629728,0.110151,0.001032,0.000942,0.033987,7.0718650295,125.61286796210001,99.96634
DVAO,2024.1314,60358,2302,0.629201,0.108941,0.000894,0.000821,-0.002543,7.0718650186,125.61286795730001,99.96865
DVAO,2024.1342,60359,2302,0.629729,0.108646,0.001179,0.000965,-0.004238,7.0718650159,125.61286796210001,99.95953
DVAO,2024.1369,60360,2302,0.631074,0.107943,0.00107,0.000938,0.011702,7.0718650095,125.6128679743,99.96657
DVAO,2024.1396,60361,2302,0.628958,0.109253,0.001114,0.000999,0.04774,7.0718650214,125.6128679551,99.95314
DVAO,2024.1424,60362,2302,0.625707,0.104163,0.001062,0.000987,0.032553,7.0718649753,125.61286792569999,99.95123
DVAO,2024.1451,60363,2302,0.628703,0.110883,0.001048,0.001006,0.01353,7.0718650361,125.6128679528,99.96977
DVAO,2024.1478,60364,2302,0.628934,0.108833,0.000986,0.000864,-0.054334,7.0718650176,125.6128679549,99.96433
DVAO,2024.1506,60365,2303,0.628956,0.109764,0.000836,0.000773,0.006376,7.071865026,125.6128679551,99.97436
DVAO,2024.1533,60366,2303,0.62713,0.110079,0.001012,0.000873,-0.01463,7.0718650288,125.6128679386,99.97402
DVAO,2024.1561,60367,2303,0.629413,0.108513,0.001016,0.000866,-0.007726,7.0718650147,125.6128679592,99.96811
DVAO,2024.1588,60368,2303,0.626648,0.108533,0.001027,0.000886,-0.05286,7.0718650149,125.61286793420001,99.96422
DVAO,2024.1615,60369,2303,0.62626,0.110358,0.001092,0.000982,-0.046487,7.0718650314,125.61286793069999,99.97136
DVAO,2024.1643,60370,2303,0.626703,0.109736,0.000928,0.00085,-0.069867,7.0718650257,125.6128679347,99.96901
DVAO,2024.167,60371,2303,0.626868,0.107419,0.000996,0.000863,-0.049853,7.0718650048,125.61286793619999,99.96445
DVAO,2024.1697,60372,2304,0.625701,0.11108,0.001002,0.000925,-0.093163,7.0718650379,125.6128679256,99.96685
DVAO,2024.1725,60373,2304,0.624351,0.112595,0.001019,0.000909,-0.06647,7.0718650516,125.61286791340001,99.96788
DVAO,2024.1752,60374,2304,0.627999,0.110452,0.00096,0.000911,-0.03208,7.0718650322,125.6128679464,99.97349
DVAO,2024.178,60375,2304,0.628522,0.108558,0.000904,0.000832,0.00185,7.0718650151,125.61286795109999,99.96603
DVAO,2024.1807,60376,2304,0.627692,0.108709,0.000939,0.000842,-0.028599,7.0718650164,125.61286794360001,99.96402
DVAO,2024.1834,60377,2304,0.626025,0.106464,0.000995,0.000921,0.008526,7.0718649962,125.61286792850001,99.96023
DVAO,2024.1862,60378,2304,0.62529,0.110464,0.000905,0.000809,-0.046196,7.0718650323,125.6128679219,99.9657
DVAO,2024.1889,60379,2305,0.62443,0.109337,0.000929,0.000838,0.020396,7.0718650221,125.61286791410001,99.9641
DVAO,2024.1916,60380,2305,0.624697,0.105851,0.001057,0.000949,-5.3e-05,7.0718649906,125.6128679165,99.98277
DVAO,2024.1944,60381,2305,0.62572,0.106787,0.001047,0.000943,0.000978,7.0718649991,125.6128679258,99.95615
DVAO,2024.1971,60382,2305,0.626028,0.106008,0.000914,0.000832,-0.054648,7.071864992,125.6128679286,99.96744
DVAO,2024.1999,60383,2305,0.623186,0.106398,0.00092,0.000828,0.014192,7.0718649956,125.6128679029,99.96816
DVAO,2024.2026,60384,2305,0.624305,0.105222,0.000918,0.000812,0.011462,7.0718649849,125.612867913,99.96424
DVAO,2024.2053,60385,2305,0.624169,0.104449,0.00104,0.000885,-0.030503,7.0718649779,125.6128679117,99.96512
DVAO,2024.2081,60386,2306,0.623266,0.106941,0.001027,0.000903,-0.00667,7.0718650005,125.6128679036,99.96924
DVAO,2024.2108,60387,2306,0.6227,0.107305,0.001069,0.00095,-0.045743,7.0718650038,125.61286789850001,99.97285
DVAO,2024.2136,60388,2306,0.626437,0.106045,0.000949,0.000848,-0.013914,7.0718649924,125.61286793229999,99.96983
DVAO,2024.2163,60389,2306,0.622621,0.107184,0.001057,0.000984,-0.086773,7.0718650027,125.6128678977,99.97137
DVAO,2024.219,60390,2306,0.625664,0.105269,0.000979,0.000844,-0.004793,7.0718649853,125.61286792530001,99.96863
DVAO,2024.2218,60391,2306,0.62566,0.10579,0.001065,0.000971,-0.074228,7.0718649901,125.61286792519999,99.97206
DVAO,2024.2245,60392,2306,0.624394,0.10237,0.000882,0.000779,0.013419,7.0718649591,125.61286791379999,99.96984
DVAO,2024.2272,60393,2307,0.624137,0.102995,0.001,0.000875,0.015535,7.0718649648,125.61286791149999,99.97067
DVAO,2024.23,60394,2307,0.624571,0.104712,0.000971,0.000848,0.01442,7.0718649803,125.61286791539999,99.97561
DVAO,2024.2327,60395,2307,0.626341,0.105296,0.000994,0.000884,-0.005968,7.0718649856,125.61286793139999,99.97845
DVAO,2024.2355,60396,2307,0.625576,0.105533,0.001145,0.000992,0.056368,7.0718649877,125.6128679245,99.97181
DVAO,2024.2382,60397,2307,0.624334,0.104269,0.001109,0.000981,0.011328,7.0718649763,125.6128679132,99.96909
DVAO,2024.2409,60398,2307,0.627099,0.105709,0.001048,0.000935,-0.027859,7.0718649893,125.61286793830001,99.9739
DVAO,2024.2437,60399,2307,0.62714,0.105851,0.001035,0.000933,-0.027462,7.0718649906,125.6128679386,99.98387
DVAO,2024.2464,60400,2308,0.626197,0.106015,0.001032,0.00092,0.01526,7.0718649921,125.61286793010001,99.9731
DVAO,2024.2491,60401,2308,0.62703,0.104814,0.000976,0.000878,-0.006177,7.0718649812,125.6128679377,99.97562
DVAO,2024.2519,60402,2308,0.625876,0.10743,0.001032,0.000882,-0.035165,7.0718650049,125.6128679272,99.97747
DVAO,2024.2546,60403,2308,0.624551,0.107818,0.000955,0.00086,-0.066222,7.0718650084,125.61286791520001,99.96616
DVAO,2024.2574,60404,2308,0.624724,0.10788,0.000984,0.000868,0.000303,7.071865009,125.61286791680001,99.97493
DVAO,2024.2601,60405,2308,0.625795,0.106789,0.000987,0.000865,-0.050683,7.0718649991,125.6128679265,99.9734
DVAO,2024.2628,60406,2308,0.62409,0.107629,0.000993,0.000872,-0.038594,7.0718650067,125.612867911,99.97226
DVAO,2024.2656,60407,2309,0.626787,0.106862,0.000947,0.000852,-0.044172,7.0718649997,125.6128679354,99.97146
DVAO,2024.2683,60408,2309,0.624704,0.103926,0.000928,0.000835,-0.06128,7.0718649732,125.61286791660001,99.9729
DVAO,2024.271,60409,2309,0.624053,0.10604,0.000926,0.000845,0.026965,7.0718649923,125.6128679107,99.98219
DVAO,2024.2738,60410,2309,0.625255,0.105773,0.00091,0.000841,-0.031368,7.0718649899,125.61286792160001,99.96482
DVAO,2024.2765,60411,2309,0.623663,0.106195,0.000969,0.000868,-0.030992,7.0718649937,125.61286790720001,99.97681
DVAO,2024.2793,60412,2309,0.622255,0.106269,0.001062,0.000899,0.017259,7.0718649944,125.61286789440001,99.96141
DVAO,2024.282,60413,2309,0.625573,0.106401,0.000997,0.000939,0.007477,7.0718649956,125.6128679245,99.97581
DVAO,2024.2847,60414,2310,0.625568,0.106231,0.00094,0.000879,0.025514,7.071864994,125.6128679244,99.97137
DVAO,2024.2875,60415,2310,0.626293,0.107443,0.000995,0.000945,-0.032871,7.071865005,125.61286793100001,99.97502
DVAO,2024.2902,60416,2310,0.621986,0.107168,0.000926,0.000877,-0.05548,7.0718650025,125.612867892,99.96725
DVAO,2024.293,60417,2310,0.620331,0.10407,0.001036,0.000917,0.002473,7.0718649745,125.61286787700001,99.96541
DVAO,2024.2957,60418,2310,0.621957,0.102219,0.001086,0.000977,-0.047709,7.0718649578,125.6128678917,99.9812
DVAO,2024.2984,60419,2310,0.62389,0.105749,0.000926,0.000838,-0.026745,7.0718649897,125.61286790919999,99.98123
DVAO,2024.3012,60420,2310,0.625599,0.105442,0.000969,0.000853,-0.007913,7.0718649869,125.6128679247,99.97323
DVAO,2024.3039,60421,2311,0.621009,0.104358,0.000837,0.000766,-0.041082,7.0718649771,125.6128678831,99.97232
DVAO,2024.3066,60422,2311,0.623753,0.104123,0.001067,0.000902,-0.04898,7.071864975,125.612867908,99.97842
DVAO,2024.3094,60423,2311,0.623046,0.104641,0.001035,0.000927,-0.005471,7.0718649797,125.6128679016,99.96646
DVAO,2024.3121,60424,2311,0.622189,0.102876,0.001166,0.000977,-0.02459,7.0718649637,125.6128678938,99.97287
DVAO,2024.3149,60425,2311,0.623868,0.106576,0.001114,0.000989,0.033288,7.0718649972,125.61286790899999,99.97814
DVAO,2024.3176,60426,2311,0.622856,0.105485,0.000906,0.000855,0.007294,7.0718649873,125.61286789990001,99.97228
DVAO,2024.3203,60427,2311,0.622434,0.104454,0.001053,0.000969,-0.001013,7.071864978,125.61286789600001,99.9794
DVAO,2024.3231,60428,2312,0.624726,0.103178,0.001013,0.00092,-0.08516,7.0718649664,125.61286791680001,99.97941
DVAO,2024.3258,60429,2312,0.620657,0.103289,0.000975,0.000909,-0.061668,7.0718649674,125.61286788000001,99.97672
DVAO,2024.3285,60430,2312,0.623569,0.105814,0.001107,0.000949,-0.007633,7.0718649903,125.61286790630001,99.97692
DVAO,2024.3313,60431,2312,0.624268,0.105595,0.000946,0.000899,-0.025137,7.0718649883,125.6128679126,99.97311
DVAO,2024.334,60432,2312,0.621844,0.110185,0.000997,0.000931,-0.015416,7.0718650298,125.61286789069999,99.98162
DVAO,2024.3368,60433,2312,0.623812,0.106966,0.000971,0.0009,-0.059326,7.0718650007,125.6128679085,99.96492
DVAO,2024.3395,60434,2312,0.621701,0.107659,0.000981,0.000837,-0.008119,7.071865007,125.61286788940001,99.97557
DVAO,2024.3422,60435,2313,0.624325,0.108498,0.000896,0.000848,-0.030632,7.0718650145,125.6128679132,99.98598
DVAO,2024.345,60436,2313,0.621109,0.109748,0.000932,0.000856,-0.011837,7.0718650258,125.61286788410001,99.97808
DVAO,2024.3477,60437,2313,0.622055,0.107696,0.000953,0.000816,-0.020061,7.0718650073,125.61286789260001,99.97605
DVAO,2024.3504,60438,2313,0.621781,0.106574,0.000865,0.000824,-0.029813,7.0718649971,125.6128678901,99.97044
DVAO,2024.3532,60439,2313,0.623065,0.104959,0.001068,0.000994,0.041402,7.0718649825,125.6128679018,99.96792
DVAO,2024.3559,60440,2313,0.622074,0.104341,0.00105,0.000926,0.078504,7.071864977,125.61286789280001,99.97613
DVAO,2024.3587,60441,2313,0.621519,0.106856,0.001085,0.001035,-0.036235,7.0718649997,125.61286788780001,99.98099
DVAO,2024.3614,60442,2314,0.621017,0.10822,0.000861,0.000792,0.016792,7.071865012,125.61286788320001,99.9799
DVAO,2024.3641,60443,2314,0.621247,0.10536,0.000915,0.000804,0.05159,7.0718649862,125.6128678853,99.96567
DVAO,2024.3669,60444,2314,0.621092,0.105866,0.000986,0.000896,-0.000151,7.0718649907,125.61286788390001,99.96222
DVAO,2024.3696,60445,2314,0.622487,0.10729,0.000894,0.000822,0.035797,7.0718650036,125.6128678965,99.97594
DVAO,2024.3723,60446,2314,0.620881,0.107752,0.0009,0.000801,-0.009512,7.0718650078,125.61286788199999,99.968
DVAO,2024.3751,60447,2314,0.621188,0.106597,0.001078,0.000973,-0.00834,7.0718649974,125.61286788480001,99.98
DVAO,2024.3778,60448,2314,0.61945,0.108831,0.000882,0.000782,0.033972,7.0718650176,125.61286786900001,99.9722
DVAO,2024.3806,60449,2315,0.617528,0.10686,0.000917,0.000836,0.038317,7.0718649997,125.61286785159999,99.97622
DVAO,2024.3833,60450,2315,0.617389,0.110166,0.000995,0.000905,-0.00086,7.0718650296,125.6128678504,99.98694
DVAO,2024.386,60451,2315,0.621009,0.101007,0.000986,0.000904,0.021504,7.0718649468,125.6128678831,99.97174
DVAO,2024.3888,60452,2315,0.619182,0.107679,0.001059,0.000986,-0.014778,7.0718650071,125.6128678666,99.9703
DVAO,2024.3915,60453,2315,0.618028,0.111144,0.001039,0.000928,-0.00052,7.0718650385,125.61286785620001,99.96857
DVAO,2024.3943,60454,2315,0.619899,0.107055,0.00086,0.000802,-0.007438,7.0718650015,125.61286787309999,99.97715
DVAO,2024.397,60455,2315,0.620198,0.108857,0.000942,0.000852,-0.007688,7.0718650178,125.61286787579999,99.97709
DVAO,2024.3997,60456,2316,0.620307,0.104264,0.000954,0.000876,-0.004819,7.0718649763,125.61286787680001,99.9653
DVAO,2024.4025,60457,2316,0.619518,0.109417,0.000913,0.00081,0.011273,7.0718650229,125.61286786970001,99.97411
DVAO,2024.4052,60458,2316,0.618291,0.107965,0.00088,0.000828,-0.056193,7.0718650097,125.61286785850001,99.96648
DVAO,2024.4079,60459,2316,0.625175,0.106282,0.000946,0.000817,0.015313,7.0718649945,125.61286792089999,99.97663
DVAO,2024.4107,60460,2316,0.619076,0.107306,0.000844,0.000787,0.002828,7.0718650038,125.61286786560001,99.96843
DVAO,2024.4134,60461,2316,0.618005,0.107072,0.000919,0.000822,-0.065676,7.0718650016,125.61286785600001,99.97348
DVAO,2024.4162,60462,2316,0.618296,0.10831,0.00092,0.000874,0.033666,7.0718650128,125.6128678586,99.97144
DVAO,2024.4189,60463,2317,0.619879,0.108252,0.000942,0.000828,-0.005974,7.0718650123,125.61286787290001,99.9756
DVAO,2024.4216,60464,2317,0.615041,0.109665,0.000867,0.000838,0.011129,7.0718650251,125.6128678291,99.95574
DVAO,2024.4244,60465,2317,0.620487,0.108288,0.000887,0.000805,0.007948,7.0718650126,125.61286787840001,99.97788
DVAO,2024.4271,60466,2317,0.61894,0.108979,0.00092,0.000881,-0.047939,7.0718650189,125.61286786439999,99.96096
DVAO,2024.4298,60467,2317,0.619248,0.110111,0.000891,0.000836,-0.044125,7.0718650291,125.61286786720001,99.97316
DVAO,2024.4326,60468,2317,0.619801,0.109122,0.000882,0.000847,-0.018363,7.0718650202,125.61286787220001,99.95366
DVAO,2024.4353,60469,2317,0.620719,0.109583,0.00099,0.000881,-0.059206,7.0718650244,125.6128678805,99.96233
DVAO,2024.4381,60470,2318,0.622864,0.110401,0.000935,0.000846,-0.024539,7.0718650318,125.61286789990001,99.97233
DVAO,2024.4408,60471,2318,0.619119,0.108606,0.000869,0.000829,-0.041632,7.0718650155,125.61286786599999,99.97422
DVAO,2024.4435,60472,2318,0.619159,0.108863,0.000896,0.000817,0.013149,7.0718650178,125.6128678664,99.95708
DVAO,2024.4463,60473,2318,0.619804,0.110578,0.000955,0.00083,0.023195,7.0718650333,125.61286787220001,99.96641
DVAO,2024.449,60474,2318,0.619779,0.109912,0.000962,0.000863,0.059247,7.0718650273,125.61286787200001,99.97277
DVAO,2024.4517,60475,2318,0.618921,0.109313,0.000864,0.000821,-0.016024,7.0718650219,125.61286786420001,99.97023
DVAO,2024.4545,60476,2318,0.616496,0.109177,0.000973,0.000968,-0.018311,7.0718650207,125.6128678423,99.96445
DVAO,2024.4572,60477,2319,0.619305,0.109954,0.000925,0.000862,-0.053507,7.0718650277,125.6128678677,99.97472
DVAO,2024.46,60478,2319,0.618335,0.108475,0.000859,0.000803,-0.014715,7.0718650143,125.61286785889999,99.97035
DVAO,2024.4627,60479,2319,0.617628,0.109413,0.001001,0.000906,0.048739,7.0718650228,125.61286785249999,99.97504
DVAO,2024.4654,60480,2319,0.617441,0.11133,0.000821,0.000826,-0.03087,7.0718650402,125.61286785089999,99.96669
DVAO,2024.4682,60481,2319,0.617757,0.11033,0.000872,0.000834,0.020589,7.0718650311,125.61286785370001,99.96909
DVAO,2024.4709,60482,2319,0.620086,0.108531,0.000976,0.000874,0.056768,7.0718650148,125.6128678748,99.9573
DVAO,2024.4736,60483,2319,0.618859,0.11046,0.000945,0.000887,0.002933,7.0718650323,125.61286786369999,99.96871
DVAO,2024.4764,60484,2320,0.620503,0.111118,0.000886,0.000815,0.003787,7.0718650382,125.61286787860001,99.96626
DVAO,2024.4791,60485,2320,0.618013,0.109901,0.000887,0.000823,-0.029219,7.0718650272,125.61286785600001,99.97386
DVAO,2024.4819,60486,2320,0.619923,0.109185,0.000913,0.000852,0.006348,7.0718650208,125.61286787329999,99.96756
DVAO,2024.4846,60487,2320,0.616727,0.109913,0.000855,0.000773,0.037243,7.0718650273,125.6128678444,99.96841
DVAO,2024.4873,60488,2320,0.618675,0.109943,0.000908,0.000878,-0.049894,7.0718650276,125.612867862,99.95987
DVAO,2024.4901,60489,2320,0.61805,0.111467,0.001008,0.001068,0.030834,7.0718650414,125.61286785639999,99.97432
DVAO,2024.4928,60490,2320,0.619607,0.110909,0.000938,0.000927,-0.011645,7.0718650363,125.6128678705,99.97625
DVAO,2024.4956,60491,2321,0.617279,0.112287,0.000908,0.000845,-0.028176,7.0718650488,125.6128678494,99.97264
DVAO,2024.4983,60492,2321,0.618148,0.112121,0.000913,0.000833,0.026747,7.0718650473,125.61286785729999,99.96189
DVAO,2024.501,60493,2321,0.619677,0.110612,0.000969,0.000863,-0.034222,7.0718650337,125.61286787110001,99.96151
DVAO,2024.5038,60494,2321,0.618126,0.111009,0.001011,0.000966,-0.009954,7.0718650372,125.61286785710001,99.96657
DVAO,2024.5065,60495,2321,0.616674,0.112693,0.000976,0.000893,-0.00528,7.0718650525,125.6128678439,99.96603
DVAO,2024.5092,60496,2321,0.61717,0.110412,0.000957,0.000864,-0.019416,7.0718650318,125.61286784839999,99.96929
DVAO,2024.512,60497,2321,0.618069,0.112616,0.000928,0.000838,-0.079086,7.0718650518,125.6128678565,99.96954
DVAO,2024.5147,60498,2322,0.617042,0.110999,0.000891,0.000838,-0.002984,7.0718650372,125.6128678472,99.95883
DVAO,2024.5175,60499,2322,0.61865,0.110644,0.000845,0.000806,-0.009388,7.0718650339,125.6128678618,99.96782
DVAO,2024.5202,60500,2322,0.618466,0.111113,0.000955,0.000862,0.01003,7.0718650382,125.61286786010001,99.96689
DVAO,2024.5229,60501,2322,0.617514,0.112931,0.000896,0.000787,-0.011324,7.0718650546,125.6128678515,99.96502
DVAO,2024.5257,60502,2322,0.615036,0.112759,0.001005,0.000937,0.02603,7.0718650531,125.6128678291,99.96456
DVAO,2024.5284,60503,2322,0.616436,0.110908,0.000873,0.000829,-0.024131,7.0718650363,125.61286784180001,99.96767
DVAO,2024.5311,60504,2322,0.614939,0.111008,0.000949,0.000855,-0.044079,7.0718650372,125.6128678282,99.96283
DVAO,2024.5339,60505,2323,0.615295,0.110892,0.001001,0.000901,0.024031,7.0718650362,125.6128678314,99.96507
DVAO,2024.5366,60506,2323,0.615829,0.110884,0.000872,0.000782,-0.007849,7.0718650361,125.61286783630001,99.96667
DVAO,2024.5394,60507,2323,0.614727,0.108367,0.000908,0.000813,-0.014402,7.0718650134,125.6128678263,99.97053
DVAO,2024.5421,60508,2323,0.616012,0.110869,0.000954,0.000929,-0.008737,7.071865036,125.61286783790001,99.96732
DVAO,2024.5448,60509,2323,0.614585,0.114713,0.00096,0.000863,-0.046105,7.0718650707,125.612867825,99.97749
DVAO,2024.5476,60510,2323,0.61445,0.110816,0.000845,0.000807,-0.031069,7.0718650355,125.6128678238,99.96827
DVAO,2024.5503,60511,2323,0.617349,0.110428,0.000914,0.00081,-0.054338,7.071865032,125.61286784999999,99.97023
DVAO,2024.553,60512,2324,0.616197,0.110285,0.001087,0.000996,-0.063427,7.0718650307,125.6128678396,99.96935
DVAO,2024.5558,60513,2324,0.615412,0.109822,0.001016,0.000932,-0.041014,7.0718650265,125.6128678325,99.96743
DVAO,2024.5585,60514,2324,0.615985,0.111905,0.001126,0.001016,0.001521,7.0718650453,125.61286783770001,99.96418
DVAO,2024.5613,60515,2324,0.616548,0.110664,0.000927,0.000839,-0.018679,7.0718650341,125.6128678428,99.96505
DVAO,2024.564,60516,2324,0.617088,0.109672,0.000883,0.000798,0.025777,7.0718650252,125.61286784769999,99.96474
DVAO,2024.5667,60517,2324,0.617256,0.109505,0.000906,0.000787,-0.03117,7.0718650236,125.6128678492,99.96668
DVAO,2024.5695,60518,2324,0.616511,0.110406,0.000922,0.000798,-0.019986,7.0718650318,125.6128678424,99.96476
DVAO,2024.5722,60519,2325,0.615074,0.11155,0.00101,0.00096,-0.01941,7.0718650421,125.61286782939999,99.96733
DVAO,2024.5749,60520,2325,0.614205,0.109905,0.001044,0.000942,0.070473,7.0718650273,125.61286782159999,99.95671
DVAO,2024.5777,60521,2325,0.616326,0.109443,0.000945,0.00084,-0.0216,7.0718650231,125.61286784079999,99.9659
DVAO,2024.5804,60522,2325,0.615564,0.110307,0.000951,0.000895,-0.012077,7.0718650309,125.6128678339,99.95891
DVAO,2024.5832,60523,2325,0.615501,0.111443,0.00095,0.000856,0.014252,7.0718650412,125.61286783329999,99.95931
DVAO,2024.5859,60524,2325,0.613621,0.111404,0.000994,0.000896,-0.037036,7.0718650408,125.6128678163,99.9695
DVAO,2024.5886,60525,2325,0.616153,0.110183,0.000961,0.000891,0.030856,7.0718650298,125.61286783919999,99.96408
DVAO,2024.5914,60526,2326,0.6182,0.111238,0.001053,0.000981,0.061715,7.0718650393,125.6128678577,99.97269
DVAO,2024.5941,60527,2326,0.617763,0.110586,0.001094,0.000972,-0.055853,7.0718650334,125.6128678538,99.97637
DVAO,2024.5969,60528,2326,0.618315,0.109642,0.001128,0.001029,0.024642,7.0718650249,125.6128678588,99.95541
DVAO,2024.5996,60529,2326,0.616871,0.113217,0.001048,0.000876,0.013649,7.0718650572,125.61286784570001,99.96396
DVAO,2024.6023,60530,2326,0.618218,0.109696,0.001167,0.00102,0.0195,7.0718650254,125.6128678579,99.95761
DVAO,2024.6051,60531,2326,0.613784,0.110964,0.00101,0.000957,-0.016748,7.0718650368,125.61286781780001,99.97098
DVAO,2024.6078,60532,2326,0.612447,0.110432,0.001089,0.001019,-0.010713,7.071865032,125.61286780559999,99.96586
DVAO,2024.6105,60533,2327,0.613365,0.109978,0.00118,0.001129,-0.067815,7.0718650279,125.612867814,99.95786
DVAO,2024.6133,60534,2327,0.617307,0.111952,0.001159,0.001093,0.024942,7.0718650458,125.61286784960001,99.96951
DVAO,2024.616,60535,2327,0.617765,0.11063,0.001154,0.000992,-0.023346,7.0718650338,125.6128678538,99.96821
DVAO,2024.6188,60536,2327,0.61732,0.1098,0.001023,0.000912,0.027894,7.0718650263,125.61286784980001,99.96531
DVAO,2024.6215,60537,2327,0.616133,0.109864,0.001122,0.000973,-0.071397,7.0718650269,125.61286783899999,99.96502
DVAO,2024.6242,60538,2327,0.618422,0.110374,0.000963,0.000844,0.003415,7.0718650315,125.6128678597,99.95931
DVAO,2024.627,60539,2327,0.616398,0.108619,0.001121,0.000953,-0.111211,7.0718650156,125.6128678414,99.97838
DVAO,2024.6297,60540,2328,0.617292,0.109399,0.001112,0.000945,0.050443,7.0718650227,125.61286784949999,99.96904
DVAO,2024.6324,60541,2328,0.616367,0.11055,0.001188,0.001048,-0.041454,7.0718650331,125.61286784110001,99.96754
DVAO,2024.6352,60542,2328,0.618812,0.109771,0.000952,0.000841,-0.03608,7.0718650261,125.61286786330001,99.96633
DVAO,2024.6379,60543,2328,0.616956,0.110804,0.000927,0.000823,0.039401,7.0718650354,125.6128678465,99.96555
DVAO,2024.6407,60544,2328,0.61604,0.110237,0.000927,0.000811,0.000524,7.0718650303,125.6128678382,99.96233
DVAO,2024.6434,60545,2328,0.618088,0.113091,0.001095,0.000925,-0.059104,7.0718650561,125.6128678567,99.96057
DVAO,2024.6461,60546,2328,0.616282,0.111806,0.000992,0.00085,-0.085325,7.0718650445,125.61286784040001,99.96641
DVAO,2024.6489,60547,2329,0.617087,0.110183,0.000948,0.000838,0.014637,7.0718650298,125.6128678476,99.96876
DVAO,2024.6516,60548,2329,0.615853,0.110187,0.001083,0.001007,-0.023635,7.0718650298,125.61286783649999,99.97144
DVAO,2024.6543,60549,2329,0.616319,0.110787,0.000984,0.000857,-0.015673,7.0718650352,125.6128678407,99.97757
DVAO,2024.6571,60550,2329,0.61748,0.110281,0.000922,0.000796,0.011954,7.0718650307,125.61286785120001,99.96155
DVAO,2024.6598,60551,2329,0.616993,0.109099,0.001129,0.000947,-0.005324,7.07186502,125.61286784679999,99.96848
DVAO,2024.6626,60552,2329,0.616926,0.107842,0.000918,0.000799,-0.005569,7.0718650086,125.6128678462,99.9687
DVAO,2024.6653,60553,2329,0.615337,0.110068,0.000897,0.000792,-0.003865,7.0718650287,125.6128678318,99.97091
DVAO,2024.668,60554,2330,0.617508,0.110352,0.001047,0.00094,-0.078013,7.0718650313,125.6128678515,99.97086
DVAO,2024.6708,60555,2330,0.616037,0.109904,0.00105,0.000986,0.070032,7.0718650273,125.61286783809999,99.96722
DVAO,2024.6735,60556,2330,0.615512,0.108964,0.001058,0.000921,-0.02788,7.0718650188,125.6128678334,99.96266
DVAO,2024.6762,60557,2330,0.618912,0.108608,0.001166,0.000978,-0.052251,7.0718650155,125.61286786420001,99.96725
DVAO,2024.679,60558,2330,0.616535,0.110395,0.001199,0.00099,0.007,7.0718650317,125.61286784270001,99.9694
DVAO,2024.6817,60559,2330,0.618038,0.110653,0.00105,0.000884,-0.002443,7.071865034,125.6128678563,99.96999
DVAO,2024.6845,60560,2330,0.614448,0.111348,0.001108,0.001034,-0.05933,7.0718650403,125.6128678238,99.97232
DVAO,2024.6872,60561,2331,0.617213,0.110066,0.001179,0.001056,-0.04439,7.0718650287,125.6128678488,99.98144
DVAO,2024.6899,60562,2331,0.614565,0.10923,0.001198,0.001103,-0.021833,7.0718650212,125.61286782479999,99.96932
DVAO,2024.6927,60563,2331,0.615555,0.109905,0.001145,0.001002,-0.059932,7.0718650273,125.61286783380001,99.96714
DVAO,2024.6954,60564,2331,0.618327,0.112142,0.001099,0.001043,-0.017044,7.0718650475,125.61286785889999,99.97394
DVAO,2024.6982,60565,2331,0.616763,0.111763,0.00093,0.000837,0.011922,7.0718650441,125.61286784469999,99.96959
DVAO,2024.7009,60566,2331,0.617367,0.110729,0.000931,0.000876,0.011098,7.0718650347,125.61286785019999,99.97334
DVAO,2024.7036,60567,2331,0.613842,0.108357,0.000978,0.001012,0.020083,7.0718650133,125.6128678183,99.96334
DVAO,2024.7064,60568,2332,0.613596,0.11102,0.00098,0.000858,0.003872,7.0718650373,125.612867816,99.98051
DVAO,2024.7091,60569,2332,0.615852,0.110163,0.000944,0.00089,-0.006885,7.0718650296,125.61286783649999,99.97029
PBIS,2016.9555,57737,1927,-0.932251,0.438343,0.00092,0.000827,0.021216,8.1891720379,126.3538810592,80.35041
PBIS,2016.9582,57738,1927,-0.929361,0.438204,0.000789,0.000685,0.009859,8.1891720366,126.3538810855,80.34835
PBIS,2016.961,57739,1927,-0.92991,0.436356,0.000812,0.000715,0.041878,8.1891720199,126.3538810805,80.33911
PBIS,2016.9637,57740,1928,-0.92841,0.437239,0.000846,0.000773,0.017474,8.1891720279,126.35388109409999,80.34415
PBIS,2016.9665,57741,1928,-0.929736,0.435016,0.000823,0.00076,0.011739,8.1891720078,126.3538810821,80.35721
PBIS,2016.9692,57742,1928,-0.930488,0.437396,0.000869,0.000747,0.031956,8.1891720293,126.35388107520001,80.34936
PBIS,2016.9719,57743,1928,-0.927565,0.439195,0.000822,0.000715,0.032873,8.1891720456,126.3538811018,80.35029
PBIS,2017.3799,57892,1949,-0.948122,0.444807,0.000819,0.00077,0.062321,8.1891720963,126.3538809152,80.35152
PBIS,2017.3826,57893,1949,-0.947067,0.444101,0.000793,0.000733,0.014246,8.1891720899,126.3538809248,80.34828
PBIS,2017.3854,57894,1950,-0.947453,0.444775,0.000814,0.000728,0.021855,8.189172096,126.3538809213,80.35422
PBIS,2017.3881,57895,1950,-0.948922,0.446292,0.000751,0.000675,0.029588,8.1891721097,126.35388090789999,80.35095
PBIS,2017.3908,57896,1950,-0.947937,0.444723,0.000777,0.000694,0.016965,8.1891720956,126.35388091690001,80.35127
PBIS,2017.3936,57897,1950,-0.947627,0.442066,0.000783,0.000681,0.023853,8.1891720715,126.3538809197,80.34995
PBIS,2017.3963,57898,1950,-0.947755,0.442375,0.000774,0.000678,0.009384,8.1891720743,126.35388091850001,80.34503
PBIS,2017.399,57899,1950,-0.946328,0.442367,0.000772,0.000692,0.017071,8.1891720742,126.35388093149999,80.34939
PBIS,2017.4018,57900,1950,-0.94964,0.446442,0.000773,0.000705,0.007197,8.1891721111,126.3538809014,80.35214
PBIS,2017.4045,57901,1951,-0.945876,0.444718,0.000815,0.000735,0.035295,8.1891720955,126.35388093559999,80.34417
PBIS,2017.4073,57902,1951,-0.946575,0.445719,0.000835,0.000788,0.033367,8.1891721046,126.35388092919999,80.35571
PBIS,2017.41,57903,1951,-0.947443,0.445534,0.000786,0.000703,0.022826,8.1891721029,126.35388092139999,80.35757
PBIS,2017.4127,57904,1951,-0.94914,0.445305,0.000755,0.000684,0.036034,8.1891721008,126.353880906,80.35305
PBIS,2017.4155,57905,1951,-0.949437,0.444681,0.00077,0.000692,0.020187,8.1891720952,126.3538809033,80.3488
PBIS,2017.4182,57906,1951,-0.948124,0.445986,0.000809,0.000706,-0.03849,8.189172107,126.3538809152,80.34924
PBIS,2017.4209,57907,1951,-0.945979,0.445834,0.000798,0.000717,0.031642,8.1891721056,126.3538809346,80.34897
PBIS,2017.4237,57908,1952,-0.949164,0.445619,0.000792,0.00071,-0.008344,8.1891721037,126.35388090570001,80.34948
PBIS,2017.4264,57909,1952,-0.94939,0.446417,0.000782,0.000712,0.027375,8.1891721109,126.3538809037,80.35514
PBIS,2017.4292,57910,1952,-0.948926,0.446106,0.000776,0.000684,0.022386,8.1891721081,126.35388090789999,80.36018
PBIS,2017.4319,57911,1952,-0.950212,0.447918,0.000757,0.000699,0.033027,8.1891721244,126.3538808962,80.35617
PBIS,2017.4346,57912,1952,-0.948848,0.447276,0.000762,0.000692,0.035377,8.1891721186,126.35388090859999,80.3621
PBIS,2017.4374,57913,1952,-0.949346,0.445529,0.000753,0.00067,0.015802,8.1891721028,126.35388090410001,80.35636
PBIS,2017.4401,57914,1952,-0.949348,0.447506,0.000755,0.000686,-0.010713,8.1891721207,126.35388090410001,80.35451
PBIS,2017.7112,58013,1967,-0.958836,0.454133,0.000806,0.0007,0.046037,8.1891721806,126.353880818,80.34877
PBIS,2017.7139,58014,1967,-0.957437,0.452911,0.000768,0.000694,-0.001694,8.1891721696,126.3538808307,80.34997
PBIS,2017.7166,58015,1967,-0.958454,0.451828,0.00081,0.000696,-0.032385,8.1891721598,126.3538808214,80.34988
PBIS,2017.7194,58016,1967,-0.957631,0.453733,0.000818,0.000724,0.017844,8.189172177,126.3538808289,80.3505
PBIS,2017.7221,58017,1967,-0.957868,0.454005,0.000767,0.000667,0.044818,8.1891721795,126.35388082669999,80.34706
PBIS,2017.7248,58018,1967,-0.959147,0.453554,0.000792,0.000704,0.023226,8.1891721754,126.35388081510001,80.34109
PBIS,2017.7276,58019,1967,-0.958076,0.453732,0.000796,0.000706,-0.003361,8.189172177,126.35388082489999,80.34293
PBIS,2018.7077,58377,2019,-0.989456,0.470975,0.000765,0.000689,0.013249,8.1891723329,126.3538805401,80.34308
PBIS,2018.7132,58379,2019,-0.992135,0.46947,0.000788,0.000691,-0.027698,8.1891723193,126.3538805158,80.34123
PBIS,2018.7159,58380,2019,-0.991443,0.471078,0.000803,0.000707,0.00334,8.1891723338,126.353880522,80.34262
PBIS,2018.7187,58381,2019,-0.991595,0.47063,0.00078,0.000692,0.027115,8.1891723298,126.3538805206,80.34536
PBIS,2018.7214,58382,2019,-0.989713,0.473306,0.000783,0.000697,0.006441,8.189172354,126.35388053770001,80.34969
PBIS,2018.7242,58383,2019,-0.992211,0.471896,0.000815,0.000682,-0.007828,8.1891723412,126.3538805151,80.34256
PBIS,2019.7043,58741,2071,-1.017237,0.491273,0.000789,0.000679,0.031932,8.1891725164,126.35388028790001,80.34316
PBIS,2019.707,58742,2071,-1.018338,0.491047,0.000813,0.000696,-0.02707,8.1891725144,126.3538802779,80.34922
PBIS,2019.7098,58743,2071,-1.017313,0.492492,0.000767,0.000678,-0.003392,8.1891725275,126.35388028720001,80.34332
PBIS,2019.7125,58744,2071,-1.01868,0.492163,0.000791,0.000707,0.001991,8.1891725245,126.35388027479999,80.34224
PBIS,2019.7153,58745,2071,-1.01926,0.492637,0.000762,0.000668,-0.001507,8.1891725288,126.35388026960001,80.34157
PBIS,2019.718,58746,2071,-1.018648,0.49094,0.000845,0.000734,0.009674,8.1891725134,126.35388027510001,80.3418
PBIS,2019.7207,58747,2071,-1.01882,0.492526,0.000895,0.000832,-0.038159,8.1891725278,126.3538802736,80.34271
PBIS,2022.694,59833,2227,-1.109858,0.543413,0.00086,0.000758,-0.046006,8.1891729879,126.35387944729999,80.3236
PBIS,2022.6968,59834,2227,-1.112455,0.546534,0.000847,0.000741,-0.016408,8.1891730161,126.35387942380001,80.3318
PBIS,2022.6995,59835,2227,-1.111691,0.545024,0.00097,0.000859,-0.015712,8.1891730025,126.3538794307,80.33224
PBIS,2022.7023,59836,2227,-1.109621,0.546378,0.001022,0.000877,0.065616,8.1891730147,126.3538794495,80.32741
PBIS,2022.705,59837,2227,-1.110728,0.542748,0.001056,0.000945,0.006221,8.1891729819,126.3538794394,80.31889
PBIS,2022.7077,59838,2227,-1.110084,0.544834,0.000915,0.000784,-0.062732,8.1891730007,126.35387944530001,80.32833
PBIS,2022.7105,59839,2227,-1.108245,0.542475,0.000886,0.000762,-0.009692,8.1891729794,126.35387946200001,80.33417
PBIS,2023.6906,60197,2279,-1.139976,0.563844,0.000852,0.000759,-0.020794,8.1891731726,126.35387917400001,80.32361
PBIS,2023.6934,60198,2279,-1.143283,0.562873,0.001036,0.000851,-0.00907,8.1891731638,126.35387914399999,80.32451
PBIS,2023.6961,60199,2279,-1.138641,0.562475,0.001009,0.000903,-0.048278,8.1891731602,126.35387918609999,80.33838
PBIS,2023.6988,60200,2279,-1.139862,0.564351,0.000877,0.000783,-0.036531,8.1891731772,126.353879175,80.31534
PBIS,2023.7016,60201,2279,-1.140269,0.563555,0.000894,0.000788,-0.004761,8.18917317,126.35387917130001,80.32784
PBIS,2023.7043,60202,2279,-1.139285,0.560808,0.000925,0.000815,0.01909,8.1891731452,126.3538791803,80.31865
PBIS,2023.707,60203,2279,-1.144275,0.567078,0.000994,0.000881,0.065058,8.1891732019,126.353879135,80.31783
PBIS,2024.6872,60561,2331,-0.902421,0.564404,0.001054,0.000881,-0.026955,8.1891731777,126.3538813298,80.34433
PBIS,2024.6899,60562,2331,-0.901747,0.564434,0.001085,0.000908,0.030043,8.189173178,126.35388133590001,80.34705
PBIS,2024.6927,60563,2331,-0.902056,0.564605,0.00101,0.000858,-0.040987,8.1891731795,126.35388133309999,80.3448
PBIS,2024.6954,60564,2331,-0.903291,0.56353,0.001005,0.000829,-0.007072,8.1891731698,126.35388132189999,80.33864
PBIS,2024.6982,60565,2331,-0.902139,0.562788,0.000835,0.000745,-0.008297,8.1891731631,126.3538813324,80.34045
PBIS,2024.7009,60566,2331,-0.902224,0.5641,0.000814,0.000743,0.001932,8.1891731749,126.35388133160001,80.33971
PBIS,2024.7036,60567,2331,-0.902624,0.5636,0.000924,0.000882,0.003282,8.1891731704,126.353881328,80.33801
PCOT,2016.6461,57624,1911,0.67031,0.939353,0.001625,0.001639,-0.004224,7.1996039649,124.24703289159999,86.16103
PCOT,2016.7146,57649,1915,0.668969,0.936598,0.000887,0.00075,-0.032574,7.1996039399,124.24703287950001,86.17216
PCOT,2016.7173,57650,1915,0.669457,0.936319,0.000869,0.00074,-0.014771,7.1996039374,124.2470328839,86.17634
PCOT,2016.7201,57651,1915,0.670786,0.936539,0.000882,0.000747,-0.058217,7.1996039394,124.24703289589999,86.17924
PCOT,2016.7228,57652,1915,0.668836,0.937894,0.000909,0.000777,0.026537,7.1996039517,124.24703287829999,86.17415
PCOT,2016.7255,57653,1915,0.669617,0.938553,0.000923,0.000765,-0.023485,7.1996039576,124.24703288539999,86.17454
PCOT,2016.7283,57654,1915,0.671701,0.93751,0.000918,0.000786,-0.038763,7.1996039482,124.24703290420001,86.17365
PCOT,2016.731,57655,1915,0.670971,0.939385,0.000918,0.000819,-0.092069,7.1996039651,124.24703289760001,86.17416
PCOT,2016.9555,57737,1927,0.672136,0.933841,0.000869,0.000742,-0.007221,7.199603915,124.2470329082,86.16645
PCOT,2016.9582,57738,1927,0.670986,0.935104,0.000877,0.00075,-0.033333,7.1996039264,124.24703289780001,86.16377
PCOT,2016.961,57739,1927,0.671594,0.934047,0.000865,0.000729,-0.000706,7.1996039169,124.24703290330001,86.16162
PCOT,2016.9637,57740,1928,0.671197,0.934178,0.000871,0.00075,0.004424,7.1996039181,124.2470328997,86.1676
PCOT,2017.1307,57801,1936,0.669673,0.930934,0.000845,0.000725,0.031521,7.1996038887,124.24703288590001,86.16796
PCOT,2017.1335,57802,1936,0.669186,0.928859,0.000874,0.000755,0.010342,7.19960387,124.2470328814,86.16569
PCOT,2017.1362,57803,1937,0.668089,0.931752,0.000886,0.00075,0.010387,7.1996038961,124.24703287150001,86.17037
PCOT,2017.1389,57804,1937,0.668019,0.931818,0.000844,0.000729,-0.028692,7.1996038967,124.2470328709,86.16714
PCOT,2017.1417,57805,1937,0.667582,0.930371,0.00098,0.000833,0.022406,7.1996038836,124.24703286690001,86.15956
PCOT,2017.1444,57806,1937,0.669152,0.931656,0.000885,0.00075,-0.00057,7.1996038953,124.24703288110001,86.16888
PCOT,2017.1472,57807,1937,0.668337,0.931041,0.000924,0.000798,-0.021059,7.1996038897,124.24703287380001,86.16667
PCOT,2017.1499,57808,1937,0.669884,0.931264,0.000902,0.000769,0.042352,7.1996038917,124.2470328878,86.16995
PCOT,2017.1526,57809,1937,0.669959,0.929294,0.000925,0.000794,0.037289,7.1996038739,124.24703288840001,86.16607
PCOT,2017.1554,57810,1938,0.669363,0.929114,0.000886,0.00078,0.042206,7.1996038723,124.24703288309999,86.17078
PCOT,2017.1581,57811,1938,0.666892,0.929944,0.0009,0.000766,0.015546,7.1996038798,124.24703286069999,86.17051
PCOT,2017.1608,57812,1938,0.667849,0.931253,0.000962,0.000812,0.067917,7.1996038916,124.2470328693,86.1673
PCOT,2017.1636,57813,1938,0.670409,0.929848,0.000988,0.000822,-0.000324,7.1996038789,124.24703289249999,86.16927
PCOT,2017.1663,57814,1938,0.665649,0.930635,0.000936,0.00079,-0.040253,7.199603886,124.2470328494,86.16866
PCOT,2017.1691,57815,1938,0.668364,0.929447,0.00085,0.000721,-0.025725,7.1996038753,124.24703287400001,86.17635
PCOT,2017.1718,57816,1938,0.664644,0.929109,0.000849,0.000736,0.001856,7.1996038722,124.2470328403,86.17423
PCOT,2017.1745,57817,1939,0.666928,0.92942,0.000936,0.000799,0.001906,7.199603875,124.24703286100001,86.17391
PCOT,2017.1773,57818,1939,0.667976,0.929994,0.000913,0.000769,-0.02471,7.1996038802,124.2470328705,86.17207
PCOT,2017.18,57819,1939,0.664419,0.929173,0.000872,0.000759,-0.014315,7.1996038728,124.24703283829999,86.16961
PCOT,2017.1828,57820,1939,0.666806,0.931291,0.00094,0.000779,-0.005537,7.199603892,124.2470328599,86.17734
PCOT,2017.1855,57821,1939,0.668697,0.928622,0.000871,0.000742,-0.018146,7.1996038678,124.24703287700001,86.16625
PCOT,2017.1882,57822,1939,0.666054,0.930629,0.000866,0.000738,0.010442,7.199603886,124.2470328531,86.16857
PCOT,2017.191,57823,1939,0.668804,0.930251,0.000873,0.00075,0.027486,7.1996038826,124.247032878,86.16823
PCOT,2017.1937,57824,1940,0.666446,0.929997,0.000886,0.000751,-0.019909,7.1996038803,124.24703285659999,86.16587
PCOT,2017.1964,57825,1940,0.666176,0.928732,0.000899,0.000762,0.024996,7.1996038688,124.2470328542,86.16919
PCOT,2017.1992,57826,1940,0.669419,0.928556,0.000908,0.000769,0.028438,7.1996038672,124.24703288360001,86.16143
PCOT,2017.2019,57827,1940,0.665694,0.930269,0.002372,0.002112,0.151529,7.1996038827,124.24703284980001,86.17225
PCOT,2017.2047,57828,1940,0.666289,0.929447,0.000916,0.000773,0.032508,7.1996038753,124.24703285519999,86.17316
PCOT,2017.2074,57829,1940,0.664536,0.928682,0.000989,0.000806,0.050296,7.1996038684,124.2470328393,86.17286
PCOT,2017.2101,57830,1940,0.666283,0.928931,0.000912,0.000771,-0.005066,7.1996038706,124.24703285519999,86.16865
PCOT,2017.2129,57831,1941,0.665733,0.929122,0.00087,0.000752,-0.011812,7.1996038723,124.24703285019999,86.1661
PCOT,2017.2156,57832,1941,0.665873,0.928253,0.000887,0.000765,-0.018698,7.1996038645,124.2470328515,86.16522
PCOT,2017.2183,57833,1941,0.666381,0.930109,0.000948,0.000809,0.011335,7.1996038813,124.24703285609999,86.16702
PCOT,2017.2211,57834,1941,0.665342,0.926347,0.000928,0.000793,-0.005322,7.1996038472,124.2470328466,86.17237
PCOT,2017.2238,57835,1941,0.666521,0.928727,0.000902,0.000765,0.006395,7.1996038688,124.24703285730001,86.17703
PCOT,2017.2266,57836,1941,0.666179,0.928576,0.000943,0.000786,-0.020902,7.1996038674,124.2470328542,86.17422
PCOT,2017.2293,57837,1941,0.664854,0.929514,0.000996,0.000812,-0.019526,7.1996038759,124.24703284220001,86.17136
PCOT,2017.232,57838,1942,0.663805,0.927274,0.000907,0.000791,-0.015218,7.1996038556,124.2470328327,86.17344
PCOT,2017.2348,57839,1942,0.665483,0.928477,0.000952,0.000782,-0.051524,7.1996038665,124.24703284789999,86.16979
PCOT,2017.2375,57840,1942,0.666521,0.927235,0.00094,0.00078,-0.040121,7.1996038553,124.24703285730001,86.16948
PCOT,2017.2402,57841,1942,0.665007,0.931031,0.000905,0.00076,-0.000533,7.1996038896,124.24703284360001,86.17773
PCOT,2017.243,57842,1942,0.663803,0.928441,0.000904,0.000758,-0.040339,7.1996038662,124.2470328327,86.17095
PCOT,2017.2457,57843,1942,0.665781,0.928203,0.000886,0.000758,-0.027862,7.199603864,124.2470328506,86.16894
PCOT,2017.2485,57844,1942,0.664588,0.928409,0.000878,0.000748,-0.030288,7.1996038659,124.2470328398,86.16534
PCOT,2017.2512,57845,1943,0.662359,0.928024,0.000891,0.00075,-0.033121,7.1996038624,124.24703281960001,86.17276
PCOT,2017.2594,57848,1943,0.664704,0.930193,0.000897,0.000752,-0.011403,7.199603882,124.2470328409,86.17126
PCOT,2017.2621,57849,1943,0.665954,0.927878,0.000918,0.000775,-0.018748,7.1996038611,124.2470328522,86.1781
PCOT,2017.2649,57850,1943,0.663293,0.926529,0.000927,0.000772,0.00865,7.1996038489,124.2470328281,86.17016
PCOT,2017.2676,57851,1943,0.664489,0.926348,0.000906,0.000742,-0.010278,7.1996038473,124.2470328389,86.17078
PCOT,2017.2704,57852,1944,0.663632,0.928871,0.000948,0.000778,-0.039683,7.1996038701,124.24703283119999,86.17505
PCOT,2017.2731,57853,1944,0.66534,0.928316,0.000884,0.000745,0.00693,7.1996038651,124.2470328466,86.171
PCOT,2017.2758,57854,1944,0.664269,0.928038,0.000854,0.000738,-0.003435,7.1996038625,124.24703283689999,86.17019
PCOT,2017.2786,57855,1944,0.664236,0.928341,0.000914,0.000753,-0.016565,7.1996038653,124.2470328366,86.16894
PCOT,2017.2813,57856,1944,0.665615,0.927162,0.000872,0.000732,-0.01288,7.1996038546,124.24703284910001,86.16796
PCOT,2017.2841,57857,1944,0.663088,0.927112,0.000911,0.000773,0.002004,7.1996038542,124.24703282620001,86.17573
PCOT,2017.2868,57858,1944,0.664506,0.928003,0.000893,0.000776,0.008821,7.1996038622,124.2470328391,86.17076
PCOT,2017.2895,57859,1945,0.664125,0.927966,0.000898,0.000755,-0.030942,7.1996038619,124.24703283560001,86.17261
PCOT,2017.2923,57860,1945,0.665601,0.927451,0.000891,0.00075,-0.027389,7.1996038572,124.24703284899999,86.17375
PCOT,2017.295,57861,1945,0.666386,0.926091,0.000907,0.000776,-0.002788,7.1996038449,124.24703285609999,86.16721
PCOT,2017.2977,57862,1945,0.66482,0.923187,0.00095,0.000797,-0.016903,7.1996038187,124.2470328419,86.16743
PCOT,2017.3005,57863,1945,0.662535,0.92631,0.000914,0.000767,-0.035053,7.1996038469,124.24703282120001,86.17839
PCOT,2017.4182,57906,1951,0.661646,0.927583,0.000938,0.000798,-0.053004,7.1996038584,124.24703281320001,86.16212
PCOT,2017.4209,57907,1951,0.663686,0.929632,0.000923,0.000779,0.010829,7.199603877,124.24703283170001,86.16996
PCOT,2017.4237,57908,1952,0.661353,0.929292,0.000916,0.000769,0.032579,7.1996038739,124.2470328105,86.17022
PCOT,2017.4264,57909,1952,0.661378,0.931216,0.000942,0.000787,-0.018564,7.1996038913,124.2470328108,86.16749
PCOT,2017.4292,57910,1952,0.663959,0.931039,0.000913,0.000767,0.011195,7.1996038897,124.2470328341,86.17383
PCOT,2017.4319,57911,1952,0.663346,0.929262,0.000873,0.000732,0.011456,7.1996038736,124.2470328286,86.1677
PCOT,2017.4346,57912,1952,0.660713,0.928275,0.000909,0.000747,0.001904,7.1996038647,124.24703280470001,86.16478
PCOT,2017.4374,57913,1952,0.663782,0.929002,0.000903,0.000755,-0.005752,7.1996038713,124.2470328325,86.16913
PCOT,2017.4401,57914,1952,0.66066,0.929596,0.000886,0.000744,-0.036455,7.1996038766,124.2470328043,86.17275
PCOT,2017.7112,58013,1967,0.65762,0.928587,0.000941,0.000792,0.024752,7.1996038675,124.2470327767,86.15992
PCOT,2017.7139,58014,1967,0.657691,0.92968,0.000947,0.000806,0.013235,7.1996038774,124.2470327774,86.16058
PCOT,2017.7166,58015,1967,0.660178,0.928036,0.000965,0.000814,0.052696,7.1996038625,124.24703279990001,86.16372
PCOT,2017.7194,58016,1967,0.658548,0.927591,0.000998,0.000829,0.040635,7.1996038585,124.2470327851,86.16558
PCOT,2017.7221,58017,1967,0.659284,0.927728,0.000934,0.000756,-0.000756,7.1996038597,124.2470327918,86.16577
PCOT,2017.7248,58018,1967,0.658977,0.928849,0.000951,0.000786,-0.020942,7.1996038699,124.247032789,86.16379
PCOT,2017.7276,58019,1967,0.657977,0.927525,0.000938,0.00078,0.025625,7.1996038579,124.24703278000001,86.16605
PCOT,2018.7077,58377,2019,0.648191,0.916097,0.001011,0.000821,0.022276,7.1996037546,124.2470326914,86.16995
PCOT,2019.7043,58741,2071,0.638073,0.909376,0.000954,0.000784,0.002698,7.1996036938,124.24703259969999,86.17062
PCOT,2019.707,58742,2071,0.640085,0.909075,0.000946,0.000787,0.024475,7.1996036911,124.2470326179,86.17012
PCOT,2019.7098,58743,2071,0.639808,0.909674,0.000978,0.000809,0.021229,7.1996036965,124.2470326154,86.16938
PCOT,2019.7125,58744,2071,0.638286,0.909925,0.00097,0.000827,0.018362,7.1996036988,124.2470326017,86.1719
PCOT,2019.7153,58745,2071,0.637403,0.90775,0.000956,0.000811,0.019899,7.1996036791,124.2470325937,86.16937
PCOT,2019.718,58746,2071,0.637262,0.908366,0.001007,0.000836,0.021207,7.1996036847,124.24703259239999,86.16739
PCOT,2019.7207,58747,2071,0.636323,0.907845,0.001001,0.000825,-0.000957,7.1996036799,124.2470325839,86.16858
PCOT,2021.6975,59469,2175,0.635867,0.890915,0.001084,0.001004,0.043868,7.1996035269,124.2470325797,86.17812
PCOT,2021.7002,59470,2175,0.635364,0.890464,0.001038,0.000916,-0.004133,7.1996035228,124.2470325752,86.17059
PCOT,2021.7029,59471,2175,0.636528,0.890225,0.000985,0.000887,0.002732,7.1996035206,124.2470325857,86.17246
PCOT,2021.7057,59472,2175,0.636018,0.88935,0.001128,0.000954,0.057139,7.1996035127,124.2470325811,86.18046
PCOT,2021.7084,59473,2175,0.637398,0.888801,0.001121,0.000982,-0.009835,7.1996035077,124.24703259360001,86.16663
PCOT,2021.7112,59474,2175,0.634515,0.888381,0.001098,0.000953,-0.004919,7.1996035039,124.24703256750001,86.17713
PCOT,2021.7139,59475,2175,0.634651,0.887763,0.001046,0.0009,0.031881,7.1996034984,124.2470325687,86.17095
PCOT,2022.694,59833,2227,0.627215,0.879235,0.001156,0.000994,0.023502,7.1996034212,124.24703250140001,86.16678
PCOT,2022.6968,59834,2227,0.628742,0.88112,0.001113,0.000985,-0.003791,7.1996034383,124.2470325152,86.17525
PCOT,2022.6995,59835,2227,0.626415,0.882098,0.001217,0.001148,-0.005126,7.1996034471,124.2470324942,86.16685
PCOT,2022.7023,59836,2227,0.629139,0.879161,0.00127,0.00112,-0.005858,7.1996034206,124.24703251880001,86.1743
PCOT,2022.705,59837,2227,0.628831,0.880203,0.001402,0.001235,-0.041809,7.19960343,124.24703251599999,86.19173
PCOT,2022.7077,59838,2227,0.629796,0.879549,0.001172,0.000988,-0.03497,7.1996034241,124.2470325248,86.17277
PCOT,2022.7105,59839,2227,0.628091,0.880797,0.001144,0.001005,-0.013219,7.1996034354,124.2470325093,86.17341
PCOT,2023.6906,60197,2279,0.618173,0.874768,0.001324,0.001094,0.02871,7.1996033809,124.24703241949999,86.1776
PCOT,2023.6934,60198,2279,0.619852,0.871323,0.001355,0.001168,0.004136,7.1996033497,124.2470324347,86.18423
PCOT,2023.6961,60199,2279,0.618369,0.869858,0.001487,0.001246,0.000385,7.1996033365,124.24703242129999,86.17326
PCOT,2023.6988,60200,2279,0.617299,0.875727,0.001311,0.001157,0.05717,7.1996033895,124.2470324116,86.17434
PCOT,2023.7016,60201,2279,0.619762,0.871758,0.001297,0.001117,0.000493,7.1996033536,124.24703243389999,86.18576
PCOT,2023.7043,60202,2279,0.618175,0.872676,0.001371,0.001138,-0.083137,7.1996033619,124.24703241949999,86.17989
PCOT,2023.707,60203,2279,0.618328,0.872584,0.001366,0.00117,-0.025083,7.1996033611,124.24703242090001,86.1806
PCOT,2024.6872,60561,2331,0.6295,0.867224,0.001606,0.001315,-0.025894,7.1996033126,124.2470325221,86.17406
PCOT,2024.6899,60562,2331,0.626646,0.867438,0.001564,0.001264,0.0063,7.1996033146,124.2470324962,86.1755
PCOT,2024.6927,60563,2331,0.625556,0.865688,0.001552,0.001286,-0.089146,7.1996032988,124.2470324864,86.18283
PCOT,2024.6954,60564,2331,0.626886,0.867465,0.001573,0.001277,-0.068125,7.1996033148,124.24703249839999,86.17932
PCOT,2024.6982,60565,2331,0.626073,0.865058,0.001243,0.001059,0.025463,7.1996032931,124.247032491,86.18358
PCOT,2024.7009,60566,2331,0.624976,0.866042,0.001249,0.001114,-0.091451,7.199603302,124.2470324811,86.18414
PCOT,2024.7036,60567,2331,0.626642,0.868827,0.001495,0.001276,-0.03664,7.1996033271,124.2470324962,86.17993
PDAV,2015.0007,57023,1825,0.71268,0.153154,0.000863,0.000742,-0.071104,7.1264899994,125.6434047331,98.86645
PDAV,2015.0034,57024,1825,0.714783,0.154397,0.00087,0.000742,-0.037248,7.1264900106,125.6434047521,98.87116
PDAV,2015.0062,57025,1825,0.713054,0.153567,0.000889,0.000763,-0.024873,7.1264900031,125.6434047365,98.87228
PDAV,2015.0089,57026,1826,0.712522,0.152827,0.000896,0.000754,-0.037284,7.1264899964,125.64340473159999,98.87772
PDAV,2015.0116,57027,1826,0.712511,0.15213,0.000837,0.000731,-0.059246,7.1264899901,125.6434047315,98.88397
PDAV,2015.0144,57028,1826,0.711727,0.152912,0.000887,0.000765,0.009316,7.1264899972,125.6434047244,98.87608
PDAV,2015.0171,57029,1826,0.711277,0.152142,0.000919,0.000772,-0.030344,7.1264899903,125.64340472040001,98.88186
PDAV,2015.0198,57030,1826,0.71184,0.153641,0.000834,0.000747,-0.021329,7.1264900038,125.6434047255,98.87275
PDAV,2015.0226,57031,1826,0.710833,0.152305,0.000923,0.000841,0.011359,7.1264899917,125.64340471630001,98.86906
PDAV,2015.0253,57032,1826,0.712839,0.150984,0.000872,0.000736,-0.019285,7.1264899798,125.6434047345,98.86495
PDAV,2015.0281,57033,1827,0.711352,0.151002,0.000833,0.000729,-0.040553,7.1264899799,125.643404721,98.87246
PDAV,2015.0308,57034,1827,0.711029,0.152753,0.000838,0.000718,-0.072276,7.1264899958,125.64340471809999,98.87361
PDAV,2015.0335,57035,1827,0.710628,0.151872,0.00084,0.000725,-0.068241,7.1264899878,125.64340471450001,98.87222
PDAV,2015.0363,57036,1827,0.710592,0.153151,0.000824,0.000715,-0.034252,7.1264899994,125.64340471419999,98.87072
PDAV,2015.039,57037,1827,0.709182,0.152276,0.000944,0.00081,-0.075635,7.1264899915,125.64340470139999,98.86775
PDAV,2015.0418,57038,1827,0.709504,0.15183,0.000875,0.000749,-0.057175,7.1264899874,125.6434047043,98.87171
PDAV,2015.0445,57039,1827,0.708928,0.153093,0.000805,0.000714,-0.077434,7.1264899988,125.64340469909999,98.87471
PDAV,2015.0472,57040,1828,0.709206,0.150868,0.000853,0.00074,-0.067332,7.1264899787,125.64340470159999,98.87413
PDAV,2015.05,57041,1828,0.710605,0.150646,0.000862,0.000757,-0.049389,7.1264899767,125.6434047143,98.87039
PDAV,2015.0527,57042,1828,0.709665,0.151337,0.000831,0.000727,-0.00528,7.126489983,125.64340470580001,98.87633
PDAV,2015.0554,57043,1828,0.71106,0.149138,0.000933,0.000834,-0.062484,7.1264899631,125.6434047184,98.86991
PDAV,2015.0582,57044,1828,0.708443,0.153706,0.000899,0.000773,-0.057336,7.1264900044,125.6434046947,98.8663
PDAV,2015.0609,57045,1828,0.711306,0.149589,0.000935,0.000762,-0.095191,7.1264899672,125.64340472059999,98.87604
PDAV,2015.0637,57046,1828,0.708742,0.151676,0.000936,0.000782,-0.021908,7.126489986,125.6434046974,98.86713
PDAV,2015.0664,57047,1829,0.709156,0.150701,0.00089,0.000751,-0.021832,7.1264899772,125.64340470120001,98.87789
PDAV,2015.0691,57048,1829,0.707141,0.153275,0.00087,0.000758,-0.093301,7.1264900005,125.64340468290001,98.88927
PDAV,2015.0719,57049,1829,0.708363,0.151074,0.000867,0.000754,-0.083738,7.1264899806,125.643404694,98.87401
PDAV,2015.0746,57050,1829,0.710621,0.151068,0.000839,0.000718,-0.087226,7.1264899805,125.64340471439999,98.86827
PDAV,2015.0773,57051,1829,0.706576,0.150613,0.000856,0.000764,-0.026591,7.1264899764,125.64340467779999,98.87796
PDAV,2015.0801,57052,1829,0.708414,0.151812,0.000987,0.000823,-0.00738,7.1264899873,125.6434046944,98.86414
PDAV,2015.0828,57053,1829,0.707236,0.148284,0.000872,0.000719,-0.041375,7.1264899554,125.64340468379999,98.86593
PDAV,2015.0856,57054,1830,0.707962,0.149895,0.00088,0.000774,-0.041659,7.1264899699,125.6434046903,98.86836
PDAV,2015.0883,57055,1830,0.707223,0.153535,0.000915,0.000771,-0.01759,7.1264900028,125.6434046837,98.86399
PDAV,2015.091,57056,1830,0.70903,0.150317,0.000864,0.00075,-0.03169,7.1264899737,125.64340469999999,98.86515
PDAV,2015.0938,57057,1830,0.709032,0.149955,0.000848,0.000743,-0.0322,7.1264899705,125.64340469999999,98.87458
PDAV,2015.0965,57058,1830,0.710187,0.150529,0.000875,0.000747,-0.003278,7.1264899757,125.6434047105,98.87329
PDAV,2015.102,57060,1830,0.706852,0.152371,0.000868,0.000753,0.005134,7.1264899923,125.6434046803,98.87283
PDAV,2015.1047,57061,1831,0.709843,0.151169,0.000858,0.000743,-0.005514,7.1264899815,125.64340470740001,98.86805
PDAV,2015.1075,57062,1831,0.710421,0.149298,0.000878,0.000769,-0.036117,7.1264899645,125.64340471259999,98.87076
PDAV,2015.1129,57064,1831,0.707364,0.149131,0.000962,0.000833,-0.048063,7.126489963,125.64340468489999,98.86417
PDAV,2015.1157,57065,1831,0.710807,0.148637,0.000909,0.000778,-0.025717,7.1264899586,125.64340471610001,98.86691
PDAV,2015.1184,57066,1831,0.706037,0.150666,0.000972,0.00079,-0.024545,7.1264899769,125.6434046729,98.87807
PDAV,2015.1211,57067,1831,0.707442,0.150936,0.001102,0.000918,-0.009755,7.1264899793,125.64340468559999,98.87129
PDAV,2015.1239,57068,1832,0.707957,0.149074,0.000907,0.000754,-0.030715,7.1264899625,125.6434046903,98.86896
PDAV,2015.1266,57069,1832,0.709584,0.150271,0.001015,0.000853,-0.023303,7.1264899733,125.643404705,98.88145
PDAV,2015.1294,57070,1832,0.708104,0.151249,0.000919,0.000779,0.011104,7.1264899822,125.64340469160001,98.8716
PDAV,2015.1321,57071,1832,0.708793,0.150368,0.00093,0.000801,-0.041031,7.1264899742,125.6434046979,98.8694
PDAV,2015.1348,57072,1832,0.710384,0.151127,0.001064,0.000892,0.007525,7.1264899811,125.6434047123,98.86685
PDAV,2015.1376,57073,1832,0.709247,0.151446,0.000954,0.00081,0.069821,7.126489984,125.643404702,98.87344
PDAV,2015.1403,57074,1832,0.70895,0.150758,0.000882,0.000738,-0.002658,7.1264899777,125.64340469929999,98.87639
PDAV,2015.1431,57075,1833,0.707701,0.150696,0.000905,0.000763,0.00466,7.1264899772,125.643404688,98.86708
PDAV,2015.1458,57076,1833,0.70787,0.150607,0.000873,0.000769,0.000203,7.1264899764,125.64340468949999,98.86253
PDAV,2015.1485,57077,1833,0.709995,0.1506,0.000862,0.000764,0.059929,7.1264899763,125.6434047088,98.86206
PDAV,2015.1513,57078,1833,0.707195,0.150508,0.000933,0.000795,0.025935,7.1264899755,125.64340468340001,98.86667
PDAV,2015.154,57079,1833,0.709867,0.150683,0.000944,0.000782,0.04558,7.1264899771,125.64340470760001,98.86684
PDAV,2015.1567,57080,1833,0.707171,0.151828,0.001002,0.000834,-0.02183,7.1264899874,125.6434046832,98.86762
PDAV,2015.1595,57081,1833,0.707535,0.151874,0.000979,0.000829,0.002664,7.1264899878,125.64340468649999,98.86894
PDAV,2015.1622,57082,1834,0.708394,0.151361,0.000929,0.000791,-0.000617,7.1264899832,125.64340469429999,98.867
PDAV,2015.165,57083,1834,0.706508,0.152107,0.000908,0.000802,-0.055466,7.1264899899,125.64340467720001,98.87366
PDAV,2015.1677,57084,1834,0.707622,0.150186,0.000972,0.000819,-0.02504,7.1264899726,125.6434046873,98.87092
PDAV,2015.1704,57085,1834,0.707129,0.149689,0.00096,0.00084,-0.053925,7.1264899681,125.6434046828,98.87188
PDAV,2015.1732,57086,1834,0.706163,0.150328,0.000982,0.000817,-0.029805,7.1264899738,125.6434046741,98.87023
PDAV,2015.1759,57087,1834,0.705982,0.149895,0.001066,0.000872,0.025938,7.1264899699,125.64340467240001,98.87455
PDAV,2015.1786,57088,1834,0.706058,0.151753,0.000889,0.000769,0.003451,7.1264899867,125.64340467310001,98.86213
PDAV,2015.1814,57089,1835,0.706104,0.151399,0.000882,0.000779,0.071348,7.1264899835,125.64340467349999,98.873
PDAV,2015.1841,57090,1835,0.706121,0.150354,0.000907,0.000776,0.017028,7.1264899741,125.64340467369999,98.86777
PDAV,2015.1869,57091,1835,0.702648,0.149787,0.000925,0.000785,-0.0187,7.126489969,125.64340464220001,98.8778
PDAV,2015.1896,57092,1835,0.707182,0.149157,0.000955,0.000833,-0.01576,7.1264899633,125.64340468329999,98.87118
PDAV,2015.1923,57093,1835,0.705563,0.150461,0.000994,0.000845,0.032226,7.126489975,125.6434046686,98.86014
PDAV,2015.1951,57094,1835,0.706034,0.150649,0.000967,0.000832,0.007067,7.1264899767,125.6434046729,98.87325
PDAV,2015.1978,57095,1835,0.70801,0.150475,0.001,0.000869,-0.008925,7.1264899752,125.6434046908,98.87287
PDAV,2015.2005,57096,1836,0.706195,0.151055,0.000906,0.000788,0.029716,7.1264899804,125.64340467439999,98.87094
PDAV,2015.2033,57097,1836,0.703836,0.151471,0.00094,0.000849,0.064681,7.1264899842,125.643404653,98.87329
PDAV,2015.206,57098,1836,0.705069,0.153321,0.000885,0.000815,0.053335,7.1264900009,125.6434046642,98.87455
PDAV,2015.2088,57099,1836,0.703126,0.152497,0.000859,0.000744,-0.035767,7.1264899935,125.6434046466,98.86558
PDAV,2015.2115,57100,1836,0.703935,0.1518,0.000916,0.000774,0.038778,7.1264899872,125.6434046539,98.87245
PDAV,2015.2142,57101,1836,0.704689,0.149058,0.000889,0.000738,-0.034669,7.1264899624,125.64340466070001,98.87198
PDAV,2015.217,57102,1836,0.70456,0.152375,0.000947,0.000793,-0.010255,7.1264899924,125.64340465960001,98.87259
PDAV,2015.2197,57103,1837,0.705541,0.149638,0.000884,0.000766,-0.007535,7.1264899676,125.6434046684,98.86867
PDAV,2015.2225,57104,1837,0.705042,0.149665,0.000921,0.000759,-0.010732,7.1264899678999996,125.64340466389999,98.86923
PDAV,2015.2252,57105,1837,0.704942,0.147586,0.000981,0.000835,-0.026973,7.1264899491,125.64340466300001,98.86837
PDAV,2015.2279,57106,1837,0.703438,0.146998,0.000917,0.000792,-0.013939,7.1264899437,125.6434046494,98.86996
PDAV,2015.2307,57107,1837,0.703273,0.148939,0.000975,0.000861,-0.046119,7.1264899613,125.64340464790001,98.88633
PDAV,2015.2334,57108,1837,0.704431,0.147654,0.00091,0.000783,-0.015871,7.1264899497,125.64340465839999,98.87532
PDAV,2015.2361,57109,1837,0.705773,0.148437,0.000976,0.000828,0.002727,7.1264899567,125.64340467049999,98.87317
PDAV,2015.2389,57110,1838,0.701748,0.149305,0.00095,0.000787,-0.041651,7.1264899646,125.6434046341,98.87853
PDAV,2015.2416,57111,1838,0.704087,0.150264,0.00101,0.000842,-0.02164,7.1264899733,125.6434046553,98.88111
PDAV,2015.2444,57112,1838,0.705469,0.150601,0.001015,0.000855,0.03106,7.1264899763,125.64340466780001,98.87708
PDAV,2015.2471,57113,1838,0.704225,0.150836,0.001047,0.000898,0.055275,7.1264899784,125.6434046565,98.86764
PDAV,2015.2498,57114,1838,0.703029,0.148793,0.001057,0.000917,0.030552,7.12648996,125.6434046457,98.87391
PDAV,2015.2526,57115,1838,0.705758,0.148894,0.001035,0.000881,0.034222,7.1264899609,125.6434046704,98.86425
PDAV,2015.2553,57116,1838,0.703339,0.150803,0.001016,0.000852,0.022773,7.1264899781,125.6434046485,98.87668
PDAV,2015.258,57117,1839,0.702542,0.151564,0.001063,0.000888,-0.006295,7.126489985,125.64340464130001,98.8843
PDAV,2015.2608,57118,1839,0.702668,0.151199,0.001028,0.000901,0.018377,7.1264899817,125.64340464239999,98.88604
PDAV,2015.2635,57119,1839,0.701497,0.15125,0.001071,0.000897,0.016923,7.1264899822,125.6434046318,98.88255
PDAV,2015.2663,57120,1839,0.70473,0.149587,0.001061,0.000901,-0.055423,7.1264899671,125.64340466109999,98.8806
PDAV,2015.269,57121,1839,0.701581,0.149129,0.000921,0.000802,-0.034519,7.126489963,125.64340463260001,98.87224
PDAV,2015.2717,57122,1839,0.705469,0.149475,0.000886,0.000801,-0.0206,7.1264899661,125.64340466780001,98.87508
PDAV,2015.2745,57123,1839,0.700726,0.147433,0.00091,0.000792,-0.038321,7.1264899477,125.64340462480001,98.8725
PDAV,2015.2772,57124,1840,0.70044,0.149937,0.001,0.000845,-0.018295,7.1264899703,125.64340462230001,98.86686
PDAV,2015.2799,57125,1840,0.701131,0.14913,0.000915,0.000799,0.042887,7.126489963,125.64340462850001,98.87526
PDAV,2015.2827,57126,1840,0.701748,0.15011,0.001019,0.000843,-0.01499,7.1264899719,125.6434046341,98.87359
PDAV,2015.2854,57127,1840,0.699514,0.151317,0.000982,0.000839,0.018639,7.1264899828,125.6434046139,98.87021
PDAV,2015.2882,57128,1840,0.703119,0.149157,0.000929,0.000805,-0.030705,7.1264899633,125.64340464649999,98.88771
PDAV,2015.2909,57129,1840,0.698973,0.150722,0.00088,0.000772,-0.04153,7.1264899774,125.64340460899999,98.87117
PDAV,2015.2936,57130,1840,0.700783,0.150821,0.000923,0.000789,-0.035251,7.1264899783,125.6434046254,98.88347
PDAV,2015.2964,57131,1841,0.701833,0.147562,0.000854,0.00076,-0.057239,7.1264899488,125.64340463490001,98.87888
PDAV,2015.2991,57132,1841,0.700273,0.151086,0.001081,0.000861,-0.03421,7.1264899807,125.64340462070001,98.87322
PDAV,2015.3018,57133,1841,0.701159,0.151271,0.000967,0.000867,-0.056895,7.1264899824,125.6434046288,98.88506
PDAV,2015.3046,57134,1841,0.700286,0.151576,0.000946,0.000839,-0.059827,7.1264899851,125.64340462089999,98.88412
PDAV,2015.3073,57135,1841,0.701706,0.151301,0.000903,0.000798,-0.01313,7.1264899826,125.64340463369999,98.87138
PDAV,2015.3101,57136,1841,0.702714,0.14851,0.00094,0.000796,-0.013932,7.1264899574,125.6434046428,98.87493
PDAV,2015.3128,57137,1841,0.69972,0.151331,0.001046,0.000918,0.038225,7.1264899829,125.6434046157,98.88065
PDAV,2015.3155,57138,1842,0.699785,0.150154,0.001024,0.000855,-0.004895,7.1264899723,125.64340461629999,98.87585
PDAV,2015.3183,57139,1842,0.703296,0.152586,0.000927,0.000841,0.012883,7.1264899943,125.64340464809999,98.87342
PDAV,2015.321,57140,1842,0.704261,0.155784,0.000921,0.000782,-0.068084,7.1264900232,125.64340465679999,98.88134
PDAV,2015.3238,57141,1842,0.698763,0.151942,0.000843,0.000754,-0.042587,7.1264899884,125.6434046071,98.8626
PDAV,2015.3265,57142,1842,0.699493,0.147974,0.000862,0.000762,-0.036832,7.1264899526,125.6434046137,98.87144
PDAV,2015.3292,57143,1842,0.702264,0.150266,0.000922,0.000792,-0.062718,7.1264899733,125.6434046388,98.87469
PDAV,2015.332,57144,1842,0.702418,0.152095,0.000897,0.000801,-0.022907,7.1264899898,125.6434046402,98.86997
PDAV,2015.3347,57145,1843,0.699514,0.150944,0.000861,0.000811,0.031999,7.1264899794,125.6434046139,98.88528
PDAV,2015.3374,57146,1843,0.698419,0.154488,0.000963,0.000838,0.005346,7.1264900115,125.64340460400001,98.88682
PDAV,2015.3402,57147,1843,0.700454,0.152517,0.000977,0.000821,-0.068366,7.1264899936,125.6434046224,98.87052
PDAV,2015.3429,57148,1843,0.698938,0.151142,0.000801,0.000734,-0.028024,7.1264899812,125.6434046087,98.88722
PDAV,2015.3457,57149,1843,0.700713,0.150629,0.001047,0.000869,-0.018611,7.1264899766,125.6434046247,98.87267
PDAV,2015.3484,57150,1843,0.696802,0.15279,0.001012,0.00091,-0.015545,7.1264899961,125.64340458929999,98.88343
PDAV,2015.3511,57151,1843,0.698443,0.150931,0.001001,0.000851,-0.003829,7.1264899793,125.64340460419999,98.88925
PDAV,2015.3539,57152,1844,0.70029,0.151937,0.000907,0.00079,-0.001629,7.1264899884,125.64340462089999,98.87718
PDAV,2015.3566,57153,1844,0.699808,0.151474,0.000806,0.000744,0.015342,7.1264899842,125.64340461649999,98.87713
PDAV,2015.3593,57154,1844,0.698284,0.151044,0.000856,0.000775,-0.039985,7.1264899803,125.6434046027,98.87717
PDAV,2015.3621,57155,1844,0.701939,0.153809,0.000884,0.00078,-0.064096,7.1264900053,125.64340463580001,98.883
PDAV,2015.3648,57156,1844,0.699555,0.154685,0.000891,0.000769,-0.003381,7.1264900132,125.6434046142,98.86779
PDAV,2015.3676,57157,1844,0.700724,0.151775,0.000898,0.000768,-0.040145,7.1264899869,125.64340462480001,98.87755
PDAV,2015.3703,57158,1844,0.695493,0.15253,0.000903,0.000782,-0.01799,7.1264899938,125.64340457750001,98.88932
PDAV,2015.373,57159,1845,0.701112,0.152504,0.000918,0.000836,0.017672,7.1264899935,125.6434046283,98.87628
PDAV,2015.3758,57160,1845,0.69626,0.151162,0.000924,0.000793,-0.015213,7.1264899814,125.6434045844,98.87432
PDAV,2015.3785,57161,1845,0.704756,0.152438,0.000867,0.000765,-0.004247,7.1264899929,125.6434046613,98.8825
PDAV,2015.3812,57162,1845,0.700893,0.151124,0.000895,0.000789,-0.063755,7.126489981,125.64340462640001,98.86307
PDAV,2015.384,57163,1845,0.698877,0.151946,0.000858,0.000765,-0.017971,7.1264899885,125.64340460810001,98.87581
PDAV,2015.3867,57164,1845,0.699233,0.151221,0.000857,0.000755,-0.014916,7.1264899819,125.64340461130001,98.86805
PDAV,2015.3895,57165,1845,0.696349,0.150828,0.000847,0.000749,-0.015396,7.1264899784,125.64340458519999,98.86659
PDAV,2015.3922,57166,1846,0.697714,0.149661,0.000961,0.000794,0.00679,7.1264899678,125.64340459760001,98.86848
PDAV,2015.3949,57167,1846,0.697049,0.151405,0.000873,0.000773,0.012779,7.1264899836,125.64340459159999,98.87591
PDAV,2015.3977,57168,1846,0.697302,0.150114,0.000885,0.000782,-0.044525,7.1264899719,125.64340459389999,98.8737
PDAV,2015.4004,57169,1846,0.701661,0.148687,0.00118,0.000957,0.029157,7.126489959,125.64340463330001,98.88324
PDAV,2015.4031,57170,1846,0.697383,0.155113,0.001023,0.000882,-0.010598,7.1264900171,125.64340459460001,98.87234
PDAV,2015.4059,57171,1846,0.697764,0.15021,0.00087,0.000736,0.024235,7.1264899728,125.64340459799999,98.86614
PDAV,2015.4086,57172,1846,0.697349,0.154052,0.000885,0.000751,-0.018539,7.1264900075,125.6434045943,98.87829
PDAV,2015.4114,57173,1847,0.693397,0.153352,0.00087,0.000747,-0.010421,7.1264900012,125.64340455850001,98.87517
PDAV,2015.4141,57174,1847,0.697595,0.15289,0.000884,0.000755,-0.019432,7.126489997,125.6434045965,98.88534
PDAV,2015.6797,57271,1861,0.691275,0.153531,0.000831,0.000737,0.002881,7.1264900028,125.64340453930001,98.86556
PDAV,2015.6824,57272,1861,0.690718,0.154267,0.000839,0.000771,0.042824,7.1264900095,125.6434045343,98.87557
PDAV,2015.6851,57273,1861,0.690241,0.154308,0.000837,0.000749,0.013061,7.1264900098,125.64340452990001,98.86814
PDAV,2015.6879,57274,1861,0.688611,0.154894,0.000827,0.000745,0.009643,7.1264900151,125.64340451519999,98.86272
PDAV,2015.6906,57275,1861,0.691278,0.153702,0.000808,0.000735,-0.021437,7.1264900044,125.64340453930001,98.86525
PDAV,2015.6934,57276,1861,0.690573,0.154081,0.000827,0.000749,0.029344,7.1264900078,125.6434045329,98.86943
PDAV,2015.6961,57277,1861,0.689402,0.153766,0.000838,0.000738,0.017756,7.1264900049,125.64340452229999,98.86563
PDAV,2016.7146,57649,1915,0.661014,0.154441,0.00086,0.000763,0.060572,7.126490011,125.6434042654,98.86816
PDAV,2016.7173,57650,1915,0.661333,0.153836,0.000824,0.000718,0.074156,7.1264900056,125.64340426819999,98.86045
PDAV,2016.7201,57651,1915,0.66116,0.151513,0.000836,0.000712,0.049249,7.1264899846,125.6434042667,98.86401
PDAV,2016.7228,57652,1915,0.660724,0.15351,0.000821,0.00072,0.07617,7.1264900026,125.64340426269999,98.86035
PDAV,2016.7255,57653,1915,0.660405,0.154152,0.000847,0.00074,0.056979,7.1264900084,125.64340425980001,98.86865
PDAV,2016.7283,57654,1915,0.659924,0.155632,0.000864,0.000761,0.072888,7.1264900218,125.6434042555,98.86097
PDAV,2016.731,57655,1915,0.659325,0.153611,0.000868,0.000751,0.075459,7.1264900035,125.64340425009999,98.86413
PDAV,2017.2402,57841,1942,0.645254,0.149422,0.000835,0.000736,0.05052,7.1264899657,125.64340412269999,98.86085
PDAV,2017.243,57842,1942,0.642711,0.149559,0.000841,0.000728,0.068875,7.1264899669,125.6434040997,98.86218
PDAV,2017.2457,57843,1942,0.643729,0.148386,0.000828,0.000715,0.067566,7.1264899563,125.6434041089,98.86269
PDAV,2017.2485,57844,1942,0.643302,0.151029,0.000805,0.000714,0.056884,7.1264899802,125.643404105,98.86439
PDAV,2017.2512,57845,1943,0.642896,0.149135,0.000813,0.000718,0.027415,7.1264899631,125.6434041013,98.86446
PDAV,2017.2704,57852,1944,0.643109,0.149479,0.000833,0.000715,0.065585,7.1264899662,125.64340410329999,98.86378
PDAV,2017.2731,57853,1944,0.642901,0.148735,0.000821,0.00072,0.069377,7.1264899594,125.6434041014,98.86375
PDAV,2017.2758,57854,1944,0.642896,0.150594,0.000822,0.000725,0.05238,7.1264899763,125.6434041013,98.86864
PDAV,2017.2786,57855,1944,0.643154,0.147858,0.000815,0.000725,0.05421,7.1264899515,125.6434041037,98.86341
PDAV,2017.2813,57856,1944,0.641327,0.147245,0.000841,0.000728,0.037526,7.126489946,125.64340408710001,98.85658
PDAV,2017.2841,57857,1944,0.641881,0.15013,0.00084,0.000721,0.086607,7.1264899721,125.64340409210001,98.86476
PDAV,2017.2868,57858,1944,0.642732,0.148606,0.000804,0.000723,0.079201,7.1264899583,125.6434040998,98.86388
PDAV,2017.2895,57859,1945,0.641221,0.1473,0.000834,0.000716,0.061852,7.1264899465,125.64340408620001,98.86565
PDAV,2017.2923,57860,1945,0.643552,0.149104,0.00084,0.000705,0.037253,7.1264899628,125.6434041073,98.86217
PDAV,2017.295,57861,1945,0.644135,0.149855,0.000889,0.00076,0.04465,7.1264899696,125.64340411250001,98.86207
PDAV,2017.2977,57862,1945,0.640697,0.147903,0.000867,0.000753,0.045405,7.1264899519,125.6434040814,98.86992
PDAV,2017.3005,57863,1945,0.638487,0.147885,0.00086,0.000757,0.061085,7.1264899518,125.64340406139999,98.86429
PDAV,2017.3032,57864,1945,0.641562,0.148307,0.00082,0.000726,0.064893,7.1264899556,125.64340408929999,98.86753
PDAV,2017.306,57865,1945,0.642418,0.149112,0.000919,0.000827,0.187855,7.1264899629,125.643404097,98.87094
PDAV,2017.3087,57866,1946,0.642197,0.14985,0.000871,0.00074,0.009654,7.1264899695,125.643404095,98.86772
PDAV,2017.3114,57867,1946,0.64089,0.151524,0.000925,0.000747,-0.005556,7.1264899847,125.64340408320001,98.85981
PDAV,2017.3142,57868,1946,0.643231,0.15329,0.000899,0.00078,0.020327,7.1264900006,125.64340410439999,98.87079
PDAV,2017.3169,57869,1946,0.640251,0.147946,0.000861,0.000762,0.052265,7.1264899523,125.64340407739999,98.864
PDAV,2017.3196,57870,1946,0.637303,0.150534,0.000874,0.000773,0.084705,7.1264899757,125.64340405070001,98.86241
PDAV,2017.3224,57871,1946,0.641744,0.148363,0.000872,0.000764,0.068811,7.1264899561,125.64340409089999,98.86974
PDAV,2017.3251,57872,1946,0.639728,0.145122,0.000873,0.000754,0.031594,7.1264899268,125.64340407270001,98.8573
PDAV,2017.3279,57873,1947,0.638419,0.146636,0.000832,0.000725,0.047522,7.1264899405,125.64340406080001,98.86365
PDAV,2017.3306,57874,1947,0.638793,0.146868,0.000921,0.000786,0.036433,7.1264899426,125.64340406420001,98.87183
PDAV,2017.3333,57875,1947,0.638437,0.148884,0.000869,0.000735,0.051053,7.1264899608,125.64340406100001,98.86273
PDAV,2017.3361,57876,1947,0.637675,0.151981,0.000893,0.000767,0.092576,7.1264899888,125.64340405409999,98.87418
PDAV,2017.3388,57877,1947,0.638246,0.146942,0.000839,0.000724,0.043504,7.1264899432,125.64340405920001,98.87227
PDAV,2017.3415,57878,1947,0.638576,0.146522,0.0009,0.000758,0.006569,7.1264899394,125.6434040622,98.86973
PDAV,2017.3443,57879,1947,0.638494,0.149014,0.00083,0.00072,0.096333,7.126489962,125.64340406150001,98.87021
PDAV,2017.347,57880,1948,0.63862,0.149294,0.000858,0.000751,0.057492,7.1264899645,125.64340406260001,98.8609
PDAV,2017.3498,57881,1948,0.638149,0.148565,0.000852,0.000748,0.048076,7.1264899579,125.6434040584,98.85926
PDAV,2017.3525,57882,1948,0.63877,0.145476,0.000856,0.000739,0.076768,7.12648993,125.64340406400001,98.87038
PDAV,2017.3552,57883,1948,0.638062,0.147889,0.000836,0.000734,0.087533,7.1264899518,125.64340405760001,98.87015
PDAV,2017.358,57884,1948,0.636872,0.150185,0.000866,0.000735,0.067901,7.1264899726,125.64340404679999,98.86692
PDAV,2017.3607,57885,1948,0.638639,0.148651,0.000849,0.000738,0.059374,7.1264899587,125.64340406279999,98.86524
PDAV,2017.3634,57886,1948,0.637572,0.150843,0.000811,0.000705,0.091241,7.1264899785,125.6434040531,98.86713
PDAV,2017.3662,57887,1949,0.637644,0.148306,0.000818,0.000722,0.079908,7.1264899556,125.6434040538,98.86752
PDAV,2017.3689,57888,1949,0.63632,0.149527,0.000873,0.000749,0.028212,7.1264899666,125.64340404180001,98.86553
PDAV,2017.3717,57889,1949,0.638805,0.148211,0.000831,0.000729,0.079577,7.1264899547,125.6434040643,98.87144
PDAV,2017.3744,57890,1949,0.636795,0.149135,0.000828,0.000739,0.084054,7.1264899631,125.64340404609999,98.86267
PDAV,2017.3771,57891,1949,0.636257,0.150301,0.000873,0.000744,0.074467,7.1264899736,125.6434040412,98.86276
PDAV,2017.3799,57892,1949,0.636172,0.149827,0.000908,0.000801,0.131882,7.1264899693,125.6434040405,98.87106
PDAV,2017.3826,57893,1949,0.635224,0.149549,0.000859,0.00076,0.040614,7.1264899668,125.64340403189999,98.86607
PDAV,2017.3854,57894,1950,0.636255,0.149507,0.000841,0.000759,0.075658,7.1264899664,125.6434040412,98.86042
PDAV,2017.3881,57895,1950,0.639217,0.151516,0.000792,0.000698,0.052188,7.1264899846,125.643404068,98.85953
PDAV,2017.3908,57896,1950,0.636999,0.150415,0.000848,0.000745,0.025479,7.1264899746,125.64340404789999,98.86463
PDAV,2017.3936,57897,1950,0.636944,0.147939,0.000814,0.000714,0.037673,7.1264899522,125.6434040474,98.86153
PDAV,2017.3963,57898,1950,0.637002,0.146364,0.00084,0.000725,0.047304,7.126489938,125.64340404800001,98.86423
PDAV,2017.399,57899,1950,0.635328,0.150328,0.000828,0.00073,0.100623,7.1264899738,125.64340403279999,98.86629
PDAV,2017.4018,57900,1950,0.636124,0.150051,0.000856,0.000727,0.054781,7.1264899713,125.64340404000001,98.86719
PDAV,2017.4045,57901,1951,0.636392,0.148229,0.000815,0.000723,0.074773,7.1264899549,125.64340404250001,98.85329
PDAV,2017.4073,57902,1951,0.636714,0.148231,0.000859,0.000769,0.012006,7.1264899549,125.64340404539999,98.86205
PDAV,2017.41,57903,1951,0.637041,0.149864,0.000878,0.000729,0.031639,7.1264899697,125.6434040483,98.85926
PDAV,2017.4127,57904,1951,0.638783,0.14935,0.000824,0.000705,0.064685,7.126489965,125.6434040641,98.85466
PDAV,2017.4155,57905,1951,0.63779,0.150518,0.000813,0.000713,0.061422,7.1264899756,125.6434040551,98.8615
PDAV,2017.4182,57906,1951,0.63911,0.146751,0.000851,0.000754,0.025726,7.1264899415,125.6434040671,98.86952
PDAV,2017.4209,57907,1951,0.637231,0.15061,0.000856,0.000729,0.043867,7.1264899764,125.64340404999999,98.85156
PDAV,2017.4237,57908,1952,0.637755,0.150902,0.00087,0.000761,0.095713,7.126489979,125.64340405479999,98.85591
PDAV,2017.4264,57909,1952,0.63608,0.150033,0.000851,0.00073,0.057077,7.1264899712,125.6434040396,98.86112
PDAV,2017.4292,57910,1952,0.63789,0.15066,0.000836,0.000702,0.043123,7.1264899769,125.64340405600001,98.86663
PDAV,2017.4319,57911,1952,0.636896,0.150238,0.000813,0.000718,0.030112,7.126489973,125.64340404699999,98.86104
PDAV,2017.4346,57912,1952,0.638514,0.151154,0.000824,0.000728,0.084501,7.1264899813,125.64340406170001,98.86389
PDAV,2017.4374,57913,1952,0.634481,0.148413,0.000826,0.000707,0.02864,7.1264899565,125.6434040252,98.86418
PDAV,2017.4401,57914,1952,0.634278,0.149154,0.000818,0.00072,0.058416,7.1264899632,125.64340402330001,98.86458
PDAV,2017.7112,58013,1967,0.626308,0.150672,0.000815,0.000719,0.06633,7.126489977,125.64340395120001,98.85563
PDAV,2017.7139,58014,1967,0.626973,0.151769,0.00081,0.000706,0.012532,7.1264899869,125.64340395720001,98.8465
PDAV,2017.7166,58015,1967,0.6273,0.150041,0.000802,0.000713,0.093419,7.1264899712,125.64340396009999,98.85541
PDAV,2017.7194,58016,1967,0.627649,0.151091,0.00082,0.000746,0.045897,7.1264899807,125.64340396329999,98.84721
PDAV,2017.7221,58017,1967,0.628394,0.151134,0.000808,0.000694,0.048688,7.1264899811,125.64340397000001,98.85868
PDAV,2017.7248,58018,1967,0.62849,0.151231,0.00084,0.00074,0.036938,7.126489982,125.64340397090001,98.8602
PDAV,2017.7276,58019,1967,0.628161,0.151672,0.000826,0.000725,0.061001,7.126489986,125.64340396790001,98.8536
PDAV,2018.7077,58377,2019,0.603174,0.147676,0.000817,0.000724,0.054272,7.1264899499,125.64340374170001,98.85926
PDAV,2018.7132,58379,2019,0.601876,0.145908,0.000862,0.00074,0.046704,7.1264899339,125.64340372999999,98.86041
PDAV,2018.7159,58380,2019,0.60287,0.147324,0.000859,0.000751,0.035348,7.1264899467,125.64340373900001,98.85655
PDAV,2018.7187,58381,2019,0.600448,0.148437,0.000841,0.00074,0.079662,7.1264899567,125.6434037171,98.85555
PDAV,2018.7214,58382,2019,0.600468,0.147239,0.000869,0.00075,0.065725,7.1264899459,125.64340371719999,98.85594
PDAV,2018.7242,58383,2019,0.600963,0.145341,0.000852,0.000737,0.027614,7.1264899288,125.6434037217,98.85714
PDAV,2020.7009,59105,2123,0.527434,0.146014,0.002359,0.001945,-0.083243,7.1264899348,125.6434030561,98.84945
PDAV,2020.7036,59106,2123,0.526594,0.147331,0.00156,0.001589,-0.020827,7.1264899467,125.6434030485,98.85394
PDAV,2020.7091,59108,2123,0.52656,0.147655,0.001288,0.001194,-0.118511,7.1264899497,125.64340304820001,98.84879
PDAV,2020.7118,59109,2123,0.523063,0.152565,0.001983,0.001917,-0.226935,7.1264899941,125.6434030165,98.82406
PDAV,2020.7146,59110,2123,0.526262,0.144669,0.001352,0.00126,0.120181,7.1264899227,125.64340304550001,98.84954
PDAV,2020.7173,59111,2123,0.525072,0.147083,0.001936,0.001864,-0.052628,7.1264899445,125.64340303469999,98.84039
PDAV,2021.6975,59469,2175,0.50047,0.142191,0.00085,0.000786,0.034646,7.1264899003,125.643402812,98.83866
PDAV,2021.7002,59470,2175,0.502791,0.142722,0.00081,0.000729,0.029569,7.1264899051,125.64340283300001,98.83593
PDAV,2021.7029,59471,2175,0.504097,0.141054,0.0008,0.000724,0.03221,7.12648989,125.6434028448,98.84185
PDAV,2021.7057,59472,2175,0.503014,0.141253,0.000855,0.000761,0.035111,7.1264898918,125.64340283499999,98.8431
PDAV,2021.7084,59473,2175,0.503072,0.141512,0.000824,0.000773,0.015497,7.1264898941,125.64340283550001,98.83526
PDAV,2021.7112,59474,2175,0.501316,0.140157,0.000868,0.000778,0.005882,7.1264898819,125.64340281969999,98.84871
PDDN,2016.7146,57649,1915,-0.768216,0.838192,0.000849,0.000733,0.037854,7.4593768921,125.7832514289,90.46381
PDDN,2016.7173,57650,1915,-0.768696,0.835678,0.000811,0.00069,0.021819,7.4593768693,125.7832514246,90.46469
PDDN,2016.7201,57651,1915,-0.767217,0.836384,0.000818,0.000694,0.022937,7.4593768757,125.78325143800001,90.47483
PDDN,2016.7228,57652,1915,-0.766808,0.839111,0.000824,0.000709,0.000597,7.4593769004,125.7832514417,90.46774
PDDN,2016.7255,57653,1915,-0.768568,0.837402,0.000848,0.000718,-0.000848,7.4593768849,125.78325142579999,90.47123
PDDN,2016.7283,57654,1915,-0.767811,0.837375,0.000896,0.000765,-0.00415,7.4593768847,125.7832514326,90.46845
PDDN,2016.731,57655,1915,-0.768417,0.836948,0.000898,0.000777,-0.032909,7.4593768808,125.7832514271,90.46564
PDDN,2017.7112,58013,1967,-0.799282,0.839397,0.000824,0.000726,0.034308,7.459376903,125.78325114750001,90.62793
PDDN,2017.7139,58014,1967,-0.799829,0.836199,0.000804,0.000718,0.016932,7.4593768741,125.7832511425,90.63066
PDDN,2017.7166,58015,1967,-0.798883,0.836469,0.000818,0.000691,0.034302,7.4593768765,125.78325115109999,90.62904
PDDN,2017.7194,58016,1967,-0.799942,0.834441,0.000846,0.00074,0.002989,7.4593768582,125.78325114149999,90.62694
PDDN,2017.7221,58017,1967,-0.797664,0.837026,0.000784,0.000685,0.036601,7.4593768815,125.7832511622,90.6329
PDDN,2017.7248,58018,1967,-0.798453,0.837526,0.000828,0.000724,0.017534,7.4593768861,125.78325115499999,90.62955
PDDN,2017.7276,58019,1967,-0.798127,0.838507,0.000811,0.000711,0.019573,7.4593768949,125.78325115800001,90.63211
PDDN,2019.7043,58741,2071,-0.847943,0.840276,0.000922,0.00075,0.10306,7.4593769109,125.78325070669999,90.60693
PDDN,2019.707,58742,2071,-0.847606,0.840498,0.000974,0.000757,0.056133,7.4593769129,125.78325070970001,90.60875
PDDN,2019.7098,58743,2071,-0.849386,0.83913,0.000963,0.000763,0.0765,7.4593769006,125.7832506936,90.60446
PDDN,2019.7125,58744,2071,-0.848012,0.838868,0.000925,0.000769,0.071008,7.4593768982,125.78325070599999,90.61592
PDDN,2019.7153,58745,2071,-0.849214,0.839379,0.000927,0.000742,0.067478,7.4593769028,125.7832506952,90.60847
PDDN,2019.718,58746,2071,-0.847608,0.838983,0.000971,0.000779,0.073149,7.4593768992,125.78325070970001,90.61449
PDDN,2019.7207,58747,2071,-0.849315,0.840656,0.000948,0.000788,0.037933,7.4593769144,125.7832506942,90.61237
PDDN,2020.7009,59105,2123,-0.886387,0.845019,0.000814,0.000733,-0.016054,7.4593769538,125.78325035840001,90.59466
PDDN,2020.7036,59106,2123,-0.887483,0.845083,0.000837,0.000764,0.034402,7.4593769544,125.78325034849999,90.58945
PDDN,2020.7064,59107,2123,-0.884772,0.846586,0.000859,0.000757,-0.031201,7.459376968,125.78325037299999,90.58971
PDDN,2020.7091,59108,2123,-0.886195,0.845571,0.000861,0.000735,-0.028118,7.4593769588,125.7832503601,90.58945
PDDN,2020.7118,59109,2123,-0.888314,0.843225,0.000825,0.000734,0.059344,7.4593769376,125.7832503409,90.58861
PDDN,2020.7146,59110,2123,-0.884893,0.847229,0.000959,0.000825,0.042728,7.4593769738,125.78325037190001,90.59397
PDDN,2020.7173,59111,2123,-0.886412,0.846249,0.000873,0.000741,-0.040076,7.4593769649,125.78325035820001,90.58289
PDDN,2021.6975,59469,2175,-0.91504,0.846967,0.000953,0.000841,0.010018,7.4593769714,125.78325009880001,90.57707
PDDN,2021.7002,59470,2175,-0.913657,0.845546,0.000844,0.000769,0.02135,7.4593769586,125.78325011129999,90.57116
PDDN,2021.7029,59471,2175,-0.912456,0.845694,0.000813,0.000736,0.031088,7.4593769599,125.7832501222,90.57227
PDDN,2021.7057,59472,2175,-0.913391,0.843611,0.000844,0.000767,0.02469,7.4593769411,125.7832501138,90.57436
PDDN,2021.7084,59473,2175,-0.91461,0.841883,0.000828,0.000783,0.029546,7.4593769255,125.78325010270001,90.57196
PDDN,2021.7112,59474,2175,-0.914973,0.84345,0.000861,0.000774,0.00821,7.4593769396,125.7832500994,90.5758
PDDN,2021.7139,59475,2175,-0.912781,0.844534,0.000789,0.000726,0.021856,7.4593769494,125.78325011929999,90.57498
PDDN,2022.694,59833,2227,-0.941166,0.843733,0.000917,0.000796,-0.005914,7.4593769422,125.7832498621,90.56667
PDDN,2022.6968,59834,2227,-0.939882,0.843652,0.00093,0.000822,0.033827,7.4593769414,125.7832498738,90.55912
PDDN,2022.6995,59835,2227,-0.941438,0.842212,0.00104,0.000864,-0.04412,7.4593769284,125.78324985969999,90.56753
PDDN,2022.7023,59836,2227,-0.944015,0.845519,0.00109,0.000928,0.047154,7.4593769583,125.7832498363,90.56632
PDDN,2022.705,59837,2227,-0.943468,0.844634,0.001069,0.000976,0.069366,7.4593769503,125.7832498413,90.55569
PDDN,2022.7077,59838,2227,-0.940255,0.84566,0.000931,0.000803,0.009451,7.4593769596,125.7832498704,90.56226
PDDN,2022.7105,59839,2227,-0.942377,0.845204,0.000951,0.000853,-0.03583,7.4593769555,125.7832498512,90.56528
PDDN,2023.6906,60197,2279,-0.972775,0.844294,0.000889,0.000777,0.006014,7.4593769473,125.7832495758,90.55705
PDDN,2023.6934,60198,2279,-0.971523,0.843631,0.001001,0.000852,0.008916,7.4593769413,125.78324958709999,90.54445
PDDN,2023.6961,60199,2279,-0.971783,0.842211,0.001032,0.000934,-0.022578,7.4593769284,125.78324958479999,90.54818
PDDN,2023.6988,60200,2279,-0.973899,0.844541,0.000948,0.000835,0.003821,7.4593769495,125.78324956559999,90.54501
PDDN,2023.7016,60201,2279,-0.972316,0.842763,0.000916,0.000779,0.001867,7.4593769334,125.7832495799,90.55405
PDDN,2023.7043,60202,2279,-0.969601,0.841479,0.000966,0.000835,0.017554,7.4593769218,125.78324960450001,90.55332
PDDN,2023.707,60203,2279,-0.971553,0.844088,0.000973,0.000851,-0.000637,7.4593769454,125.7832495868,99.97995
PDIP,2015.6797,57271,1861,0.749387,0.872248,0.000833,0.000715,-0.061363,8.5868416961,123.34429282529999,88.42326
PDIP,2015.6851,57273,1861,0.747181,0.870751,0.000877,0.000751,-0.003521,8.5868416826,123.34429280520001,88.42392
PDIP,2015.6879,57274,1861,0.748935,0.870098,0.000835,0.000716,-0.001678,8.5868416767,123.34429282120001,88.43197
PDIP,2015.6906,57275,1861,0.751753,0.872576,0.000857,0.000733,-0.073752,8.5868416991,123.34429284679999,88.42689
PDIP,2015.6934,57276,1861,0.750494,0.871839,0.000826,0.000716,-0.039145,8.5868416924,123.3442928353,88.43523
PDIP,2015.6961,57277,1861,0.747626,0.870625,0.000804,0.000699,-0.039451,8.5868416814,123.34429280929999,88.42669
PDIP,2015.6988,57278,1862,0.745967,0.870734,0.000814,0.000708,-0.035038,8.5868416824,123.34429279419999,88.42025
PDIP,2015.7016,57279,1862,0.7471,0.871346,0.000831,0.000722,-0.057638,8.586841688,123.34429280449999,88.42618
PDIP,2015.7043,57280,1862,0.748921,0.867463,0.000857,0.000751,-0.036384,8.5868416529,123.34429282100001,88.42853
PDIP,2015.707,57281,1862,0.750032,0.868781,0.000844,0.000727,-0.070613,8.5868416648,123.3442928311,88.4308
PDIP,2015.7098,57282,1862,0.747974,0.869825,0.000791,0.000704,-0.031089,8.5868416742,123.3442928124,88.42732
PDIP,2015.7125,57283,1862,0.74763,0.869959,0.000814,0.000706,-0.023409,8.5868416754,123.34429280929999,88.41353
PDIP,2015.7153,57284,1862,0.747436,0.870627,0.000808,0.000712,-0.003138,8.5868416815,123.3442928076,88.42746
PDIP,2015.718,57285,1863,0.747773,0.870801,0.000814,0.000705,-0.035804,8.586841683,123.3442928106,88.42736
PDIP,2015.7207,57286,1863,0.746539,0.870211,0.000823,0.000718,-0.047487,8.5868416777,123.3442927994,88.42865
PDIP,2015.7235,57287,1863,0.747433,0.869061,0.000815,0.000715,-0.013279,8.5868416673,123.34429280750001,88.42735
PDIP,2015.7262,57288,1863,0.748424,0.867334,0.000838,0.000732,-0.030735,8.5868416517,123.3442928165,88.43022
PDIP,2015.729,57289,1863,0.750006,0.870877,0.000823,0.000717,-0.021873,8.5868416837,123.3442928309,88.43368
PDIP,2015.7317,57290,1863,0.748251,0.870688,0.000907,0.000786,-0.068806,8.586841682,123.34429281499999,88.42984
PDIP,2015.7344,57291,1863,0.747921,0.869338,0.000953,0.000806,-0.085177,8.5868416698,123.34429281199999,88.43231
PDIP,2015.7372,57292,1864,0.746856,0.869057,0.000932,0.000829,-0.064548,8.5868416673,123.3442928023,88.4287
PDIP,2015.7399,57293,1864,0.749193,0.870515,0.001019,0.000829,-0.09803,8.5868416805,123.34429282350001,88.42743
PDIP,2015.7426,57294,1864,0.748251,0.869328,0.000878,0.000767,-0.050238,8.5868416697,123.34429281499999,88.42097
PDIP,2015.7454,57295,1864,0.752277,0.870694,0.000997,0.00084,-0.073352,8.5868416821,123.3442928515,88.42115
PDIP,2015.7481,57296,1864,0.750806,0.869072,0.000976,0.000802,-0.00825,8.5868416674,123.3442928382,88.42895
PDIP,2015.7509,57297,1864,0.746744,0.868486,0.000871,0.000761,-0.068005,8.5868416621,123.34429280130001,88.42411
PDIP,2015.7536,57298,1864,0.744848,0.871162,0.000828,0.000722,-0.01641,8.5868416863,123.344292784,88.43286
PDIP,2015.7563,57299,1865,0.748096,0.86866,0.000826,0.00075,-0.007493,8.5868416637,123.34429281359999,88.41792
PDIP,2015.7591,57300,1865,0.747079,0.867801,0.000819,0.000722,-0.064758,8.5868416559,123.34429280430001,88.41844
PDIP,2015.7618,57301,1865,0.748952,0.869536,0.000853,0.000749,-0.034499,8.5868416716,123.3442928213,88.42591
PDIP,2015.8111,57319,1867,0.750084,0.86597,0.000969,0.00086,-0.003033,8.5868416394,123.3442928316,88.41656
PDIP,2015.8138,57320,1868,0.747063,0.870372,0.000886,0.000795,-0.024979,8.5868416792,123.3442928042,88.41935
PDIP,2015.8166,57321,1868,0.749027,0.8641,0.001224,0.001121,-0.055039,8.5868416224,123.344292822,88.4241
PDIP,2015.8193,57322,1868,0.751064,0.868935,0.000884,0.000824,-0.002999,8.5868416662,123.3442928405,88.42416
PDIP,2015.822,57323,1868,0.750472,0.87254,0.000942,0.000821,-0.038372,8.5868416988,123.34429283509999,88.41509
PDIP,2015.8248,57324,1868,0.755384,0.873513,0.000848,0.000756,0.008924,8.5868417076,123.34429287980001,88.40655
PDIP,2015.8275,57325,1868,0.753269,0.874942,0.000852,0.00076,-0.056374,8.5868417205,123.3442928606,88.39896
PDIP,2015.8303,57326,1868,0.754942,0.874217,0.000944,0.00089,-0.04874,8.5868417139,123.3442928757,88.4234
PDIP,2015.833,57327,1869,0.754039,0.870127,0.000945,0.000862,-0.032106,8.5868416769,123.3442928675,88.40721
PDIP,2015.8357,57328,1869,0.751819,0.868463,0.000862,0.000766,-0.048349,8.5868416619,123.3442928474,88.42613
PDIP,2015.8385,57329,1869,0.751315,0.870234,0.000847,0.000756,-0.011989,8.5868416779,123.3442928428,88.43402
PDIP,2015.8412,57330,1869,0.753707,0.868226,0.000852,0.000779,-0.007814,8.5868416598,123.3442928645,88.41697
PDIP,2015.8439,57331,1869,0.749828,0.867487,0.000848,0.000752,-0.02512,8.5868416531,123.3442928293,88.4207
PDIP,2015.8467,57332,1869,0.756083,0.870498,0.0009,0.000809,-0.052835,8.5868416803,123.34429288609999,88.41153
PDIP,2015.8494,57333,1869,0.750565,0.872138,0.000884,0.000784,-0.025577,8.5868416951,123.344292836,88.4241
PDIP,2015.8522,57334,1870,0.751355,0.87058,0.000913,0.000856,-0.000522,8.586841681,123.34429284320001,88.40833
PDIP,2015.8549,57335,1870,0.752392,0.870373,0.000866,0.000779,-0.05952,8.5868416792,123.3442928526,88.42159
PDIP,2015.8576,57336,1870,0.756445,0.871751,0.00084,0.000756,-0.038839,8.5868416916,123.34429288940001,88.40936
PDIP,2015.8604,57337,1870,0.755087,0.873544,0.000851,0.000769,-0.051591,8.5868417078,123.3442928771,88.41362
PDIP,2015.8631,57338,1870,0.75452,0.873016,0.000828,0.000761,0.002953,8.5868417031,123.3442928719,88.41493
PDIP,2015.8658,57339,1870,0.751888,0.870253,0.000855,0.000779,-0.028094,8.5868416781,123.34429284800001,88.42334
PDIP,2015.8686,57340,1870,0.749713,0.869324,0.000843,0.000751,0.021538,8.5868416697,123.3442928282,88.43024
PDIP,2015.8713,57341,1871,0.753246,0.872833,0.000826,0.000742,-0.009749,8.5868417014,123.34429286029999,88.41188
PDIP,2015.8741,57342,1871,0.755139,0.873171,0.000821,0.000753,-0.016023,8.5868417045,123.34429287750001,88.41439
PDIP,2015.8768,57343,1871,0.757207,0.872827,0.00092,0.000836,-0.068857,8.5868417014,123.3442928963,88.42157
PDIP,2015.8795,57344,1871,0.754061,0.873018,0.000876,0.000789,0.00809,8.5868417031,123.3442928677,88.39662
PDIP,2015.8823,57345,1871,0.755137,0.873946,0.000855,0.000791,-0.053159,8.5868417115,123.34429287750001,88.42181
PDIP,2015.885,57346,1871,0.751406,0.872045,0.000891,0.000779,-0.049021,8.5868416943,123.34429284359999,88.41243
PDIP,2015.8877,57347,1871,0.752992,0.8696,0.000814,0.000743,-0.030986,8.5868416722,123.34429285799999,88.41005
PDIP,2015.8905,57348,1872,0.749551,0.870004,0.000798,0.000724,-0.024125,8.5868416758,123.3442928268,88.42824
PDIP,2015.8932,57349,1872,0.75057,0.87,0.000872,0.000771,0.005075,8.5868416758,123.344292836,88.4281
PDIP,2015.896,57350,1872,0.750258,0.867771,0.0008,0.000741,-0.031646,8.5868416556,123.3442928332,88.41909
PDIP,2015.8987,57351,1872,0.750993,0.870245,0.000857,0.000778,-0.003519,8.586841678,123.34429283989999,88.41474
PDIP,2015.9014,57352,1872,0.751135,0.871344,0.000829,0.000741,-0.015829,8.586841688,123.3442928412,88.42385
PDIP,2016.1068,57427,1883,0.749758,0.871881,0.000853,0.000739,-0.044533,8.5868416928,123.34429282869999,88.41999
PDIP,2016.1095,57428,1883,0.752177,0.873058,0.000841,0.000722,-0.030858,8.5868417034,123.3442928506,88.41818
PDIP,2016.1123,57429,1883,0.749672,0.869729,0.000834,0.000713,-0.030802,8.5868416733,123.3442928279,88.42329
PDIP,2016.115,57430,1883,0.752093,0.871981,0.00083,0.000728,-0.027443,8.5868416937,123.3442928499,88.41585
PDIP,2016.1177,57431,1883,0.75039,0.869854,0.000875,0.000754,-0.012214,8.5868416745,123.3442928344,88.43315
PDIP,2016.1205,57432,1884,0.748427,0.867289,0.00083,0.000712,-0.030852,8.5868416513,123.34429281659999,88.4223
PDIP,2016.1232,57433,1884,0.750897,0.869583,0.000838,0.000747,0.005348,8.586841672,123.34429283899999,88.42218
PDIP,2016.1259,57434,1884,0.750002,0.871038,0.000891,0.000796,-0.018806,8.5868416852,123.3442928309,88.41918
PDIP,2016.1287,57435,1884,0.752732,0.870018,0.000907,0.000816,-0.025831,8.586841676,123.34429285569999,88.4193
PDIP,2016.1314,57436,1884,0.752733,0.872083,0.000857,0.000732,0.002214,8.5868416946,123.34429285569999,88.41965
PDIP,2016.1342,57437,1884,0.753629,0.872974,0.000834,0.000727,-0.01005,8.5868417027,123.3442928638,88.41679
PDIP,2016.1369,57438,1884,0.748218,0.871871,0.000845,0.000744,-0.042827,8.5868416927,123.3442928147,88.42416
PDIP,2016.1396,57439,1885,0.746547,0.8696,0.000868,0.000747,-0.019998,8.5868416722,123.34429279950001,88.42657
PDIP,2016.1424,57440,1885,0.751053,0.870636,0.00082,0.000718,-0.021777,8.5868416815,123.34429284039999,88.41979
PDIP,2016.1451,57441,1885,0.751551,0.872989,0.00086,0.00075,0.016011,8.5868417028,123.3442928449,88.41922
PDIP,2016.1478,57442,1885,0.753139,0.873144,0.000842,0.000751,0.024253,8.5868417042,123.34429285940001,88.42145
PDIP,2016.1506,57443,1885,0.748847,0.870583,0.00083,0.000721,-0.035973,8.5868416811,123.3442928204,88.41929
PDIP,2016.1533,57444,1885,0.750461,0.869091,0.000853,0.000754,-0.036768,8.5868416676,123.344292835,88.42316
PDIP,2016.1561,57445,1885,0.750226,0.874177,0.00094,0.000815,-0.005612,8.5868417136,123.34429283290001,88.42441
PDIP,2016.1588,57446,1886,0.751059,0.869457,0.000923,0.000808,0.007953,8.5868416709,123.3442928405,88.41687
PDIP,2016.1615,57447,1886,0.746324,0.869477,0.000811,0.000724,-0.014428,8.5868416711,123.3442927975,88.42719
PDIP,2016.1643,57448,1886,0.749716,0.869215,0.000863,0.000735,-0.038998,8.5868416687,123.34429282830001,88.41173
PDIP,2016.167,57449,1886,0.747558,0.870042,0.000845,0.000733,-0.016635,8.5868416762,123.3442928087,88.42469
PDIP,2016.1697,57450,1886,0.745973,0.87107,0.000852,0.000745,-0.051642,8.5868416855,123.3442927943,88.42811
PDIP,2016.1725,57451,1886,0.74804,0.869964,0.000931,0.000787,0.029836,8.5868416755,123.34429281300001,88.42685
PDIP,2016.1752,57452,1886,0.745904,0.86875,0.000907,0.000773,0.002627,8.5868416645,123.3442927936,88.4233
PDIP,2016.178,57453,1887,0.74622,0.868551,0.000913,0.000772,-0.039828,8.5868416627,123.34429279650001,88.42483
PDIP,2016.1807,57454,1887,0.744757,0.868591,0.000883,0.000796,-0.025491,8.5868416631,123.34429278319999,88.43343
PDIP,2016.1834,57455,1887,0.747467,0.869392,0.000889,0.000813,-0.029009,8.5868416703,123.3442928078,88.42978
PDIP,2016.1862,57456,1887,0.745983,0.868305,0.000953,0.000797,0.010372,8.5868416605,123.34429279439999,88.43004
PDIP,2016.1889,57457,1887,0.747059,0.870297,0.00095,0.000807,-0.004395,8.5868416785,123.34429280410001,88.4212
PDIP,2016.1916,57458,1887,0.748939,0.871929,0.000852,0.000744,-0.026759,8.5868416932,123.34429282120001,88.42198
PDIP,2016.1944,57459,1887,0.747965,0.870697,0.000841,0.000734,-0.05426,8.5868416821,123.3442928124,88.42213
PDIP,2016.2355,57474,1890,0.746655,0.868813,0.000799,0.000709,0.005478,8.5868416651,123.3442928005,88.42415
PDIP,2016.2382,57475,1890,0.746123,0.868213,0.000828,0.000724,-0.02356,8.5868416596,123.34429279560001,88.42413
PDIP,2016.2409,57476,1890,0.746773,0.865663,0.000824,0.000726,0.001006,8.5868416366,123.34429280149999,88.42378
PDIP,2016.2437,57477,1890,0.748471,0.86961,0.00084,0.000735,0.042551,8.5868416723,123.344292817,88.43263
PDIP,2016.2464,57478,1890,0.744921,0.8684,0.000842,0.000735,-0.019075,8.5868416613,123.3442927847,88.43591
PDIP,2016.2491,57479,1890,0.74869,0.86569,0.000812,0.000736,-0.016873,8.5868416368,123.34429281889999,88.41776
PDIP,2016.2519,57480,1890,0.74929,0.870635,0.000823,0.000723,0.022574,8.5868416815,123.34429282439999,88.42248
PDIP,2016.2546,57481,1891,0.747724,0.869271,0.000809,0.000729,-0.036478,8.5868416692,123.34429281019999,88.4213
PDIP,2016.2574,57482,1891,0.745505,0.86822,0.000838,0.000718,-0.023304,8.5868416597,123.34429279,88.44554
PDIP,2016.7146,57649,1915,0.740466,0.868042,0.000783,0.000686,-0.021794,8.5868416581,123.3442927442,88.42693
PDIP,2016.7173,57650,1915,0.742301,0.870233,0.00076,0.000667,-0.01726,8.5868416779,123.3442927609,88.42835
PDIP,2016.7201,57651,1915,0.74238,0.870171,0.00078,0.000669,-0.035412,8.5868416773,123.3442927616,88.43127
PDIP,2016.7228,57652,1915,0.739445,0.871401,0.0008,0.000688,-0.037943,8.5868416885,123.34429273500001,88.43416
PDIP,2016.7255,57653,1915,0.742495,0.870531,0.00083,0.000716,-0.029811,8.5868416806,123.34429276270001,88.42776
PDIP,2016.7283,57654,1915,0.742354,0.87154,0.000828,0.000719,-0.027298,8.5868416897,123.3442927614,88.42763
PDIP,2016.731,57655,1915,0.740805,0.870767,0.000835,0.000721,-0.032015,8.5868416827,123.34429274729999,88.42676
PDIP,2017.2375,57840,1942,0.742165,0.868371,0.000884,0.000756,-0.036024,8.5868416611,123.34429275970001,88.42457
PDIP,2017.2402,57841,1942,0.742899,0.869806,0.000791,0.000685,-0.017053,8.586841674,123.34429276629999,88.43081
PDIP,2017.243,57842,1942,0.744778,0.87066,0.000774,0.000682,0.000842,8.5868416818,123.3442927834,88.41912
PDIP,2017.2457,57843,1942,0.738696,0.867982,0.000798,0.000707,-0.023402,8.5868416575,123.3442927282,88.42807
PDIP,2017.2485,57844,1942,0.737173,0.866486,0.000791,0.000688,-0.00375,8.586841644,123.3442927143,88.42497
PDIP,2017.2512,57845,1943,0.740083,0.869595,0.000772,0.000685,-0.025213,8.5868416721,123.3442927408,88.4251
PDIP,2017.2539,57846,1943,0.74339,0.868311,0.000786,0.000689,-0.022494,8.5868416605,123.3442927708,88.42686
PDIP,2017.2704,57852,1944,0.739697,0.868519,0.00076,0.000678,-0.003702,8.5868416624,123.34429273730001,88.42734
PDIP,2017.2731,57853,1944,0.740716,0.867453,0.000773,0.000679,-0.007566,8.5868416528,123.3442927465,88.43079
PDIP,2017.2758,57854,1944,0.739028,0.86832,0.000766,0.000677,-0.005666,8.5868416606,123.3442927312,88.42696
PDIP,2017.2786,57855,1944,0.743201,0.86853,0.000788,0.000709,0.026657,8.5868416625,123.34429276910001,88.41006
PDIP,2017.2813,57856,1944,0.740954,0.869159,0.000779,0.000693,-0.008064,8.5868416682,123.34429274870001,88.42834
PDIP,2017.2841,57857,1944,0.740004,0.87022,0.000777,0.000695,0.024343,8.5868416778,123.34429273999999,88.43335
PDIP,2017.2868,57858,1944,0.739964,0.868545,0.000772,0.000695,-0.009049,8.5868416626,123.3442927397,88.43009
PDIP,2017.2895,57859,1945,0.736217,0.86714,0.000823,0.000707,-0.003213,8.5868416499,123.3442927056,88.43225
PDIP,2017.2923,57860,1945,0.740236,0.866348,0.000783,0.000693,-0.002774,8.5868416428,123.34429274210001,88.43015
PDIP,2017.295,57861,1945,0.740901,0.866619,0.000779,0.000681,-0.018941,8.5868416452,123.34429274819999,88.43537
PDIP,2017.2977,57862,1945,0.735089,0.86931,0.000797,0.000699,-0.017634,8.5868416696,123.34429269539999,88.43907
PDIP,2017.3005,57863,1945,0.738249,0.86709,0.000814,0.000707,-0.011439,8.5868416495,123.3442927241,88.43665
PDIP,2017.3032,57864,1945,0.73946,0.868019,0.000793,0.000699,0.024751,8.5868416579,123.3442927351,88.42582
PDIP,2017.306,57865,1945,0.73746,0.867877,0.000795,0.000705,0.004602,8.5868416566,123.34429271689999,88.43125
PDIP,2017.3087,57866,1946,0.740271,0.869257,0.000829,0.000753,-0.01163,8.5868416691,123.34429274249999,88.44167
PDIP,2017.3114,57867,1946,0.737368,0.867224,0.000813,0.000729,-0.01047,8.5868416507,123.3442927161,88.43784
PDIP,2017.3142,57868,1946,0.738879,0.869981,0.000833,0.000718,-0.041922,8.5868416756,123.3442927298,88.42663
PDIP,2017.3169,57869,1946,0.739687,0.870692,0.000789,0.000699,-0.014909,8.5868416821,123.34429273719999,88.42787
PDIP,2017.3196,57870,1946,0.735884,0.867435,0.000784,0.000705,0.017527,8.5868416526,123.3442927026,88.42981
PDIP,2017.3224,57871,1946,0.738536,0.869914,0.000788,0.000705,0.040104,8.586841675,123.34429272669999,88.42519
PDIP,2017.3251,57872,1946,0.737265,0.868584,0.000798,0.000708,0.032951,8.586841663,123.3442927152,88.43844
PDIP,2017.3279,57873,1947,0.737809,0.869879,0.0008,0.000696,0.006069,8.5868416747,123.34429272009999,88.43164
PDIP,2017.3306,57874,1947,0.73922,0.865983,0.000841,0.000724,0.020688,8.5868416395,123.34429273289999,88.43199
PDIP,2017.3333,57875,1947,0.738004,0.869578,0.000803,0.000712,0.012195,8.586841672,123.34429272189999,88.42666
PDIP,2017.3361,57876,1947,0.739162,0.8672,0.000827,0.000729,0.010684,8.5868416505,123.34429273239999,88.43511
PDIP,2017.3388,57877,1947,0.741016,0.867416,0.000822,0.00072,-0.018558,8.5868416524,123.34429274920001,88.44199
PDIP,2017.3415,57878,1947,0.739628,0.869346,0.000871,0.00077,-0.033746,8.5868416699,123.34429273660001,88.43249
PDIP,2017.3443,57879,1947,0.741532,0.870721,0.000796,0.000705,0.013164,8.5868416823,123.34429275389999,88.41556
PDIP,2017.347,57880,1948,0.737814,0.869285,0.000813,0.00074,0.040995,8.5868416693,123.34429272009999,88.43132
PDIP,2017.3498,57881,1948,0.740729,0.864746,0.000816,0.000724,-0.000431,8.5868416283,123.34429274659999,88.41926
PDIP,2017.3525,57882,1948,0.739405,0.869558,0.000803,0.000696,0.001486,8.5868416718,123.3442927346,88.43584
PDIP,2017.3552,57883,1948,0.742142,0.872377,0.000823,0.000724,-0.02785,8.5868416973,123.34429275950001,88.42207
PDIP,2017.358,57884,1948,0.73768,0.870772,0.000774,0.000692,-0.011184,8.5868416828,123.3442927189,88.42515
PDIP,2017.3607,57885,1948,0.737847,0.869425,0.000796,0.000701,0.016611,8.5868416706,123.3442927204,88.43624
PDIP,2017.3634,57886,1948,0.738201,0.867013,0.000796,0.000701,-0.000642,8.5868416488,123.3442927237,88.43363
PDIP,2017.3662,57887,1949,0.737767,0.869475,0.000788,0.000698,-0.00105,8.586841671,123.34429271970001,88.43589
PDIP,2017.3689,57888,1949,0.738223,0.871083,0.000779,0.00069,0.006041,8.5868416856,123.3442927239,88.43099
PDIP,2017.3717,57889,1949,0.73628,0.870315,0.000786,0.000679,-0.008309,8.5868416786,123.34429270620001,88.43115
PDIP,2017.3744,57890,1949,0.738043,0.873134,0.000813,0.000715,-0.02464,8.5868417041,123.34429272220001,88.43162
PDIP,2017.3771,57891,1949,0.736523,0.872461,0.000803,0.000726,0.009901,8.586841698,123.34429270839999,88.43929
PDIP,2017.3799,57892,1949,0.73783,0.869686,0.000814,0.00073,0.028766,8.586841673,123.34429272029999,88.43143
PDIP,2017.3826,57893,1949,0.740522,0.871067,0.00081,0.000734,-0.025997,8.5868416854,123.3442927447,88.42737
PDIP,2017.3854,57894,1950,0.7379830000000001,0.871043,0.000785,0.000702,0.00802,8.5868416852,123.34429272169999,88.44059
PDIP,2017.3881,57895,1950,0.737698,0.8700600000000001,0.000768,0.000681,-0.005869,8.5868416763,123.3442927191,88.43041
PDIP,2017.3908,57896,1950,0.736171,0.869936,0.000784,0.000683,-0.001553,8.5868416752,123.34429270519999,88.42683
PDIP,2017.3936,57897,1950,0.739063,0.870076,0.000776,0.000675,-0.001813,8.5868416765,123.34429273149999,88.43393
PDIP,2017.3963,57898,1950,0.737496,0.870169,0.000789,0.00068,-0.038779,8.5868416773,123.3442927173,88.43215
PDIP,2017.399,57899,1950,0.736639,0.872536,0.00076,0.00067,-0.009144,8.5868416987,123.3442927095,88.4314
PDIP,2017.4018,57900,1950,0.736794,0.870444,0.000818,0.00073,0.00744,8.5868416798,123.34429271089999,88.42586
PDIP,2017.4045,57901,1951,0.738948,0.872594,0.000803,0.000715,-0.002469,8.5868416993,123.3442927305,88.42682
PDIP,2017.4073,57902,1951,0.736765,0.867572,0.000809,0.000734,-0.003982,8.5868416538,123.3442927106,88.4319
PDIP,2017.41,57903,1951,0.737871,0.870882,0.000808,0.000735,-0.023946,8.5868416838,123.3442927207,88.43431
PDIP,2017.4127,57904,1951,0.737561,0.87072,0.000785,0.000699,-0.007456,8.5868416823,123.34429271779999,88.43101
PDIP,2017.4155,57905,1951,0.739147,0.870893,0.000773,0.000689,-0.003501,8.5868416839,123.3442927323,88.43396
PDIP,2017.4182,57906,1951,0.740028,0.869519,0.000822,0.000744,-0.043303,8.5868416715,123.3442927403,88.42298
PDIP,2017.4209,57907,1951,0.737501,0.871669,0.000837,0.000726,-0.025029,8.5868416909,123.3442927173,88.43149
PDIP,2017.4237,57908,1952,0.737188,0.871513,0.000793,0.000686,0.018223,8.5868416895,123.3442927145,88.43088
PDIP,2017.4264,57909,1952,0.737543,0.872442,0.000807,0.00072,0.022896,8.5868416979,123.3442927177,88.41838
PDIP,2017.4292,57910,1952,0.73755,0.872636,0.000766,0.000684,0.002464,8.5868416996,123.3442927177,88.43228
PDIP,2017.4319,57911,1952,0.737426,0.871833,0.000756,0.000671,-0.001787,8.5868416924,123.3442927166,88.42575
PDIP,2017.4346,57912,1952,0.738936,0.871298,0.000778,0.000677,-0.025103,8.5868416875,123.3442927303,88.43668
PDIP,2017.4374,57913,1952,0.737577,0.869825,0.000791,0.000686,-0.027419,8.5868416742,123.34429271799999,88.43332
PDIP,2017.4401,57914,1952,0.737381,0.871067,0.000779,0.000684,-0.015935,8.5868416854,123.34429271619999,88.43618
PDIP,2017.7112,58013,1967,0.733199,0.874187,0.000793,0.000695,-0.014507,8.5868417137,123.34429267819999,88.42043
PDIP,2017.7139,58014,1967,0.733824,0.873649,0.000782,0.000698,-0.007511,8.5868417088,123.3442926839,88.42435
PDIP,2017.7166,58015,1967,0.734592,0.873418,0.000791,0.000697,-0.003468,8.5868417067,123.3442926909,88.42591
PDIP,2017.7194,58016,1967,0.734954,0.869094,0.000813,0.000699,-0.00164,8.5868416676,123.34429269419999,88.41881
PDIP,2017.7221,58017,1967,0.733905,0.872432,0.000774,0.000676,0.009169,8.5868416978,123.34429268459999,88.42661
PDIP,2017.7248,58018,1967,0.736319,0.872476,0.000819,0.000693,0.024492,8.5868416982,123.34429270659999,88.42418
PDIP,2017.7276,58019,1967,0.735777,0.872689,0.000811,0.000711,-0.001637,8.5868417001,123.34429270160001,88.4242
PDIP,2019.7043,58741,2071,0.723485,0.886466,0.000783,0.00067,-0.015617,8.5868418247,123.34429259000001,88.43808
PDIP,2019.707,58742,2071,0.725078,0.886029,0.000785,0.00067,0.002966,8.5868418207,123.3442926045,88.43011
PDIP,2019.7098,58743,2071,0.724125,0.886446,0.000791,0.000689,-0.026522,8.5868418245,123.3442925958,88.43048
PDIP,2019.7125,58744,2071,0.72344,0.886775,0.000797,0.000689,0.000404,8.5868418275,123.3442925896,88.43232
PDIP,2019.7153,58745,2071,0.722634,0.885645,0.000788,0.000675,-0.043067,8.5868418173,123.3442925823,88.43314
PDIP,2019.718,58746,2071,0.723951,0.88323,0.000825,0.000693,0.025458,8.5868417954,123.3442925942,88.43929
PDIP,2019.7207,58747,2071,0.721368,0.884686,0.00084,0.000726,-0.001223,8.5868418086,123.34429257080001,88.4299
PDIP,2022.694,59833,2227,0.70857,0.886213,0.000853,0.00073,-0.055742,8.5868418224,123.34429245449999,88.42488
PDIP,2022.6968,59834,2227,0.707563,0.88572,0.000865,0.000738,-0.029537,8.5868418179,123.3442924453,88.43022
PDIP,2022.705,59837,2227,0.705343,0.888021,0.001011,0.00089,-0.049645,8.5868418387,123.3442924252,88.43072
PDIP,2022.7105,59839,2227,0.709055,0.887272,0.000884,0.000751,0.012048,8.586841832,123.34429245889999,88.42112
PGEN,2012.6899,56179,1705,0.029047,0.410978,0.000867,0.000774,-0.05965,6.0649125619,125.13166225410001,121.11865
PGEN,2012.6927,56180,1705,0.026801,0.410166,0.001044,0.000926,-0.006706,6.0649125546,125.1316622338,121.1187
PGEN,2012.6954,56181,1705,0.029788,0.414384,0.000907,0.000812,-0.02381,6.0649125927,125.1316622608,121.1117
PGEN,2012.6982,56182,1705,0.028888,0.412002,0.000952,0.000832,-0.004329,6.0649125712,125.1316622526,121.12152
PGEN,2012.7009,56183,1705,0.027848,0.412657,0.000937,0.000828,-0.059332,6.0649125771,125.1316622432,121.11896
PGEN,2012.7064,56185,1705,0.026755,0.40895,0.000893,0.000763,0.025663,6.0649125436,125.1316622334,121.12223
PGEN,2013.6865,56543,1757,0.015638,0.407005,0.000832,0.000727,-0.078761,6.064912526,125.1316621329,121.11989
PGEN,2013.6893,56544,1757,0.014036,0.407152,0.000836,0.000733,-0.089466,6.0649125273,125.1316621185,121.11644
PGEN,2013.692,56545,1757,0.016377,0.405974,0.000853,0.000729,-0.090612,6.0649125167,125.1316621396,121.11805
PGEN,2013.6947,56546,1757,0.014014,0.406748,0.000858,0.000735,-0.101431,6.0649125237,125.1316621183,121.11369
PGEN,2013.6975,56547,1757,0.015861,0.405974,0.000898,0.00078,-0.113514,6.0649125167,125.131662135,121.11333
PGEN,2013.7002,56548,1757,0.014469,0.405094,0.000889,0.000754,-0.117049,6.0649125087,125.1316621224,121.1117
PGEN,2013.7029,56549,1757,0.017375,0.403728,0.000817,0.000727,-0.065722,6.0649124964,125.13166214859999,121.11102
PGEN,2014.2724,56757,1787,0.007226,0.392317,0.001017,0.000858,-0.018795,6.0649123932,125.13166205690001,121.10042
PGEN,2014.3053,56769,1789,0.003334,0.393901,0.000911,0.000804,-0.107961,6.0649124075,125.1316620218,121.1225
PGEN,2014.308,56770,1789,0.006949,0.393453,0.00092,0.000783,-0.073896,6.0649124034,125.13166205440001,121.1142
PGEN,2014.3107,56771,1789,0.006366,0.398178,0.001141,0.00102,-0.047711,6.0649124462,125.1316620492,121.12878
PGEN,2014.3135,56772,1789,0.006183,0.399703,0.001041,0.000903,-0.159054,6.06491246,125.13166204749999,121.11997
PGEN,2014.3162,56773,1789,0.005021,0.398096,0.00084,0.000748,-0.074187,6.0649124454,125.13166203700001,121.11828
PGEN,2014.319,56774,1790,0.004226,0.39926,0.001008,0.000856,-0.085624,6.064912456,125.1316620298,121.11533
PGEN,2014.3217,56775,1790,0.004485,0.398378,0.00104,0.000888,-0.07705,6.064912448,125.13166203220001,121.12262
PGEN,2014.3244,56776,1790,0.009732,0.399809,0.00115,0.001007,-0.027758,6.0649124609,125.1316620796,121.10958
PGEN,2014.3272,56777,1790,0.005327,0.396434,0.001204,0.001011,-0.036116,6.0649124304,125.1316620398,121.12432
PGEN,2014.3299,56778,1790,0.005416,0.397858,0.00092,0.000821,-0.055535,6.0649124433,125.13166204059999,121.11938
PGEN,2014.3326,56779,1790,0.00486,0.397415,0.000957,0.000827,-0.141762,6.0649124393,125.13166203559999,121.12169
PGEN,2014.3354,56780,1790,0.004946,0.399914,0.000988,0.000842,-0.091405,6.0649124619,125.1316620364,121.12367
PGEN,2014.3381,56781,1791,0.00527,0.397875,0.000918,0.000794,-0.07164,6.0649124434,125.13166203930001,121.12043
PGEN,2014.3409,56782,1791,0.00596,0.39876,0.000916,0.000778,-0.099441,6.0649124514,125.13166204550001,121.1261
PGEN,2014.3436,56783,1791,0.003712,0.397645,0.001217,0.001002,-0.034862,6.0649124414,125.1316620252,121.12685
PGEN,2014.3463,56784,1791,0.007249,0.398795,0.001234,0.000978,-0.00963,6.0649124518,125.1316620572,121.12854
PGEN,2014.3491,56785,1791,0.006913,0.398658,0.001013,0.000843,-0.126674,6.0649124505,125.13166205409999,121.121
PGEN,2014.3518,56786,1791,0.005785,0.399185,0.000957,0.000837,-0.038973,6.0649124553,125.13166204390001,121.12472
PGEN,2014.3546,56787,1791,0.00764,0.397797,0.001,0.000895,-0.058621,6.0649124427,125.1316620607,121.1169
PGEN,2014.3573,56788,1792,0.005482,0.399267,0.000888,0.000795,-0.139081,6.064912456,125.1316620412,121.1212
PGEN,2014.36,56789,1792,0.006487,0.39903,0.000869,0.000772,-0.075559,6.0649124539,125.13166205030001,121.11972
PGEN,2014.3628,56790,1792,0.009026,0.39831,0.002564,0.002113,-0.287135,6.0649124474,125.1316620732,121.12004
PGEN,2014.3655,56791,1792,0.006285,0.399229,0.001453,0.001149,-0.071558,6.0649124557,125.1316620485,121.11994
PGEN,2014.3682,56792,1792,0.007919,0.39731,0.000989,0.000882,-0.133603,6.0649124383,125.1316620632,121.11602
PGEN,2014.371,56793,1792,0.010335,0.397614,0.001105,0.000965,-0.04912,6.0649124411,125.13166208499999,121.11255
PGEN,2014.3792,56796,1793,0.001989,0.400244,0.000965,0.000842,-0.05553,6.0649124649,125.1316620096,121.11318
PGEN,2014.3819,56797,1793,0.007466,0.397432,0.001036,0.000876,-0.034621,6.0649124394,125.1316620591,121.10476
PGEN,2014.3847,56798,1793,0.005443,0.40173,0.001022,0.00089,0.011378,6.0649124783,125.1316620408,121.111
PGEN,2014.3874,56799,1793,0.006258,0.398707,0.000837,0.000743,-0.040902,6.064912451,125.13166204820001,121.11825
PGEN,2014.3901,56800,1793,0.004848,0.399996,0.000977,0.000856,0.0133,6.0649124626,125.1316620355,121.12409
PGEN,2014.3929,56801,1793,0.007118,0.398797,0.001068,0.000996,0.036571,6.0649124518,125.13166205600001,121.1187
PGEN,2014.3956,56802,1794,0.004022,0.400914,0.00091,0.000797,-0.019674,6.0649124709,125.131662028,121.11741
PGEN,2014.3984,56803,1794,0.006064,0.400228,0.000868,0.000749,-0.104629,6.0649124647,125.1316620465,121.12113
PGEN,2014.4011,56804,1794,0.004306,0.399457,0.000839,0.000753,-0.093069,6.0649124577,125.13166203060001,121.1164
PGEN,2014.4038,56805,1794,0.006164,0.399856,0.000873,0.000786,-0.077567,6.0649124613,125.1316620474,121.1141
PGEN,2014.4066,56806,1794,0.004718,0.400618,0.000863,0.000757,-0.02424,6.0649124682,125.1316620343,121.13042
PGEN,2014.4093,56807,1794,0.005003,0.398107,0.000899,0.000753,-0.087202,6.0649124455,125.1316620369,121.11681
PGEN,2014.412,56808,1794,0.004163,0.398838,0.000844,0.000742,-0.072369,6.0649124521,125.1316620293,121.11693
PGEN,2014.4148,56809,1795,0.004609,0.399297,0.000889,0.000778,-0.053963,6.0649124563,125.13166203329999,121.11707
PGEN,2014.4175,56810,1795,0.002954,0.39714700000000003,0.000846,0.000735,-0.076307,6.0649124369,125.1316620184,121.11948
PGEN,2014.4203,56811,1795,0.008585,0.397222,0.001,0.000842,-0.020198,6.0649124375,125.13166206919999,121.12121
PGEN,2014.423,56812,1795,0.00234,0.39952,0.000824,0.000741,-0.088963,6.0649124583,125.1316620128,121.11736
PGEN,2014.4257,56813,1795,0.005808,0.398413,0.000875,0.000746,-0.062354,6.0649124483,125.13166204410001,121.1182
PGEN,2014.4285,56814,1795,0.004335,0.400063,0.00085,0.000756,-0.083052,6.0649124632,125.13166203079999,121.12315
PGEN,2014.4312,56815,1795,0.002897,0.400399,0.000861,0.000776,-0.08926,6.0649124663,125.13166201780001,121.10999
PGEN,2014.4339,56816,1796,0.004761,0.401325,0.000869,0.000777,-0.0752,6.0649124746,125.13166203470001,121.11196
PGEN,2014.4367,56817,1796,0.004344,0.399449,0.000836,0.000755,-0.097116,6.0649124577,125.1316620309,121.11291
PGEN,2014.4394,56818,1796,0.003963,0.399397,0.000838,0.00074,-0.060381,6.0649124572,125.1316620275,121.1154
PGEN,2014.4422,56819,1796,0.004945,0.399211,0.000862,0.000785,-0.08929,6.0649124555,125.13166203630001,121.12568
PGEN,2014.4449,56820,1796,0.00546,0.399492,0.00097,0.000818,-0.089166,6.0649124581,125.131662041,121.11935
PGEN,2014.4476,56821,1796,0.005451,0.399597,0.000849,0.000754,-0.119405,6.064912459,125.13166204090001,121.11777
PGEN,2014.4504,56822,1796,0.005538,0.39946,0.001251,0.001108,-0.155736,6.0649124578,125.1316620417,121.12182
PGEN,2015.0281,57033,1827,0.001967,0.391237,0.00178,0.001552,0.022898,6.0649123834,125.1316620094,121.11161
PGEN,2015.0308,57034,1827,-0.024109,0.393045,0.001735,0.001496,-0.171204,6.0649123998,125.13166177389999,121.11338
PGEN,2015.0335,57035,1827,0.005753,0.393841,0.001631,0.001476,-0.140706,6.064912407,125.13166204359999,121.09872
PGEN,2015.0363,57036,1827,-0.000463,0.3897,0.001629,0.001433,-0.138973,6.0649123695,125.1316619875,121.1199
PGEN,2015.039,57037,1827,0.004561,0.387537,0.003473,0.00246,-0.2152,6.06491235,125.13166203290001,121.08714
PGEN,2015.0418,57038,1827,0.00271,0.388731,0.001962,0.001648,-0.227606,6.0649123607,125.13166201620001,121.12238
PGEN,2015.0445,57039,1827,0.001604,0.39192,0.001702,0.001476,-0.131563,6.0649123896,125.1316620062,121.11409
PGEN,2015.0472,57040,1828,0.001668,0.386618,0.001632,0.001474,-0.13906,6.0649123416,125.1316620067,121.08802
PGEN,2015.05,57041,1828,-0.00106,0.386886,0.002658,0.00187,-0.158938,6.0649123441,125.13166198210001,121.09543
PGEN,2015.0527,57042,1828,0.000393,0.389198,0.001872,0.001659,-0.209736,6.064912365,125.1316619952,121.09836
PGEN,2015.0554,57043,1828,0.002673,0.394553,0.001688,0.00145,-0.175477,6.0649124134,125.1316620158,121.10236
PGEN,2015.0582,57044,1828,-0.000251,0.392532,0.001788,0.001557,-0.118656,6.0649123951,125.13166198939999,121.1125
PGEN,2015.0609,57045,1828,0.00139,0.389809,0.001784,0.001547,-0.190509,6.0649123705,125.1316620042,121.1072
PGEN,2015.0637,57046,1828,-0.017554,0.388943,0.002363,0.001997,-0.050305,6.0649123627,125.1316618331,121.12002
PGEN,2015.0664,57047,1829,-0.000938,0.390345,0.00185,0.00169,-0.079712,6.0649123753,125.13166198319999,121.11417
PGEN,2015.0691,57048,1829,-0.003054,0.390407,0.001812,0.001657,-0.126437,6.0649123759,125.1316619641,121.13161
PGEN,2015.0719,57049,1829,0.000933,0.390692,0.002003,0.001629,-0.171026,6.0649123785,125.1316620001,121.11818
PGEN,2015.0746,57050,1829,0.005528,0.398499,0.002263,0.001761,-0.142424,6.0649124491,125.13166204160001,121.08892
PGEN,2015.0773,57051,1829,0.000613,0.388384,0.001798,0.001587,-0.110583,6.0649123576,125.13166199720001,121.1049
PGEN,2015.0801,57052,1829,0.003855,0.38816,0.002011,0.001665,-0.06671,6.0649123556,125.13166202650001,121.11625
PGEN,2015.0828,57053,1829,0.00136,0.390635,0.00163,0.001471,-0.115106,6.064912378,125.13166200399999,121.09964
PGEN,2015.0856,57054,1830,0.003651,0.386507,0.001808,0.001651,-0.072553,6.0649123406,125.1316620247,121.11066
PGEN,2015.0883,57055,1830,-0.002797,0.387473,0.002209,0.001927,-0.283241,6.0649123494,125.1316619664,121.10405
PGEN,2015.091,57056,1830,0.001143,0.385936,0.001882,0.001578,-0.088447,6.0649123355,125.13166200200001,121.10224
PGEN,2015.0938,57057,1830,-0.002625,0.387865,0.001803,0.001698,-0.021456,6.0649123529,125.131661968,121.12698
PGEN,2015.0965,57058,1830,0.000426,0.392043,0.002108,0.001916,-0.064589,6.0649123907,125.1316619955,121.11389
PGEN,2015.0992,57059,1830,0.003752,0.38998,0.001785,0.001529,-0.104084,6.064912372,125.13166202560001,121.09417
PGEN,2015.102,57060,1830,0.002506,0.393052,0.001854,0.001596,-0.022293,6.0649123998,125.13166201429999,121.10913
PGEN,2015.1047,57061,1831,-0.009741,0.387583,0.002116,0.001669,-0.063175,6.0649123504,125.1316619037,121.12377
PGEN,2015.1075,57062,1831,0.006771,0.38499,0.001799,0.001508,-0.120179,6.0649123269,125.13166205280001,121.09797
PGEN,2015.1102,57063,1831,0.001557,0.389717,0.001087,0.000844,-0.097219,6.0649123697,125.13166200570001,121.11116
PGEN,2015.1129,57064,1831,0.00053,0.387959,0.000995,0.000866,-0.049973,6.0649123538,125.13166199649999,121.10318
PGEN,2015.1157,57065,1831,0.00354,0.388107,0.001062,0.000925,-0.078092,6.0649123551,125.1316620236,121.11679
PGEN,2015.1184,57066,1831,-0.000643,0.386112,0.001325,0.001093,-0.09895,6.0649123371,125.1316619859,121.11763
PGEN,2015.1266,57069,1832,-0.0006490000000000001,0.390969,0.001041,0.000895,-0.091993,6.064912381,125.13166198580001,121.11147
PGEN,2015.1294,57070,1832,0.002602,0.38923,0.000841,0.000732,-0.052994,6.0649123653,125.13166201519999,121.11095
PGEN,2015.1321,57071,1832,0.001881,0.388703,0.000855,0.000763,-0.038349,6.0649123605,125.1316620087,121.11244
PGEN,2015.1348,57072,1832,-0.001658,0.388283,0.000957,0.000809,-0.060888,6.0649123567,125.1316619767,121.11868
PGEN,2015.1376,57073,1832,0.00184,0.389754,0.000896,0.000781,-0.004421,6.06491237,125.1316620083,121.10708
PGEN,2015.1403,57074,1832,-7.5e-05,0.388482,0.000866,0.000764,-0.053439,6.0649123585,125.13166199099999,121.11417
PGEN,2015.1431,57075,1833,0.000847,0.388709,0.001081,0.00091,-0.08682,6.0649123606,125.13166199930001,121.10477
PGEN,2015.1458,57076,1833,0.000866,0.38813,0.000832,0.000733,-0.041366,6.0649123553,125.13166199950001,121.1167
PGEN,2015.1485,57077,1833,0.001352,0.387596,0.001003,0.000914,-0.053847,6.0649123505,125.1316620039,121.10815
PGEN,2015.1513,57078,1833,-0.000534,0.38946,0.00097,0.000819,-0.057444,6.0649123673,125.1316619868,121.11914
PGEN,2015.154,57079,1833,0.000587,0.387646,0.00087,0.000747,-0.016069,6.0649123509,125.13166199700001,121.11143
PGEN,2015.1567,57080,1833,0.000438,0.390129,0.000942,0.000838,-0.075094,6.0649123734,125.13166199560001,121.12451
PGEN,2015.1595,57081,1833,0.002077,0.387997,0.000929,0.000811,-0.036226,6.0649123541,125.13166201039999,121.11985
PGEN,2015.1622,57082,1834,-0.000478,0.386901,0.001052,0.000927,-0.123279,6.0649123442,125.13166198740001,121.11612
PGEN,2015.165,57083,1834,-0.000958,0.385314,0.000842,0.000736,-0.040585,6.0649123299,125.13166198299999,121.115
PGEN,2015.1677,57084,1834,-0.001368,0.387764,0.000885,0.000788,-0.019728,6.064912352,125.13166197929999,121.11772
PGEN,2015.1704,57085,1834,-0.0011,0.38816,0.000962,0.000818,-0.071597,6.0649123556,125.1316619817,121.11295
PGEN,2015.1732,57086,1834,-0.001637,0.387906,0.000982,0.000818,-0.041739,6.0649123533,125.1316619769,121.11485
PGEN,2015.1759,57087,1834,-0.000585,0.387616,0.000965,0.000842,-0.02423,6.0649123507,125.13166198639999,121.10645
PGEN,2015.1786,57088,1834,-0.002167,0.388917,0.000936,0.000776,0.006115,6.0649123624,125.1316619721,121.11391
PGEN,2015.1814,57089,1835,-0.000276,0.38699,0.000962,0.000845,-0.092232,6.064912345,125.13166198920001,121.11261
PGEN,2015.1841,57090,1835,-0.000693,0.385691,0.000868,0.000751,-0.053739,6.0649123333,125.1316619854,121.11193
PGEN,2015.1869,57091,1835,-0.00191,0.388252,0.000833,0.000725,-0.032045,6.0649123564,125.1316619744,121.11747
PGEN,2015.1896,57092,1835,-0.000797,0.385715,0.000941,0.000807,-0.038277,6.0649123335,125.1316619845,121.10991
PGEN,2015.1923,57093,1835,0.000253,0.387841,0.00095,0.000788,-0.038493,6.0649123527,125.13166199400001,121.11546
PGEN,2015.1951,57094,1835,-0.000879,0.389115,0.000945,0.000829,-0.05593,6.0649123642,125.13166198370001,121.11562
PGEN,2015.1978,57095,1835,-0.001708,0.387422,0.000988,0.000877,-0.027571,6.0649123489,125.13166197620001,121.10883
PGEN,2015.2005,57096,1836,-0.000777,0.388852,0.000882,0.000749,-0.032576,6.0649123618,125.1316619847,121.1057
PGEN,2015.2033,57097,1836,-0.004099,0.389676,0.000965,0.000865,0.027054,6.0649123693,125.13166195459999,121.11152
PGEN,2015.206,57098,1836,-0.00051,0.386704,0.000902,0.000803,-0.004655,6.0649123424,125.13166198709999,121.1207
PGEN,2015.2088,57099,1836,-0.002357,0.389261,0.000817,0.000706,-0.066977,6.0649123655,125.13166197039999,121.11463
PGEN,2015.2115,57100,1836,-0.001833,0.389439,0.000844,0.000739,-0.036575,6.0649123672,125.1316619751,121.12091
PGEN,2015.2142,57101,1836,-0.00233,0.38728,0.00086,0.000739,-0.067784,6.0649123476,125.13166197059999,121.11372
PGEN,2015.217,57102,1836,-0.003703,0.389905,0.000883,0.000766,-0.059698,6.0649123714,125.1316619582,121.10787
PGEN,2015.2197,57103,1837,4.6e-05,0.386601,0.000829,0.000738,-0.063555,6.0649123415,125.13166199209999,121.11118
PGEN,2015.2225,57104,1837,-0.000843,0.387145,0.000853,0.000727,-0.055945,6.0649123464,125.13166198409999,121.1183
PGEN,2015.2252,57105,1837,-0.003982,0.386881,0.000967,0.000822,-0.020388,6.064912344,125.1316619557,121.1168
PGEN,2015.2279,57106,1837,-0.00435,0.384602,0.000895,0.000768,-0.021662,6.0649123234,125.13166195240001,121.1184
PGEN,2015.2307,57107,1837,-0.003726,0.386933,0.000957,0.000808,0.005086,6.0649123445,125.131661958,121.11804
PGEN,2015.2334,57108,1837,-0.003503,0.385028,0.000906,0.000769,-0.05484,6.0649123273,125.13166196,121.11239
PGEN,2015.2361,57109,1837,-0.003062,0.387036,0.000881,0.000761,-0.042257,6.0649123454,125.13166196399999,121.11361
PGEN,2015.2389,57110,1838,-0.00297,0.386446,0.000935,0.000776,-0.070094,6.0649123401,125.1316619648,121.11579
PGEN,2015.2416,57111,1838,-0.001605,0.389213,0.000937,0.000789,-0.066273,6.0649123651,125.1316619772,121.12229
PGEN,2015.2444,57112,1838,-0.002803,0.390016,0.000995,0.000839,-0.000515,6.0649123724,125.1316619664,121.11997
PGEN,2015.2471,57113,1838,-0.00349,0.389101,0.001025,0.000872,-0.023932,6.0649123641,125.13166196009999,121.1167
PGEN,2015.2498,57114,1838,-0.003841,0.388164,0.00105,0.000908,-0.019631,6.0649123556,125.131661957,121.11827
PGEN,2015.2526,57115,1838,-0.003435,0.389193,0.000998,0.000861,-0.030274,6.0649123649,125.13166196060001,121.11176
PGEN,2015.2553,57116,1838,-0.004067,0.387369,0.001267,0.001075,0.034522,6.0649123484,125.13166195490001,121.13217
PGEN,2015.258,57117,1839,0.000234,0.388542,0.00103,0.000858,-0.031622,6.064912359,125.13166199380001,121.11796
PGEN,2015.2608,57118,1839,-0.003079,0.388604,0.001064,0.000873,-0.06369,6.0649123596,125.1316619639,121.11683
PGEN,2015.2635,57119,1839,0.000216,0.390705,0.000958,0.00084,-0.031804,6.0649123786,125.1316619936,121.12748
PGEN,2015.2663,57120,1839,0.002393,0.386227,0.001029,0.000888,0.031831,6.0649123381,125.1316620133,121.12963
PGEN,2015.269,57121,1839,-0.000803,0.387117,0.00094,0.000836,-0.017038,6.0649123462,125.13166198440001,121.12663
PGEN,2015.2717,57122,1839,-0.003077,0.385405,0.000866,0.000797,-0.046901,6.0649123307,125.1316619639,121.11788
PGEN,2015.2745,57123,1839,-0.005076,0.38608,0.000875,0.000792,-0.051456,6.0649123368,125.1316619458,121.11773
PGEN,2015.2772,57124,1840,-0.006581,0.386931,0.000923,0.000802,-0.045952,6.0649123445,125.13166193219999,121.107
PGEN,2015.2799,57125,1840,-0.005008,0.388042,0.000857,0.000751,-0.065062,6.0649123545,125.13166194639999,121.12424
PGEN,2015.2827,57126,1840,-0.007461,0.385821,0.000946,0.00084,0.005446,6.0649123344,125.1316619243,121.11695
PGEN,2015.2854,57127,1840,-0.002845,0.386287,0.000986,0.000826,0.042548,6.0649123387,125.131661966,121.11414
PGEN,2015.2882,57128,1840,-0.002552,0.387513,0.000907,0.000782,-0.090755,6.0649123497,125.13166196860001,121.12115
PGEN,2015.2909,57129,1840,-0.004525,0.386468,0.000813,0.000748,-0.048285,6.0649123403,125.13166195080001,121.11368
PGEN,2015.2936,57130,1840,-0.003395,0.388552,0.000874,0.000764,-0.008499,6.0649123591,125.13166196099999,121.12467
PGEN,2015.2964,57131,1841,-0.002679,0.386642,0.000882,0.000764,-0.094345,6.0649123419,125.13166196750001,121.12343
PGEN,2015.2991,57132,1841,-0.004446,0.387835,0.000998,0.000852,-0.059402,6.0649123526,125.1316619515,121.11892
PGEN,2015.3018,57133,1841,-0.001543,0.387658,0.001032,0.000907,-0.063555,6.064912351,125.13166197769999,121.12114
PGEN,2015.3046,57134,1841,-0.002377,0.388958,0.000965,0.000813,-0.07293,6.0649123628,125.13166197020001,121.12026
PGEN,2015.3073,57135,1841,-0.002844,0.387908,0.000888,0.000795,-0.027176,6.0649123533,125.131661966,121.11462
PGEN,2015.3101,57136,1841,-0.000326,0.386093,0.000929,0.000817,-0.066992,6.0649123369,125.13166198869999,121.11016
PGEN,2015.3128,57137,1841,-0.001143,0.388404,0.001011,0.000882,0.000425,6.0649123578,125.1316619813,121.12017
PGEN,2015.3155,57138,1842,-0.002026,0.38862,0.000961,0.000824,-0.061896,6.0649123597,125.13166197340001,121.11741
PGEN,2015.3183,57139,1842,-0.005499,0.391079,0.000953,0.000816,-0.027689,6.064912382,125.131661942,121.11961
PGEN,2015.321,57140,1842,-0.003419,0.391084,0.000893,0.000756,-0.044264,6.064912382,125.13166196079999,121.1218
PGEN,2015.3238,57141,1842,-0.004171,0.388319,0.000865,0.000755,-0.014494,6.064912357,125.13166195400001,121.10891
PGEN,2015.3265,57142,1842,-0.005234,0.389192,0.000878,0.000776,-0.080047,6.0649123649,125.13166194440001,121.11734
PGEN,2015.3292,57143,1842,-0.002918,0.388194,0.000892,0.000793,-0.09733,6.0649123559,125.1316619653,121.11297
PGEN,2015.332,57144,1842,-0.003266,0.392646,0.000881,0.000806,-0.068419,6.0649123962,125.13166196220001,121.12243
PGEN,2015.3347,57145,1843,-0.006172,0.38953,0.001203,0.001155,-0.13433,6.064912368,125.13166193590001,121.11998
PGEN,2015.3374,57146,1843,-0.005285,0.387195,0.000995,0.00089,-0.092862,6.0649123469,125.13166194390001,121.12235
PGEN,2015.3402,57147,1843,-0.003004,0.387734,0.001058,0.000885,-0.152044,6.0649123517,125.13166196450001,121.12724
PGEN,2015.3429,57148,1843,-0.002929,0.385268,0.001176,0.001024,-0.165762,6.0649123294,125.13166196520001,121.1255
PGEN,2015.3457,57149,1843,-0.002687,0.388724,0.000941,0.000851,-0.093662,6.0649123607,125.13166196739999,121.12125
PGEN,2015.3484,57150,1843,-0.003299,0.392959,0.001023,0.000862,0.029202,6.064912399,125.1316619619,121.11728
PGEN,2015.3511,57151,1843,-0.001737,0.388314,0.000933,0.000798,-0.01183,6.064912357,125.131661976,121.12243
PGEN,2015.3539,57152,1844,-0.007028,0.389193,0.000922,0.000806,-0.049541,6.0649123649,125.1316619282,121.10752
PGEN,2015.3566,57153,1844,-0.004658,0.387501,0.000831,0.000727,-0.040886,6.0649123496,125.13166194959999,121.12508
PGEN,2015.3593,57154,1844,-0.004731,0.38949,0.000861,0.000764,-0.072535,6.0649123676,125.13166194889999,121.11544
PGEN,2015.3621,57155,1844,-0.006462,0.388519,0.000858,0.000759,-0.052694,6.0649123588,125.1316619333,121.11551
PGEN,2015.3648,57156,1844,-0.003888,0.387891,0.000875,0.000762,0.007801,6.0649123532,125.13166195650001,121.12487
PGEN,2015.3676,57157,1844,-0.001733,0.390375,0.000865,0.000751,-0.055943,6.0649123756,125.131661976,121.13332
PGEN,2015.3703,57158,1844,-0.006724,0.387818,0.001097,0.00101,0.082651,6.0649123525,125.13166193090001,121.12
PGEN,2015.373,57159,1845,-0.00322,0.387981,0.000904,0.000802,-0.038418,6.064912354,125.13166196259999,121.12307
PGEN,2015.3758,57160,1845,-0.003165,0.388127,0.00089,0.000756,-0.088105,6.0649123553,125.13166196309999,121.12313
PGEN,2015.3785,57161,1845,-0.00363,0.38874,0.000864,0.000767,-0.0481,6.0649123608,125.1316619589,121.1266
PGEN,2015.3812,57162,1845,-0.005328,0.388865,0.000867,0.000747,-0.061239,6.064912362,125.1316619435,121.11687
PGEN,2015.384,57163,1845,-0.003429,0.388815,0.000834,0.000726,-0.019055,6.0649123615,125.1316619607,121.10997
PGEN,2015.3867,57164,1845,-0.005526,0.387982,0.000828,0.000721,-0.053354,6.064912354,125.1316619417,121.11971
PGEN,2015.3895,57165,1845,-0.006493,0.390133,0.00083,0.000727,-0.04121,6.0649123734,125.131661933,121.11797
PGEN,2015.3922,57166,1846,-0.003866,0.38909,0.000856,0.000746,-0.037361,6.0649123640000004,125.13166195669999,121.11463
PGEN,2015.3949,57167,1846,-0.005598,0.388627,0.000823,0.000748,0.006209,6.0649123598,125.13166194109999,121.11522
PGEN,2015.3977,57168,1846,-0.004784,0.387232,0.000833,0.000741,-0.010627,6.0649123472,125.13166194850001,121.1167
PGEN,2015.4004,57169,1846,-0.005795,0.388081,0.000906,0.000764,-0.035964,6.0649123549,125.13166193929999,121.12342
PGEN,2015.4031,57170,1846,-0.007109,0.387754,0.000878,0.000745,-0.018218,6.0649123519,125.1316619275,121.11666
PGEN,2015.4059,57171,1846,-0.005456,0.389952,0.000826,0.00072,-0.050282,6.0649123718,125.1316619424,121.11987
PGEN,2015.4086,57172,1846,-0.007226,0.38959,0.00085,0.000743,-0.043595,6.0649123685,125.1316619264,121.115
PGEN,2015.4114,57173,1847,-0.006315,0.389839,0.000846,0.000734,-0.016663,6.0649123708,125.1316619346,121.10937
PGEN,2015.4141,57174,1847,-0.007,0.387956,0.000816,0.000733,-0.047226,6.0649123537,125.1316619284,121.11247
PGEN,2015.4168,57175,1847,-0.004034,0.388447,0.001379,0.001125,0.047596,6.0649123582,125.1316619552,121.11319
PGEN,2015.4196,57176,1847,-0.002238,0.388968,0.001309,0.001124,0.068145,6.0649123629,125.1316619715,121.10515
PGEN,2015.4223,57177,1847,-0.004896,0.393007,0.001315,0.001141,-0.029078,6.0649123994,125.1316619474,121.10963
PGEN,2015.4251,57178,1847,-0.005976,0.38992,0.001459,0.001148,0.028797,6.0649123715,125.13166193769999,121.11392
PGEN,2015.4278,57179,1847,-0.007754,0.389433,0.001233,0.001065,0.036062,6.0649123671,125.1316619216,121.12177
PGEN,2015.4305,57180,1848,-0.00892,0.39079,0.001452,0.00117,0.022039,6.0649123794,125.1316619111,121.13133
PGEN,2015.4524,57188,1849,-0.006301,0.390813,0.000837,0.000757,-0.004213,6.0649123796,125.13166193480001,121.1188
PGEN,2015.4552,57189,1849,-0.005029,0.391369,0.000845,0.000724,-0.020735,6.0649123846,125.13166194620001,121.10988
PGEN,2015.4579,57190,1849,-0.008905,0.389804,0.00085,0.000775,0.024407,6.0649123705,125.13166191120001,121.11759
PGEN,2015.4634,57192,1849,-0.006393,0.391457,0.000836,0.000737,-0.01799,6.0649123854,125.1316619339,121.11595
PGEN,2015.4661,57193,1849,-0.006052,0.39274,0.000812,0.000705,-0.00582,6.064912397,125.13166193699999,121.12109
PGEN,2015.4689,57194,1850,-0.0055,0.39236,0.000872,0.000756,-0.003351,6.0649123936,125.131661942,121.11456
PGEN,2015.4716,57195,1850,-0.007403,0.39087,0.000854,0.000743,0.058868,6.0649123801,125.1316619248,121.11758
PGEN,2015.4743,57196,1850,-0.005873,0.390982,0.000861,0.000718,-0.014872,6.0649123811,125.13166193859999,121.11007
PGEN,2015.4771,57197,1850,-0.007886,0.390361,0.000815,0.000693,-0.040958,6.0649123755,125.1316619204,121.11586
PGEN,2015.4798,57198,1850,-0.005912,0.391998,0.000903,0.000775,-0.041952,6.0649123903,125.1316619383,121.11354
PGEN,2015.4825,57199,1850,-0.00785,0.391973,0.000854,0.00075,-0.073139,6.0649123901,125.13166192080001,121.11114
PGEN,2015.4853,57200,1850,-0.006479,0.393159,0.000855,0.000759,-0.049143,6.0649124008,125.13166193309999,121.11253
PGEN,2015.488,57201,1851,-0.008419,0.392761,0.000814,0.000707,-0.017059,6.0649123972,125.1316619156,121.11043
PGEN,2015.4908,57202,1851,-0.008016,0.392192,0.000881,0.000775,-0.074466,6.064912392,125.1316619193,121.11348
PGEN,2015.4935,57203,1851,-0.007408,0.39145,0.000862,0.000728,-0.012692,6.0649123853,125.13166192470001,121.10953
PGEN,2015.4962,57204,1851,-0.005395,0.391495,0.000903,0.000778,-0.075354,6.0649123857,125.1316619429,121.11217
PGEN,2015.499,57205,1851,-0.007945,0.391948,0.000847,0.000742,-0.026422,6.0649123898,125.13166191990001,121.11048
PGEN,2015.5017,57206,1851,-0.008155,0.38813,0.000848,0.00075,-0.039705,6.0649123553,125.13166191799999,121.11608
PGEN,2015.5044,57207,1851,-0.006413,0.391076,0.000839,0.00077,-0.006056,6.064912382,125.1316619337,121.10857
PGEN,2015.5072,57208,1852,-0.007912,0.392353,0.000828,0.00074,0.012776,6.0649123935,125.1316619202,121.11068
PGEN,2015.5099,57209,1852,-0.006696,0.391737,0.000807,0.000728,-0.02112,6.0649123879,125.1316619312,121.11373
PGEN,2015.5127,57210,1852,-0.008369,0.391439,0.001078,0.000965,0.023958,6.0649123852,125.1316619161,121.1074
PGEN,2015.5154,57211,1852,-0.006336,0.390493,0.000886,0.000767,0.015111,6.0649123767,125.1316619344,121.10151
PGEN,2015.5181,57212,1852,-0.008745,0.394337,0.000865,0.000768,-0.063555,6.0649124114,125.1316619127,121.12287
PGEN,2015.5209,57213,1852,-0.008081,0.391664,0.000952,0.000823,-0.030023,6.0649123873,125.13166191869999,121.11347
PGEN,2015.5236,57214,1852,-0.007495,0.391539,0.000826,0.000732,0.016574,6.0649123861,125.13166192400001,121.112
PGEN,2015.5264,57215,1853,-0.009478,0.392007,0.000835,0.000739,0.008026,6.0649123904,125.13166190609999,121.10931
PGEN,2015.5291,57216,1853,-0.007752,0.392821,0.000849,0.000733,-0.013609,6.0649123977,125.1316619216,121.11021
PGEN,2015.5318,57217,1853,-0.006199,0.390889,0.000868,0.000776,0.030802,6.0649123803,125.13166193570001,121.11199
PGEN,2015.5346,57218,1853,-0.009293,0.391031,0.000803,0.000715,-0.013619,6.0649123815,125.13166190769999,121.11
PGEN,2015.5373,57219,1853,-0.008933,0.388831,0.000814,0.000701,0.013488,6.0649123617,125.13166191100001,121.10733
PGEN,2015.54,57220,1853,-0.009068,0.39256,0.000856,0.000744,0.003377,6.0649123954,125.13166190979999,121.10949
PGEN,2015.5428,57221,1853,-0.008155,0.392126,0.000811,0.000705,-0.01113,6.0649123914,125.13166191799999,121.10351
PGEN,2015.5455,57222,1854,-0.007556,0.39133,0.000837,0.000721,-0.021025,6.0649123843,125.1316619234,121.11389
PGEN,2015.5483,57223,1854,-0.009623,0.390472,0.000804,0.000709,-0.021174,6.0649123765,125.1316619047,121.11703
PGEN,2015.551,57224,1854,-0.010262,0.391225,0.000811,0.000709,0.00514,6.0649123833,125.131661899,121.1064
PGEN,2015.5537,57225,1854,-0.007554,0.391623,0.000892,0.000768,0.020977,6.0649123869,125.1316619234,121.11231
PGEN,2015.5565,57226,1854,-0.007592,0.388346,0.000831,0.000742,-0.055903,6.0649123573,125.13166192310001,121.1153
PGEN,2015.5592,57227,1854,-0.006232,0.390006,0.000831,0.000742,-0.034172,6.0649123723,125.13166193539999,121.11501
PGEN,2015.5619,57228,1854,-0.007695,0.392328,0.000848,0.000743,-0.0139,6.0649123933,125.13166192220001,121.10515
PGEN,2015.5647,57229,1855,-0.010208,0.389853,0.000805,0.000719,-0.046451,6.0649123709,125.13166189949999,121.10338
PGEN,2015.5674,57230,1855,-0.007089,0.392022,0.000826,0.000721,-0.034879,6.0649123905,125.13166192759999,121.10978
PGEN,2015.5702,57231,1855,-0.008284,0.390482,0.00086,0.00074,-0.029575,6.0649123766,125.1316619168,121.12176
PGEN,2015.5729,57232,1855,-0.009495,0.392128,0.000869,0.000743,-0.032231,6.0649123915,125.13166190589999,121.10945
PGEN,2015.5756,57233,1855,-0.007685,0.392122,0.00087,0.000755,-0.064179,6.0649123914,125.13166192220001,121.11098
PGEN,2015.5784,57234,1855,-0.007702,0.391659,0.000818,0.000721,-0.020126,6.0649123872,125.1316619221,121.10361
PGEN,2015.5838,57236,1856,-0.008308,0.393436,0.001053,0.000899,-0.019565,6.0649124033,125.1316619166,121.11008
PGEN,2015.5866,57237,1856,-0.006863,0.392926,0.000881,0.00076,0.030065,6.0649123987,125.13166192969999,121.11
PGEN,2015.5893,57238,1856,-0.009359,0.391863,0.000824,0.000723,-0.000534,6.0649123891,125.13166190710001,121.10618
PGEN,2015.5921,57239,1856,-0.007814,0.391921,0.000888,0.000775,-0.009918,6.0649123896,125.1316619211,121.11276
PGEN,2015.5948,57240,1856,-0.008271,0.393475,0.000879,0.000788,-0.022469,6.0649124037,125.131661917,121.11255
PGEN,2015.5975,57241,1856,-0.010171,0.390805,0.000879,0.000762,-0.029376,6.0649123795,125.13166189980001,121.11087
PGEN,2015.6003,57242,1856,-0.00891,0.392118,0.000871,0.000742,0.000557,6.0649123914,125.13166191120001,121.10862
PGEN,2015.603,57243,1857,-0.008981,0.392835,0.000844,0.000731,-0.018188,6.0649123979,125.13166191049999,121.10288
PGEN,2015.6057,57244,1857,-0.009716,0.393198,0.000888,0.000749,-0.061668,6.0649124011,125.13166190390001,121.1056
PGEN,2015.6085,57245,1857,-0.010773,0.391903,0.000794,0.000689,-0.032668,6.0649123894,125.1316618944,121.10603
PGEN,2015.6112,57246,1857,-0.009487,0.390614,0.000952,0.000819,-0.034441,6.0649123778,125.131661906,121.097
PGEN,2015.614,57247,1857,-0.00924,0.390638,0.000814,0.000717,-0.012576,6.064912378,125.13166190819999,121.10111
PGEN,2015.6167,57248,1857,-0.007804,0.391318,0.000855,0.000725,-0.014695,6.0649123841,125.13166192119999,121.10677
PGEN,2015.6194,57249,1857,-0.007034,0.394112,0.000922,0.000838,0.030077,6.0649124094,125.13166192809999,121.10361
PGEN,2015.6222,57250,1858,-0.00868,0.390377,0.000819,0.00072,0.020918,6.0649123756,125.13166191330001,121.10883
PGEN,2015.6249,57251,1858,-0.009005,0.391614,0.000835,0.000728,-0.035137,6.0649123868,125.13166191030001,121.11335
PGEN,2015.6277,57252,1858,-0.008444,0.388975,0.000827,0.000715,0.009613,6.064912363,125.1316619154,121.10634
PGEN,2015.6304,57253,1858,-0.009494,0.390977,0.000837,0.000721,-0.037749,6.0649123811,125.13166190589999,121.1128
PGEN,2015.6359,57255,1858,-0.008923,0.392765,0.000987,0.000864,-0.0423,6.0649123972,125.1316619111,121.11121
PGEN,2015.6386,57256,1858,-0.010175,0.391053,0.000919,0.000818,-0.04646,6.0649123817,125.13166189980001,121.10212
PGEN,2015.6413,57257,1859,-0.010435,0.389152,0.000812,0.000711,-0.027627,6.0649123646,125.1316618974,121.09891
PGEN,2015.6441,57258,1859,-0.007436,0.389098,0.00083,0.000721,-0.03142,6.0649123641,125.13166192450001,121.10494
PGEN,2015.6468,57259,1859,-0.009105,0.389535,0.000808,0.000706,0.007039,6.064912368,125.13166190940001,121.10857
PGEN,2015.6496,57260,1859,-0.00859,0.389289,0.000876,0.000766,0.015846,6.0649123658,125.1316619141,121.10047
PGEN,2015.6523,57261,1859,-0.00762,0.389418,0.000861,0.000732,0.000323,6.064912367,125.13166192279999,121.10436
PGEN,2015.6632,57265,1860,-0.009385,0.388057,0.001765,0.001565,-0.022887,6.0649123547,125.1316619069,121.10823
PGEN,2015.6687,57267,1860,-0.009878,0.389214,0.001785,0.001629,-0.034098,6.0649123651,125.1316619024,121.08243
PGEN,2015.6797,57271,1861,-0.008354,0.387217,0.000864,0.000732,0.006826,6.0649123471,125.13166191619999,121.10397
PGEN,2015.6824,57272,1861,-0.009893,0.389568,0.001017,0.000889,-0.070339,6.0649123683,125.13166190230001,121.10931
PGEN,2015.6851,57273,1861,-0.009607,0.389778,0.00084,0.000715,-0.036647,6.0649123702,125.1316619049,121.10292
PGEN,2015.6879,57274,1861,-0.009238,0.391558,0.000847,0.000725,-0.039881,6.0649123863,125.13166190819999,121.10701
PGEN,2015.6906,57275,1861,-0.006735,0.389957,0.000835,0.000718,-0.02147,6.0649123718,125.13166193079999,121.10261
PGEN,2015.6934,57276,1861,-0.009748,0.38911,0.000819,0.000699,-0.006646,6.0649123642,125.13166190359999,121.10692
PGEN,2015.6961,57277,1861,-0.00936,0.387552,0.000839,0.000743,-0.029952,6.0649123501,125.13166190710001,121.10212
PGEN,2015.6988,57278,1862,-0.010179,0.389512,0.000964,0.000841,-0.001978,6.0649123678,125.13166189969999,121.10404
PGEN,2015.7016,57279,1862,-0.009271,0.390937,0.000826,0.000718,-0.013301,6.0649123807,125.1316619079,121.10664
PGEN,2015.7043,57280,1862,-0.008275,0.390371,0.000828,0.000727,0.018611,6.0649123756,125.13166191689999,121.10651
PGEN,2015.707,57281,1862,-0.009066,0.389026,0.000834,0.000702,-0.037541,6.0649123634,125.13166190979999,121.10437
PGEN,2015.7098,57282,1862,-0.008601,0.388193,0.000835,0.000735,-0.029851,6.0649123559,125.131661914,121.10106
PGEN,2015.7125,57283,1862,-0.010065,0.388497,0.000803,0.000697,-0.019797,6.0649123586,125.13166190070001,121.10133
PGEN,2015.7153,57284,1862,-0.010736,0.385706,0.000852,0.000729,-0.063767,6.0649123334,125.13166189469999,121.10479
PGEN,2015.718,57285,1863,-0.008829,0.389148,0.000816,0.000693,-0.017805,6.0649123645,125.13166191190001,121.10714
PGEN,2015.7207,57286,1863,-0.011701,0.388113,0.00085,0.000722,-0.027378,6.0649123552,125.13166188599999,121.11267
PGEN,2015.7235,57287,1863,-0.009376,0.387028,0.000861,0.000754,-0.0174,6.0649123454,125.131661907,121.10815
PGEN,2015.7262,57288,1863,-0.008964,0.386976,0.000899,0.000759,-0.029289,6.0649123449,125.13166191069999,121.10375
PGEN,2015.7317,57290,1863,-0.006075,0.389596,0.001829,0.001643,-0.042303,6.0649123686,125.13166193679999,121.12548
PGEN,2015.7426,57294,1864,-0.010269,0.388639,0.001175,0.00099,-0.050065,6.0649123599,125.1316618989,121.11432
PGEN,2015.7454,57295,1864,-0.007796,0.390887,0.000995,0.000907,-0.014434,6.0649123802,125.13166192130001,121.10623
PGEN,2015.7481,57296,1864,-0.008281,0.387894,0.000893,0.000789,0.041002,6.0649123532,125.13166191689999,121.09774
PGEN,2015.7509,57297,1864,-0.010832,0.386411,0.000866,0.000753,-0.0418,6.0649123398,125.13166189379999,121.11151
PGEN,2015.7536,57298,1864,-0.011831,0.387641,0.000813,0.000722,-0.026356,6.0649123509,125.1316618848,121.10832
PGEN,2015.7563,57299,1865,-0.010569,0.388134,0.000828,0.000724,-0.044501,6.0649123553,125.1316618962,121.10659
PGEN,2015.7591,57300,1865,-0.009144,0.387432,0.000832,0.000733,-0.013895,6.064912349,125.13166190909999,121.10484
PGEN,2015.7618,57301,1865,-0.009101,0.388486,0.000847,0.000757,-0.022365,6.0649123585,125.1316619095,121.10195
PGEN,2015.7645,57302,1865,-0.012158,0.388287,0.000815,0.000735,-0.011313,6.0649123567,125.1316618818,121.11368
PGEN,2015.7673,57303,1865,-0.008984,0.390008,0.000802,0.000703,-0.014488,6.0649123723,125.13166191049999,121.11048
PGEN,2015.77,57304,1865,-0.010969,0.387691,0.000848,0.000736,0.014344,6.0649123513,125.1316618926,121.1072
PGEN,2015.7728,57305,1865,-0.009841,0.389181,0.000833,0.000747,0.002268,6.0649123648,125.1316619028,121.10189
PGEN,2015.7755,57306,1866,-0.008361,0.387891,0.000792,0.000709,-0.01144,6.0649123532,125.1316619161,121.10649
PGEN,2015.7782,57307,1866,-0.012462,0.390004,0.000837,0.000742,0.009415,6.0649123723,125.1316618791,121.10934
PGEN,2015.781,57308,1866,-0.009094,0.390154,0.000806,0.00074,0.005821,6.0649123736,125.1316619095,121.107
PGEN,2015.7837,57309,1866,-0.009283,0.389676,0.000881,0.00078,-0.064748,6.0649123693,125.13166190780001,121.11834
PGEN,2015.7864,57310,1866,-0.009233,0.386911,0.000776,0.000696,-0.021493,6.0649123443,125.1316619083,121.10483
PGEN,2015.7892,57311,1866,-0.008508,0.387297,0.000863,0.000773,-0.036997,6.0649123478,125.13166191479999,121.10921
PGEN,2015.7919,57312,1866,-0.013036,0.384926,0.000846,0.000776,-0.033144,6.0649123263,125.13166187389999,121.08386
PGEN,2015.7947,57313,1867,-0.010264,0.386294,0.00081,0.000731,-0.034001,6.0649123387,125.1316618989,121.10562
PGEN,2015.7974,57314,1867,-0.011121,0.383549,0.00095,0.000844,-0.044671,6.0649123139,125.1316618912,121.10427
PGEN,2015.8001,57315,1867,-0.00829,0.38706,0.00091,0.000832,-0.010652,6.0649123456,125.1316619168,121.10944
PGEN,2015.8029,57316,1867,-0.007748,0.38781,0.000862,0.000779,-0.020424,6.0649123524,125.13166192169999,121.1108
PGEN,2015.8056,57317,1867,-0.00859,0.386362,0.000901,0.000824,-0.023346,6.0649123393,125.1316619141,121.10849
PGEN,2015.8084,57318,1867,-0.008078,0.387168,0.000781,0.000696,-0.047592,6.0649123466,125.13166191869999,121.10582
PGEN,2015.8111,57319,1867,-0.008551,0.387984,0.000972,0.000893,-0.047101,6.064912354,125.13166191440001,121.11666
PGEN,2015.8138,57320,1868,-0.008567,0.387638,0.000843,0.000755,-0.040946,6.0649123509,125.1316619143,121.11019
PGEN,2015.8166,57321,1868,-0.010973,0.387024,0.00087,0.000796,-0.025763,6.0649123453,125.1316618926,121.10482
PGEN,2015.8193,57322,1868,-0.01101,0.38758,0.000813,0.000749,-0.043585,6.0649123503,125.13166189219999,121.11497
PGEN,2015.822,57323,1868,-0.010466,0.387403,0.000895,0.000806,-0.060021,6.0649123487,125.1316618971,121.11599
PGEN,2015.8248,57324,1868,-0.008634,0.386896,0.000843,0.000751,0.002932,6.0649123442,125.13166191369999,121.10546
PGEN,2015.8275,57325,1868,-0.007601,0.387795,0.000802,0.000706,-0.015664,6.0649123523,125.131661923,121.10536
PGEN,2015.8303,57326,1868,-0.009695,0.38904,0.00094,0.000878,-0.00175,6.0649123635,125.13166190410001,121.11412
PGEN,2015.833,57327,1869,-0.009167,0.384206,0.000896,0.000808,-0.027641,6.0649123198,125.13166190890001,121.10157
PGEN,2015.8357,57328,1869,-0.009457,0.385616,0.000818,0.000755,-0.045428,6.0649123326,125.13166190620001,121.10848
PGEN,2015.8385,57329,1869,-0.007109,0.389013,0.00082,0.000754,-0.005736,6.0649123633,125.1316619275,121.10983
PGEN,2015.8467,57332,1869,-0.007139,0.38648,0.000817,0.000742,0.010723,6.0649123404,125.13166192720001,121.10743
PGEN,2015.8494,57333,1869,-0.008536,0.387368,0.000797,0.000735,-0.015194,6.0649123484,125.13166191459999,121.1109
PGEN,2015.8522,57334,1870,-0.009678,0.384367,0.000851,0.000775,-0.013528,6.0649123213,125.1316619042,121.10811
PGEN,2015.8549,57335,1870,-0.007564,0.38669,0.000781,0.000722,0.01493,6.0649123423,125.13166192329999,121.10645
PGEN,2015.8658,57339,1870,-0.007501,0.38603,0.001048,0.000923,0.009596,6.0649123363,125.1316619239,121.09831
PGEN,2015.8686,57340,1870,-0.009613,0.386762,0.000915,0.000854,-0.035485,6.0649123429,125.13166190480001,121.10929
PGEN,2015.8713,57341,1871,-0.008078,0.385348,0.000815,0.000737,-0.025907,6.0649123302,125.13166191869999,121.10999
PGEN,2015.8741,57342,1871,-0.009116,0.388211,0.000818,0.000733,-0.019274,6.064912356,125.13166190929999,121.10738
PGEN,2015.8768,57343,1871,-0.007007,0.385054,0.001344,0.001336,-0.090088,6.0649123275,125.1316619284,121.1043
PGEN,2015.8795,57344,1871,-0.011317,0.382597,0.001911,0.002104,-0.158714,6.0649123053,125.1316618894,121.12577
PGEN,2015.885,57346,1871,-0.009798,0.386428,0.000785,0.000705,0.004447,6.0649123399,125.13166190320001,121.11166
PGEN,2015.8877,57347,1871,-0.008349,0.385668,0.000817,0.000726,0.040561,6.0649123331,125.13166191619999,121.10049
PGEN,2015.8905,57348,1872,-0.009859,0.387039,0.000775,0.000703,-0.007639,6.0649123455,125.1316619026,121.11414
PGEN,2015.8932,57349,1872,-0.008249,0.387496,0.00159,0.001403,-0.136247,6.0649123496,125.1316619172,121.10526
PGEN,2015.8987,57351,1872,-0.009269,0.384102,0.001216,0.001116,-0.035882,6.0649123189,125.1316619079,121.10015
PGEN,2015.9014,57352,1872,-0.008671,0.386358,0.000839,0.000751,-0.029598,6.0649123393,125.13166191330001,121.12201
PGEN,2015.9042,57353,1872,-0.007761,0.385081,0.000809,0.000723,-0.032434,6.0649123277,125.1316619216,121.11203
PGEN,2015.9124,57356,1873,-0.009788,0.384307,0.001316,0.001244,0.008509,6.0649123207,125.13166190320001,121.10399
PGEN,2015.9151,57357,1873,-0.007959,0.382536,0.001239,0.001148,-0.056615,6.0649123047,125.1316619198,121.1069
PGEN,2015.9179,57358,1873,-0.007998,0.388497,0.00086,0.00077,0.007129,6.0649123586,125.13166191939999,121.11178
PGEN,2015.9206,57359,1873,-0.00889,0.384898,0.000784,0.000713,-0.040156,6.0649123261,125.13166191139999,121.10634
PGEN,2015.9261,57361,1873,-0.01056,0.38555,0.001303,0.001239,-0.067593,6.064912332,125.13166189629999,121.11278
PGEN,2015.9288,57362,1874,-0.008445,0.384858,0.001362,0.001235,-0.011973,6.0649123257,125.1316619154,121.0959
PGEN,2015.9316,57363,1874,-0.013631,0.384799,0.001282,0.001307,-0.064366,6.0649123252,125.1316618685,121.11942
PGEN,2015.9343,57364,1874,-0.010006,0.385625,0.000831,0.000795,-0.003733,6.0649123327,125.13166190129999,121.11211
PGEN,2015.937,57365,1874,-0.009678,0.386158,0.000799,0.000736,-0.006564,6.0649123375,125.1316619042,121.11459
PGEN,2015.9507,57370,1875,-0.009812,0.385305,0.000853,0.000776,0.009464,6.0649123298,125.13166190300001,121.1105
PGEN,2015.9535,57371,1875,-0.009283,0.385787,0.000816,0.00073,0.004836,6.0649123341,125.13166190780001,121.11213
PGEN,2015.9754,57379,1876,-0.007491,0.390598,0.001617,0.001455,0.093269,6.0649123776,125.13166192400001,121.11696
PGEN,2015.9781,57380,1876,-0.006291,0.386129,0.001272,0.001171,0.017976,6.0649123372,125.13166193480001,121.10639
PGEN,2015.9808,57381,1876,-0.011112,0.383742,0.0012980000000000001,0.001172,0.038206,6.0649123156,125.13166189130001,121.10275
PGEN,2015.9836,57382,1876,-0.008767,0.385062,0.001315,0.001241,0.120299,6.0649123276,125.1316619125,121.10061
PGEN,2015.9863,57383,1877,-0.012479,0.389671,0.00131,0.001205,0.109865,6.0649123692,125.13166187889999,121.10419
PGEN,2015.9918,57385,1877,-0.009834,0.385543,0.000919,0.00081,-0.012429,6.0649123319,125.1316619028,121.10312
PGEN,2015.9973,57387,1877,-0.011239,0.385386,0.001132,0.001034,-0.067353,6.0649123305,125.13166189009999,121.10647
PGEN,2016.0,57388,1877,-0.009523,0.384781,0.001319,0.001197,-0.068405,6.064912325,125.1316619056,121.11719
PGEN,2016.0082,57391,1878,-0.00853,0.386004,0.000775,0.0007,-0.005536,6.0649123361,125.13166191459999,121.11344
PGEN,2016.0219,57396,1878,-0.011147,0.384324,0.000987,0.00087,-0.051739,6.0649123209,125.131661891,121.11769
PGEN,2016.0246,57397,1879,-0.009902,0.385128,0.000778,0.000705,-0.007439,6.0649123282,125.1316619022,121.1127
PGEN,2016.0274,57398,1879,-0.010459,0.385539,0.000761,0.000684,-0.015528,6.0649123319,125.13166189719999,121.10428
PGEN,2016.0301,57399,1879,-0.012216,0.38343,0.001211,0.001155,-0.077544,6.0649123128,125.1316618813,121.10146
PGEN,2016.0329,57400,1879,-0.01219,0.384053,0.001367,0.001168,0.00589,6.0649123184,125.1316618816,121.11427
PGEN,2016.0356,57401,1879,-0.01113,0.38139,0.0012980000000000001,0.001193,0.047287,6.0649122944,125.13166189110001,121.11031
PGEN,2016.0383,57402,1879,-0.008425,0.384824,0.00085,0.000782,-0.012489,6.0649123254,125.1316619156,121.11455
PGEN,2016.0411,57403,1879,-0.010353,0.385625,0.000786,0.000711,-0.015653,6.0649123327,125.13166189809999,121.10931
PGEN,2016.0465,57405,1880,-0.010395,0.381545,0.001258,0.00114,0.018114,6.0649122958,125.1316618978,121.11342
PGEN,2016.0493,57406,1880,-0.012859,0.383704,0.001371,0.001222,0.111571,6.0649123153,125.13166187549999,121.12063
PGEN,2016.052,57407,1880,-0.01669,0.383381,0.001371,0.00129,0.057545,6.0649123124,125.1316618409,121.10049
PGEN,2016.0548,57408,1880,-0.012978,0.385148,0.000861,0.000772,-0.051447,6.0649123284,125.13166187440001,121.12526
PGEN,2016.0575,57409,1880,-0.011318,0.38586,0.000784,0.000727,-0.003765,6.0649123348,125.1316618894,121.10581
PGEN,2016.0602,57410,1880,-0.010447,0.383226,0.00079,0.00074,-0.001091,6.064912311,125.1316618973,121.10586
PGEN,2016.0712,57414,1881,-0.011645,0.382597,0.000858,0.000763,-0.019703,6.0649123053,125.13166188650001,121.11497
PGEN,2016.0739,57415,1881,-0.009134,0.383011,0.000822,0.000731,-0.005935,6.064912309,125.1316619092,121.11829
PGEN,2016.0767,57416,1881,-0.010817,0.382472,0.000836,0.000738,-0.01244,6.0649123042,125.13166189399999,121.10847
PGEN,2016.0794,57417,1881,-0.011182,0.382751,0.001685,0.001373,0.052422,6.0649123067,125.1316618907,121.11002
PGEN,2016.0849,57419,1882,-0.010705,0.384777,0.001543,0.001273,0.16057,6.064912325,125.13166189500001,121.1019
PGEN,2016.0876,57420,1882,-0.009897,0.383443,0.00085,0.000752,0.008488,6.0649123129,125.13166190230001,121.10781
PGEN,2016.0903,57421,1882,-0.012205,0.383748,0.000817,0.000735,-0.026751,6.0649123157,125.13166188139999,121.10918
PGEN,2016.0931,57422,1882,-0.010551,0.381962,0.000828,0.00072,-0.025894,6.0649122995,125.1316618964,121.10836
PGEN,2016.0958,57423,1882,-0.009863,0.382547,0.000812,0.000713,0.003167,6.0649123048,125.1316619026,121.10261
PGEN,2016.0986,57424,1882,-0.013077,0.383081,0.001361,0.00123,-0.050232,6.0649123097,125.13166187350001,121.11008
PGEN,2016.1013,57425,1883,-0.010105,0.37879,0.001331,0.001282,-0.066914,6.0649122709,125.13166190039999,121.11101
PGEN,2016.104,57426,1883,-0.011736,0.382268,0.000858,0.000772,0.014104,6.0649123023,125.13166188560001,121.11762
PGEN,2016.1068,57427,1883,-0.010671,0.383398,0.000858,0.000735,-0.023114,6.0649123125,125.1316618953,121.11311
PGEN,2016.1095,57428,1883,-0.012413,0.380825,0.000821,0.000727,-0.010681,6.0649122893,125.1316618795,121.11202
PGEN,2016.1123,57429,1883,-0.011562,0.382681,0.000795,0.000702,-0.016871,6.064912306,125.13166188720001,121.11441
PGEN,2016.1177,57431,1883,-0.007436,0.382906,0.001248,0.001129,0.002927,6.0649123081,125.13166192450001,121.09757
PGEN,2016.1205,57432,1884,-0.009792,0.384172,0.001312,0.001208,-0.057888,6.0649123195,125.13166190320001,121.10437
PGEN,2016.1232,57433,1884,-0.009691,0.382526,0.000841,0.000731,-0.00025,6.0649123046,125.13166190410001,121.11024
PGEN,2016.1259,57434,1884,-0.011611,0.381727,0.000871,0.000799,0.0244,6.0649122974,125.1316618868,121.10823
PGEN,2016.1287,57435,1884,-0.012009,0.382329,0.000915,0.000822,-0.010791,6.0649123029,125.1316618832,121.10586
PGEN,2016.1314,57436,1884,-0.012038,0.380548,0.00085,0.000746,-0.019966,6.0649122868,125.1316618829,121.11301
PGEN,2016.1342,57437,1884,-0.013704,0.382732,0.000838,0.000749,-0.036085,6.0649123065,125.1316618679,121.10827
PGEN,2016.1451,57441,1885,-0.013484,0.383696,0.000897,0.000771,-0.0296,6.0649123152,125.1316618699,121.11392
PGEN,2016.1478,57442,1885,-0.012306,0.381689,0.000846,0.000747,-0.016378,6.0649122971,125.13166188049999,121.10516
PGEN,2016.1506,57443,1885,-0.012185,0.38427,0.000834,0.000732,0.018524,6.0649123204,125.1316618816,121.10768
PGEN,2016.1533,57444,1885,-0.013781,0.383843,0.000858,0.00076,-0.012813,6.0649123165,125.1316618672,121.10566
PGEN,2016.1561,57445,1885,-0.013272,0.382361,0.000895,0.000774,0.011909,6.0649123031,125.13166187179999,121.10565
PGEN,2016.1588,57446,1886,-0.012854,0.383553,0.000911,0.000799,0.063276,6.0649123139,125.1316618756,121.10533
PGEN,2016.1615,57447,1886,-0.01217,0.381903,0.000824,0.000731,-0.005836,6.064912299,125.13166188170001,121.10091
PGEN,2016.1643,57448,1886,-0.012543,0.382417,0.00087,0.000775,0.014935,6.0649123037,125.1316618784,121.10806
PGEN,2016.167,57449,1886,-0.011516,0.382681,0.000825,0.000737,0.017187,6.064912306,125.13166188759999,121.10707
PGEN,2016.1697,57450,1886,-0.012112,0.382827,0.00083,0.000754,-0.01608,6.0649123074,125.1316618823,121.11074
PGEN,2016.1725,57451,1886,-0.011973,0.383438,0.000934,0.000796,-0.021982,6.0649123129,125.13166188349999,121.10854
PGEN,2016.1752,57452,1886,-0.013139,0.382035,0.000901,0.00077,-0.005704,6.0649123002,125.13166187300001,121.11008
PGEN,2016.178,57453,1887,-0.015223,0.381982,0.000944,0.000814,-0.038669,6.0649122997,125.13166185419999,121.11178
PGEN,2016.1807,57454,1887,-0.016124,0.381538,0.00088,0.000784,-0.022721,6.0649122957,125.13166184599999,121.10774
PGEN,2016.1834,57455,1887,-0.013017,0.381182,0.000842,0.000799,-0.000218,6.0649122925,125.13166187409999,121.10798
PGEN,2016.1862,57456,1887,-0.013117,0.38375,0.000875,0.000751,-0.01883,6.0649123157,125.13166187319999,121.11387
PGEN,2016.1889,57457,1887,-0.01168,0.381919,0.000948,0.000808,-0.024117,6.0649122992,125.13166188619999,121.12162
PGEN,2016.1916,57458,1887,-0.014525,0.382327,0.00083,0.000713,0.012364,6.0649123028,125.1316618605,121.11534
PGEN,2016.1944,57459,1887,-0.014428,0.383992,0.000845,0.000745,0.016547,6.0649123179,125.13166186129999,121.11472
PGEN,2016.1971,57460,1888,-0.012727,0.383827,0.000882,0.000737,0.000439,6.0649123164,125.13166187670001,121.11235
PGEN,2016.1999,57461,1888,-0.015079,0.381243,0.000862,0.000757,0.061424,6.064912293,125.1316618555,121.10387
PGEN,2016.2026,57462,1888,-0.013458,0.380895,0.000865,0.000757,-0.00326,6.0649122899,125.1316618701,121.10687
PGEN,2016.2053,57463,1888,-0.015206,0.382357,0.000886,0.000765,0.022928,6.0649123031,125.1316618543,121.10952
PGEN,2016.2081,57464,1888,-0.016501,0.382341,0.000841,0.000756,0.031423,6.064912303,125.13166184260001,121.11329
PGEN,2016.2108,57465,1888,-0.014266,0.382133,0.000921,0.000794,0.002373,6.0649123011,125.1316618628,121.1132
PGEN,2016.2136,57466,1888,-0.012017,0.381328,0.000877,0.000775,0.025077,6.0649122938,125.13166188310001,121.10878
PGEN,2016.2163,57467,1889,-0.014904,0.383133,0.000936,0.000802,0.004271,6.0649123101,125.13166185700001,121.11148
PGEN,2016.219,57468,1889,-0.0126,0.382239,0.00087,0.000747,0.040757,6.064912302,125.13166187780001,121.11122
PGEN,2016.2218,57469,1889,-0.014247,0.380841,0.000807,0.000722,0.000496,6.0649122894,125.131661863,121.11277
PGEN,2016.2245,57470,1889,-0.01439,0.383691,0.00087,0.000764,-0.018359,6.0649123152,125.1316618617,121.1079
PGEN,2016.2272,57471,1889,-0.013402,0.382012,0.000903,0.000764,0.019871,6.0649123,125.1316618706,121.10931
PGEN,2016.23,57472,1889,-0.012411,0.383009,0.0009,0.000762,0.033869,6.064912309,125.13166187959999,121.10305
PGEN,2016.2327,57473,1889,-0.015038,0.381684,0.000942,0.00078,-0.01026,6.064912297,125.13166185579999,121.11349
PGEN,2016.2355,57474,1890,-0.012814,0.381262,0.000822,0.000711,-0.008307,6.0649122932,125.1316618759,121.11381
PGEN,2016.2382,57475,1890,-0.015784,0.380847,0.000816,0.000715,0.033623,6.0649122895,125.1316618491,121.10329
PGEN,2016.2409,57476,1890,-0.016545,0.380672,0.000849,0.000734,-0.031106,6.0649122879,125.1316618422,121.11384
PGEN,2016.2437,57477,1890,-0.013576,0.380459,0.000837,0.000735,0.043605,6.0649122859,125.131661869,121.1108
PGEN,2016.2464,57478,1890,-0.014927,0.381362,0.000869,0.000759,0.03455,6.0649122941,125.13166185680001,121.11275
PGEN,2016.2491,57479,1890,-0.01326,0.3801,0.000829,0.000731,0.023469,6.0649122827,125.13166187190001,121.11348
PGEN,2016.2519,57480,1890,-0.015687,0.380658,0.000817,0.000722,0.046017,6.0649122878,125.13166185,121.11638
PGEN,2016.2546,57481,1891,-0.013822,0.380695,0.000829,0.000716,0.055856,6.0649122881,125.13166186679999,121.11387
PGEN,2016.2574,57482,1891,-0.014922,0.380563,0.000819,0.00073,0.027275,6.0649122869,125.1316618569,121.11255
PGEN,2016.2601,57483,1891,-0.01216,0.380985,0.000825,0.000733,0.04222,6.0649122907,125.1316618818,121.11233
PGEN,2016.2628,57484,1891,-0.016237,0.381242,0.000832,0.000719,0.03239,6.064912293,125.131661845,121.11382
PGEN,2016.2683,57486,1891,-0.017683,0.381462,0.000818,0.000721,0.044915,6.064912295,125.1316618319,121.11331
PGEN,2016.271,57487,1891,-0.01443,0.381443,0.000875,0.000756,-8.6e-05,6.0649122948,125.13166186129999,121.11768
PGEN,2016.2738,57488,1892,-0.013942,0.379313,0.000854,0.000747,0.031193,6.0649122756,125.13166186570001,121.11124
PGEN,2016.2765,57489,1892,-0.016276,0.379506,0.000824,0.000725,0.037969,6.0649122773,125.13166184459999,121.11283
PGEN,2016.2793,57490,1892,-0.018077,0.381408,0.00107,0.001009,0.031048,6.0649122945,125.13166182840001,121.11982
PGEN,2016.2847,57492,1892,-0.015679,0.382638,0.001051,0.000948,0.063438,6.0649123057,125.13166185,121.12151
PGEN,2016.2875,57493,1892,-0.016394,0.382292,0.000861,0.00076,-0.014644,6.0649123025,125.1316618436,121.11236
PGEN,2016.2902,57494,1892,-0.017826,0.381326,0.000825,0.000714,0.009103,6.0649122938,125.1316618306,121.10757
PGEN,2016.293,57495,1893,-0.017716,0.381623,0.000837,0.000725,0.052926,6.0649122965,125.13166183160001,121.11736
PGEN,2016.2957,57496,1893,-0.016811,0.381181,0.000835,0.000748,0.012792,6.0649122925,125.13166183979999,121.11776
PGEN,2016.2984,57497,1893,-0.018136,0.379343,0.000856,0.000742,0.027037,6.0649122759,125.1316618278,121.11329
PGEN,2016.3012,57498,1893,-0.013462,0.38027,0.000898,0.00076,0.050715,6.0649122842,125.1316618701,121.11782
PGEN,2016.3039,57499,1893,-0.014485,0.381724,0.000917,0.000777,0.025362,6.0649122974,125.1316618608,121.12079
PGEN,2016.3066,57500,1893,-0.014006,0.383153,0.000821,0.000715,-0.005788,6.0649123103,125.1316618651,121.11788
PGEN,2016.3094,57501,1893,-0.017443,0.380268,0.000812,0.000696,0.046639,6.0649122842,125.13166183409999,121.11837
PGEN,2016.3121,57502,1894,-0.015524,0.382551,0.00085,0.000751,0.023667,6.0649123049,125.1316618514,121.12038
PGEN,2016.3149,57503,1894,-0.017121,0.381203,0.000891,0.000807,0.000146,6.0649122927,125.131661837,121.1185
PGEN,2016.3176,57504,1894,-0.017231,0.380201,0.000806,0.000725,0.03164,6.0649122836,125.131661836,121.11797
PGEN,2016.3203,57505,1894,-0.017159,0.382757,0.000818,0.000721,0.019869,6.0649123067,125.1316618367,121.11679
PGEN,2016.3231,57506,1894,-0.017937,0.382339,0.000861,0.000742,-0.016537,6.0649123029,125.1316618296,121.10848
PGEN,2016.3258,57507,1894,-0.01722,0.380944,0.000884,0.000771,0.027751,6.0649122903,125.1316618361,121.11157
PGEN,2016.3285,57508,1894,-0.016776,0.38097,0.000838,0.000749,0.04176,6.0649122906,125.13166184010001,121.11764
PGEN,2016.3313,57509,1895,-0.016543,0.381589,0.000875,0.000746,0.056475,6.0649122962,125.1316618422,121.11682
PGEN,2016.334,57510,1895,-0.016655,0.381868,0.000873,0.000761,-0.001099,6.0649122987,125.13166184120001,121.11704
PGEN,2016.3368,57511,1895,-0.017722,0.381171,0.000915,0.0008,-0.023955,6.0649122924,125.13166183160001,121.11288
PGEN,2016.3395,57512,1895,-0.016755,0.38006,0.000901,0.000778,-0.011637,6.0649122823,125.13166184030001,121.12093
PGEN,2016.3422,57513,1895,-0.018062,0.381223,0.00086,0.000763,0.031913,6.0649122929,125.1316618285,121.11914
PGEN,2016.3477,57515,1895,-0.016264,0.381708,0.000868,0.000784,-0.028521,6.0649122972,125.1316618447,121.11828
PGEN,2016.3504,57516,1896,-0.01739,0.381055,0.000839,0.000755,-0.015603,6.0649122913,125.13166183460001,121.11976
PGEN,2016.3532,57517,1896,-0.017637,0.383541,0.000835,0.000733,-0.003289,6.0649123138,125.13166183230001,121.1178
PGEN,2016.3559,57518,1896,-0.018657,0.382012,0.000901,0.000779,0.001987,6.0649123,125.13166182309999,121.11414
PGEN,2016.3587,57519,1896,-0.01913,0.380857,0.000821,0.000741,0.027357,6.0649122895,125.1316618189,121.10808
PGEN,2016.3614,57520,1896,-0.019491,0.380216,0.000825,0.000731,0.036637,6.0649122838,125.13166181560001,121.10997
PGEN,2016.3641,57521,1896,-0.020115,0.38249,0.000909,0.000835,0.085612,6.0649123043,125.13166181,121.11708
PGEN,2016.3669,57522,1896,-0.018558,0.380762,0.000841,0.000754,0.060672,6.0649122887,125.13166182399999,121.11594
PGEN,2016.3696,57523,1897,-0.017773,0.381495,0.000855,0.000764,0.026134,6.0649122953,125.13166183109999,121.1156
PGEN,2016.3723,57524,1897,-0.017707,0.382626,0.000949,0.000806,-0.014806,6.0649123055,125.1316618317,121.11214
PGEN,2016.3751,57525,1897,-0.018456,0.384437,0.000808,0.000722,0.056975,6.0649123219,125.1316618249,121.11609
PGEN,2016.3778,57526,1897,-0.017229,0.38389,0.000887,0.000752,0.029969,6.064912317,125.131661836,121.11647
PGEN,2016.3806,57527,1897,-0.019724,0.382304,0.00084,0.000772,0.047084,6.0649123026,125.13166181349999,121.11725
PGEN,2016.3833,57528,1897,-0.016941,0.385936,0.000852,0.000761,0.035782,6.0649123355,125.1316618386,121.10669
PGEN,2016.386,57529,1897,-0.018676,0.381504,0.000921,0.000773,0.024457,6.0649122954,125.131661823,121.10844
PGEN,2016.3888,57530,1898,-0.019849,0.381208,0.000829,0.000736,0.023603,6.0649122927,125.13166181240001,121.10805
PGEN,2016.3915,57531,1898,-0.018417,0.381506,0.000881,0.000763,0.026797,6.0649122954,125.1316618253,121.11834
PGEN,2016.3943,57532,1898,-0.019886,0.383566,0.000865,0.000764,0.073569,6.064912314,125.131661812,121.10747
PGEN,2016.397,57533,1898,-0.019351,0.381412,0.000833,0.000718,0.037902,6.0649122946,125.13166181689999,121.11166
PGEN,2016.3997,57534,1898,-0.020107,0.379141,0.000822,0.00072,-0.011593,6.064912274,125.13166181,121.11253
PGEN,2016.4025,57535,1898,-0.021011,0.381537,0.000859,0.00076,-0.023957,6.0649122957,125.13166180190001,121.10531
PGEN,2016.4052,57536,1898,-0.02063,0.38268,0.000843,0.000752,0.043355,6.064912306,125.13166180530001,121.10831
PGEN,2016.4079,57537,1899,-0.019339,0.383969,0.000831,0.000733,0.047799,6.0649123177,125.13166181700001,121.10636
PGEN,2016.4107,57538,1899,-0.018655,0.383224,0.000824,0.000728,0.003459,6.0649123109,125.13166182309999,121.10452
PGEN,2016.4134,57539,1899,-0.018553,0.381993,0.000928,0.000835,0.030602,6.0649122998,125.13166182410001,121.10851
PGEN,2016.4162,57540,1899,-0.018852,0.384474,0.000907,0.000781,-0.022107,6.0649123223,125.1316618214,121.11273
PGEN,2016.4189,57541,1899,-0.019264,0.383989,0.00084,0.000751,0.071251,6.0649123179,125.13166181759999,121.11224
PGEN,2016.4216,57542,1899,-0.02003,0.382029,0.000899,0.000805,0.130098,6.0649123002,125.1316618107,121.1148
PGEN,2016.4244,57543,1899,-0.016371,0.385124,0.000957,0.000889,0.119034,6.0649123281,125.1316618438,121.11347
PGEN,2016.4271,57544,1900,-0.019799,0.383707,0.000931,0.000795,-0.013571,6.0649123153,125.13166181279999,121.10757
PGEN,2016.4298,57545,1900,-0.018459,0.381929,0.000889,0.000756,0.029698,6.0649122992,125.1316618249,121.11552
PGEN,2016.4353,57547,1900,-0.020132,0.382604,0.000888,0.000781,0.04954,6.0649123053,125.1316618098,121.11961
PGEN,2016.4381,57548,1900,-0.018915,0.38481,0.000868,0.000764,0.033264,6.0649123253,125.13166182079999,121.10095
PGEN,2016.4408,57549,1900,-0.018365,0.382376,0.00088,0.000799,0.039662,6.0649123033,125.1316618258,121.11171
PGEN,2016.4435,57550,1900,-0.021173,0.383135,0.000861,0.000765,0.03656,6.0649123101,125.1316618004,121.10858
PGEN,2016.4463,57551,1901,-0.019293,0.383218,0.000874,0.000769,0.027263,6.0649123109,125.13166181739999,121.10714
PGEN,2016.449,57552,1901,-0.017279,0.383615,0.000844,0.000748,0.041499,6.0649123145,125.1316618356,121.11224
PGEN,2016.4517,57553,1901,-0.019148,0.380981,0.000847,0.000733,0.035841,6.0649122907,125.1316618187,121.10797
PGEN,2016.4545,57554,1901,-0.019687,0.38286,0.000966,0.00083,0.063498,6.0649123077,125.13166181380001,121.11408
PGEN,2016.4572,57555,1901,-0.020703,0.38327,0.000871,0.000745,0.048478,6.0649123114,125.13166180459999,121.10935
PGEN,2016.4627,57557,1901,-0.021183,0.384574,0.000845,0.000735,0.066146,6.0649123232,125.13166180030001,121.1135
PGEN,2016.4654,57558,1902,-0.018989,0.384255,0.000817,0.000721,0.057139,6.0649123203,125.13166182009999,121.1136
PGEN,2016.4682,57559,1902,-0.022542,0.381513,0.000963,0.000843,0.006466,6.0649122955,125.131661788,121.11549
PGEN,2016.4709,57560,1902,-0.020191,0.383329,0.000813,0.000707,0.020332,6.0649123119,125.1316618093,121.11195
PGEN,2016.4736,57561,1902,-0.020867,0.383647,0.000795,0.000695,0.055925,6.0649123148,125.13166180319999,121.11014
PGEN,2016.4764,57562,1902,-0.019826,0.384722,0.000952,0.000785,0.000173,6.0649123245,125.13166181259999,121.1126
PGEN,2016.4791,57563,1902,-0.018507,0.385497,0.000895,0.000754,-0.027786,6.0649123315,125.13166182449999,121.10947
PGEN,2016.4819,57564,1902,-0.019232,0.383755,0.000833,0.000716,0.011829,6.0649123158,125.13166181790001,121.11612
PGEN,2016.4846,57565,1903,-0.017379,0.382151,0.000929,0.00081,0.045323,6.0649123012,125.1316618347,121.10764
PGEN,2016.4873,57566,1903,-0.020153,0.38427,0.000868,0.00077,0.024091,6.0649123204,125.13166180959999,121.10599
PGEN,2016.4901,57567,1903,-0.018333,0.383819,0.000804,0.0007,0.035756,6.0649123163,125.13166182609999,121.10643
PGEN,2016.4928,57568,1903,-0.021035,0.379882,0.000907,0.000807,0.012107,6.0649122807,125.1316618017,121.11645
PGEN,2016.4956,57569,1903,-0.020851,0.384148,0.000826,0.000708,0.01155,6.0649123193,125.1316618033,121.11326
PGEN,2016.4983,57570,1903,-0.019652,0.383514,0.000904,0.000785,0.00096,6.0649123136,125.1316618141,121.1086
PGEN,2016.501,57571,1903,-0.017924,0.383408,0.000835,0.000739,0.05047,6.0649123126,125.13166182980001,121.10139
PGEN,2016.5065,57573,1904,-0.020558,0.383808,0.000879,0.000769,0.036637,6.0649123162,125.13166180600001,121.1075
PGEN,2016.5092,57574,1904,-0.019945,0.382561,0.000873,0.000744,-0.004245,6.064912305,125.13166181150001,121.10964
PGEN,2016.512,57575,1904,-0.018486,0.382682,0.001047,0.000965,0.016353,6.064912306,125.13166182469999,121.11279
PGEN,2016.5147,57576,1904,-0.022301,0.383786,0.000906,0.000801,0.021946,6.064912316,125.13166179020001,121.11246
PGEN,2016.5175,57577,1904,-0.01921,0.385896,0.000975,0.000843,0.018387,6.0649123351,125.13166181810001,121.1112
PGEN,2016.5202,57578,1904,-0.02029,0.382491,0.000917,0.000776,0.054586,6.0649123043,125.1316618084,121.11224
PGEN,2016.5229,57579,1905,-0.020517,0.38319,0.00083,0.000711,0.05136,6.0649123106,125.1316618063,121.1179
PGEN,2016.5257,57580,1905,-0.020219,0.384136,0.000796,0.000694,0.032549,6.0649123192,125.13166180900001,121.11654
PGEN,2016.5284,57581,1905,-0.021606,0.383431,0.000917,0.000788,0.037005,6.0649123128,125.1316617965,121.11374
PGEN,2016.5311,57582,1905,-0.021241,0.384409,0.00086,0.000751,0.019707,6.0649123217,125.13166179980001,121.10681
PGEN,2016.5339,57583,1905,-0.019859,0.384116,0.000898,0.000778,0.072349,6.064912319,125.1316618123,121.11096
PGEN,2016.5394,57585,1905,-0.021295,0.383513,0.000941,0.000821,0.064313,6.0649123136,125.13166179929999,121.11058
PGEN,2016.5421,57586,1906,-0.019203,0.382418,0.000943,0.000823,0.027161,6.0649123037,125.1316618182,121.10905
PGEN,2016.5448,57587,1906,-0.021103,0.382772,0.000888,0.000768,-0.001816,6.0649123069,125.131661801,121.10623
PGEN,2016.5476,57588,1906,-0.020432,0.384214,0.001037,0.000892,-0.02412,6.0649123199,125.13166180709999,121.10598
PGEN,2016.553,57590,1906,-0.02249,0.384441,0.000929,0.000836,0.027985,6.064912322,125.1316617885,121.10829
PGEN,2016.5558,57591,1906,-0.022311,0.384193,0.000889,0.000764,0.062537,6.0649123197,125.1316617901,121.1051
PGEN,2016.5585,57592,1906,-0.022325,0.383391,0.000925,0.000787,0.007985,6.0649123125,125.13166179000001,121.10946
PGEN,2016.5613,57593,1907,-0.02344,0.382842,0.000925,0.000794,0.046912,6.0649123075,125.13166177990001,121.10126
PGEN,2016.564,57594,1907,-0.021471,0.38532,0.001148,0.000926,0.091771,6.0649123299,125.13166179769999,121.10624
PGEN,2016.5667,57595,1907,-0.021044,0.384156,0.000981,0.000848,0.036236,6.0649123194,125.13166180159999,121.10287
PGEN,2016.5695,57596,1907,-0.022893,0.382772,0.000888,0.000779,0.046148,6.0649123069,125.13166178489999,121.10634
PGEN,2016.5722,57597,1907,-0.018762,0.385096,0.000856,0.000737,0.026385,6.0649123279,125.13166182219999,121.10185
PGEN,2016.5749,57598,1907,-0.020477,0.383003,0.000859,0.000735,0.00952,6.064912309,125.13166180670001,121.11047
PGEN,2016.5777,57599,1907,-0.020789,0.383589,0.000877,0.000773,-0.024334,6.0649123143,125.13166180389999,121.10538
PGEN,2016.5804,57600,1908,-0.020333,0.383962,0.000798,0.000688,0.01106,6.0649123176,125.13166180799999,121.10636
PGEN,2016.5832,57601,1908,-0.022365,0.383386,0.000795,0.000684,0.017287,6.0649123124,125.1316617896,121.10375
PGEN,2016.5859,57602,1908,-0.01954,0.382923,0.000939,0.000782,0.027448,6.0649123082,125.1316618152,121.1038
PGEN,2016.5886,57603,1908,-0.020909,0.38326,0.000863,0.000741,0.035452,6.0649123113,125.13166180280001,121.11113
PGEN,2016.5914,57604,1908,-0.020723,0.383147,0.000795,0.000688,0.033569,6.0649123103,125.1316618045,121.10773
PGEN,2016.5941,57605,1908,-0.02181,0.382671,0.000842,0.000736,0.029811,6.0649123059,125.1316617947,121.10901
PGEN,2016.5969,57606,1908,-0.020436,0.383714,0.000891,0.000775,0.033254,6.0649123154,125.13166180709999,121.10947
PGEN,2016.5996,57607,1909,-0.018555,0.382524,0.000829,0.000724,0.031306,6.0649123046,125.13166182410001,121.10926
PGEN,2016.6023,57608,1909,-0.021883,0.383987,0.000851,0.00073,0.026863,6.0649123179,125.131661794,121.09842
PGEN,2016.6051,57609,1909,-0.019851,0.380925,0.000871,0.0008,0.040037,6.0649122902,125.1316618123,121.10897
PGEN,2016.6078,57610,1909,-0.019181,0.382785,0.000837,0.000746,0.050877,6.064912307,125.1316618184,121.10491
PGEN,2016.6133,57612,1909,-0.018608,0.383021,0.000836,0.000716,0.031774,6.0649123091,125.13166182360001,121.10885
PGEN,2016.616,57613,1909,-0.018612,0.382203,0.000911,0.000761,0.044054,6.0649123017,125.1316618235,121.10847
PGEN,2016.6188,57614,1910,-0.016577,0.383239,0.000973,0.000865,0.018051,6.0649123111,125.13166184190001,121.10782
PGEN,2016.6215,57615,1910,-0.019769,0.382566,0.000931,0.000791,0.059464,6.064912305,125.13166181310001,121.10444
PGEN,2016.627,57617,1910,-0.021829,0.385069,0.001013,0.000861,0.072641,6.0649123276,125.13166179449999,121.11561
PGEN,2016.6324,57619,1910,-0.020511,0.381231,0.001081,0.000874,0.055208,6.0649122929,125.13166180639999,121.11157
PGEN,2016.6352,57620,1910,-0.021119,0.381147,0.000821,0.000716,0.049741,6.0649122922,125.13166180089999,121.10273
PGEN,2016.6379,57621,1911,-0.020115,0.38339,0.000857,0.00075,0.038761,6.0649123125,125.13166181,121.11806
PGEN,2016.6407,57622,1911,-0.019863,0.384679,0.000827,0.000726,0.009848,6.0649123241,125.13166181220001,121.10274
PGEN,2016.6489,57625,1911,-0.022905,0.381733,0.000884,0.000741,0.041502,6.0649122975,125.1316617848,121.10507
PGEN,2016.6516,57626,1911,-0.025845,0.383432,0.001009,0.000911,0.122984,6.0649123128,125.13166175820001,121.11387
PGEN,2016.6543,57627,1911,-0.022468,0.381843,0.000855,0.000743,0.023335,6.0649122985,125.1316617887,121.09944
PGEN,2016.6571,57628,1912,-0.021646,0.382428,0.000856,0.00073,0.014373,6.0649123037,125.13166179609999,121.10621
PGEN,2016.6598,57629,1912,-0.022792,0.381279,0.000848,0.000737,0.014406,6.0649122934,125.13166178579999,121.09554
PGEN,2016.668,57632,1912,-0.022636,0.378643,0.000956,0.000824,0.006107,6.0649122695,125.13166178719999,121.0943
PGEN,2016.7146,57649,1915,-0.021449,0.382142,0.000821,0.000706,0.054893,6.0649123012,125.1316617979,121.11893
PGEN,2016.7173,57650,1915,-0.022084,0.380041,0.000812,0.000712,0.050352,6.0649122822,125.13166179219999,121.11268
PGEN,2016.7201,57651,1915,-0.021334,0.379624,0.000814,0.000677,0.027326,6.0649122784,125.13166179890001,121.11191
PGEN,2016.7228,57652,1915,-0.021367,0.381248,0.000818,0.000694,0.033604,6.0649122931,125.13166179870001,121.11651
PGEN,2016.7255,57653,1915,-0.022388,0.379901,0.000872,0.000724,0.048165,6.0649122809,125.1316617894,121.11626
PGEN,2016.7283,57654,1915,-0.021541,0.380946,0.000876,0.00073,0.035731,6.0649122904,125.13166179710001,121.11212
PGEN,2016.731,57655,1915,-0.022221,0.380003,0.000872,0.000738,0.024785,6.0649122818,125.13166179090001,121.10411
PGEN,2016.9227,57725,1925,-0.018291,0.379395,0.001044,0.000897,0.037559,6.0649122763,125.1316618264,121.11131
PGEN,2016.9254,57726,1926,-0.018733,0.377744,0.002232,0.001937,0.108562,6.0649122614,125.13166182239999,121.10673
PGEN,2016.9309,57728,1926,-0.020044,0.379661,0.001043,0.000885,0.03795,6.0649122787,125.13166181060001,121.10783
PGEN,2016.9336,57729,1926,-0.020174,0.379786,0.001396,0.001312,0.03146,6.0649122799,125.13166180939999,121.10433
PGEN,2016.9418,57732,1926,-0.019559,0.379274,0.001328,0.001174,0.05578,6.0649122752,125.131661815,121.10561
PGEN,2016.95,57735,1927,-0.022647,0.380421,0.001436,0.001273,0.046343,6.0649122856,125.1316617871,121.09789
PGEN,2016.9555,57737,1927,-0.02186,0.380504,0.000991,0.000856,-0.00368,6.0649122864,125.1316617942,121.10626
PGEN,2016.9582,57738,1927,-0.02286,0.379497,0.001559,0.001392,-0.031503,6.0649122772,125.13166178520001,121.10545
PGEN,2016.9665,57741,1928,-0.021008,0.378245,0.001489,0.001321,0.027953,6.0649122659,125.13166180190001,121.10706
PGEN,2016.9692,57742,1928,-0.021993,0.381217,0.001117,0.001012,0.049826,6.0649122928,125.131661793,121.09466
PGEN,2016.9719,57743,1928,-0.018932,0.377649,0.000901,0.000777,0.033373,6.0649122605,125.13166182059999,121.10318
PGEN,2016.9884,57749,1929,-0.020985,0.376696,0.000828,0.000707,0.051204,6.0649122519,125.13166180210001,121.10123
PGEN,2016.9911,57750,1929,-0.020964,0.376161,0.000827,0.000709,0.043122,6.0649122471,125.13166180229999,121.10071
PGEN,2016.9966,57752,1929,-0.019231,0.375676,0.001757,0.00138,-0.033053,6.0649122427,125.13166181790001,121.10278
PGEN,2017.0021,57754,1930,-0.02335,0.375068,0.001132,0.000993,0.079719,6.0649122372,125.1316617807,121.10055
PGEN,2017.0048,57755,1930,-0.019595,0.376854,0.000974,0.000857,0.029202,6.0649122533,125.13166181470001,121.10419
PGEN,2017.0075,57756,1930,-0.022484,0.376605,0.00101,0.000885,0.056025,6.0649122511,125.13166178860001,121.10152
PGEN,2017.0103,57757,1930,-0.022619,0.375631,0.000847,0.000728,0.043827,6.0649122423,125.1316617873,121.09801
PGEN,2017.0212,57761,1931,-0.019192,0.378213,0.000994,0.000827,0.08056,6.0649122656,125.13166181829999,121.10437
PGEN,2017.024,57762,1931,-0.018662,0.376284,0.000835,0.000709,0.026412,6.0649122482,125.13166182309999,121.10289
PGEN,2017.0267,57763,1931,-0.019841,0.375888,0.00086,0.000723,0.02804,6.0649122446,125.13166181240001,121.10055
PGEN,2017.0349,57766,1931,-0.023693,0.375067,0.00148,0.001143,0.042368,6.0649122372,125.13166177759999,121.10552
PGEN,2017.0376,57767,1931,-0.020071,0.374472,0.000941,0.000816,0.041272,6.0649122318,125.1316618104,121.10502
PGEN,2017.0404,57768,1932,-0.020213,0.377521,0.001008,0.000829,0.079123,6.0649122594,125.1316618091,121.09859
PGEN,2017.0431,57769,1932,-0.019462,0.375292,0.000816,0.0007,0.034652,6.0649122392,125.1316618159,121.10304
PGEN,2017.0459,57770,1932,-0.021869,0.375752,0.000832,0.000702,0.072141,6.0649122434,125.13166179410001,121.11121
PGEN,2017.0513,57772,1932,-0.021948,0.374531,0.001158,0.001021,-0.013775,6.0649122323,125.13166179340001,121.09607
PGEN,2017.0541,57773,1932,-0.022219,0.375389,0.000949,0.000833,0.041917,6.0649122401,125.131661791,121.10141
PGEN,2017.0568,57774,1932,-0.021663,0.374566,0.000974,0.000859,0.035134,6.0649122327,125.131661796,121.09974
PGEN,2017.0595,57775,1933,-0.021839,0.375722,0.000856,0.000744,0.042135,6.0649122431,125.1316617944,121.10095
PGEN,2017.1198,57797,1936,-0.020517,0.374246,0.001454,0.001266,0.07816,6.0649122298,125.1316618063,121.09505
PGEN,2017.1225,57798,1936,-0.023783,0.375857,0.000963,0.000819,0.034963,6.0649122443,125.1316617768,121.10425
PGEN,2017.1472,57807,1937,-0.02309,0.37464,0.001204,0.000997,0.01887,6.0649122333,125.13166178309999,121.09774
PGEN,2017.1526,57809,1937,-0.024869,0.373994,0.000973,0.000811,0.036454,6.0649122275,125.131661767,121.11071
PGEN,2017.1554,57810,1938,-0.021197,0.374143,0.000971,0.000849,0.011277,6.0649122288,125.13166180019999,121.10723
PGEN,2017.1608,57812,1938,-0.023983,0.37423,0.000938,0.000782,0.041308,6.0649122296,125.131661775,121.10703
PGEN,2017.1636,57813,1938,-0.024809,0.37503,0.000913,0.000771,-0.002555,6.0649122369,125.13166176760001,121.10937
PGEN,2017.1663,57814,1938,-0.025923,0.37443,0.000878,0.000756,0.024406,6.0649122314,125.13166175750001,121.1098
PGEN,2017.1691,57815,1938,-0.024039,0.372918,0.000803,0.00068,0.040935,6.0649122178,125.1316617745,121.11004
PGEN,2017.1718,57816,1938,-0.024708,0.372303,0.000832,0.000716,0.005867,6.0649122122,125.13166176850001,121.10977
PGEN,2017.1855,57821,1939,-0.022505,0.372522,0.001065,0.000926,0.029433,6.0649122142,125.13166178840001,121.10733
PGEN,2017.1882,57822,1939,-0.024743,0.374682,0.000818,0.00069,0.0306,6.0649122337,125.1316617681,121.10173
PGEN,2017.191,57823,1939,-0.025195,0.373043,0.000812,0.000694,0.034429,6.0649122189,125.13166176409999,121.10468
PGEN,2017.1937,57824,1940,-0.024985,0.371736,0.000824,0.000707,0.007848,6.0649122071,125.13166176600001,121.10564
PGEN,2017.1964,57825,1940,-0.023865,0.374299,0.000846,0.000725,0.053315,6.0649122303,125.1316617761,121.09774
PGEN,2017.1992,57826,1940,-0.024279,0.375849,0.000874,0.000731,0.027378,6.0649122443,125.13166177229999,121.10435
PGEN,2017.2019,57827,1940,-0.025375,0.373462,0.000824,0.000706,0.031971,6.0649122227,125.1316617624,121.1012
PGEN,2017.2047,57828,1940,-0.025789,0.373202,0.000843,0.000739,0.073589,6.0649122203,125.1316617587,121.10739
PGEN,2017.2074,57829,1940,-0.027646,0.373795,0.000862,0.000733,0.039707,6.0649122257,125.13166174189999,121.11559
PGEN,2017.2101,57830,1940,-0.026641,0.371039,0.000827,0.000699,0.021744,6.0649122008,125.131661751,121.11232
PGEN,2017.2129,57831,1941,-0.024416,0.372404,0.000805,0.000686,0.014407,6.0649122131,125.1316617711,121.10653
PGEN,2017.2156,57832,1941,-0.025056,0.372286,0.000834,0.000722,0.070434,6.064912212,125.13166176530001,121.10916
PGEN,2017.2183,57833,1941,-0.024017,0.37257,0.000872,0.000721,0.038,6.0649122146,125.1316617747,121.10721
PGEN,2017.2211,57834,1941,-0.026569,0.37272,0.000854,0.000728,0.028785,6.064912216,125.1316617517,121.109
PGEN,2017.2238,57835,1941,-0.023272,0.373123,0.001048,0.000904,0.035082,6.0649122196,125.1316617814,121.10714
PGEN,2017.2266,57836,1941,-0.024671,0.374118,0.000845,0.000717,0.015646,6.0649122286,125.1316617688,121.108
PGEN,2017.2293,57837,1941,-0.027333,0.374163,0.000887,0.000745,0.066093,6.064912229,125.1316617448,121.1052
PGEN,2017.232,57838,1942,-0.0267,0.371535,0.000871,0.000721,0.034509,6.0649122052,125.1316617505,121.10633
PGEN,2017.2348,57839,1942,-0.026864,0.370773,0.000904,0.000757,0.031143,6.0649121984,125.13166174899999,121.10736
PGEN,2017.2375,57840,1942,-0.024122,0.373154,0.000932,0.000778,0.044648,6.0649122199,125.1316617738,121.1253
PGEN,2017.2594,57848,1943,-0.025381,0.373802,0.000894,0.000786,0.04435,6.0649122258,125.1316617624,121.10912
PGEN,2017.2621,57849,1943,-0.026756,0.374517,0.000838,0.000757,0.072737,6.0649122322,125.13166175,121.1015
PGEN,2017.2649,57850,1943,-0.026326,0.374336,0.00083,0.000717,0.037039,6.0649122306,125.1316617539,121.10993
PGEN,2017.2676,57851,1943,-0.027607,0.371738,0.00081,0.000708,0.048197,6.0649122071,125.1316617423,121.10883
PGEN,2017.2704,57852,1944,-0.025199,0.372395,0.00083,0.000708,0.028094,6.064912213,125.131661764,121.10929
PGEN,2017.2758,57854,1944,-0.024925,0.373086,0.000811,0.000707,0.005142,6.0649122193,125.1316617665,121.10766
PGEN,2017.2786,57855,1944,-0.025511,0.370901,0.000844,0.000723,0.059123,6.0649121995,125.13166176120001,121.10605
PGEN,2017.2813,57856,1944,-0.030075,0.372505,0.001195,0.001035,-0.0076,6.064912214,125.13166172000001,121.11781
PGEN,2017.2841,57857,1944,-0.028266,0.372742,0.000861,0.000745,0.07063,6.0649122162,125.1316617363,121.10551
PGEN,2017.2868,57858,1944,-0.026414,0.372123,0.00084,0.000735,0.021872,6.0649122106,125.13166175309999,121.10801
PGEN,2017.2895,57859,1945,-0.029368,0.371371,0.000917,0.00081,0.075506,6.0649122038,125.13166172640001,121.11198
PGEN,2017.2923,57860,1945,-0.02651,0.371068,0.000961,0.000841,0.047106,6.064912201,125.13166175219999,121.10878
PGEN,2017.295,57861,1945,-0.025321,0.371566,0.000824,0.000729,0.046567,6.0649122055,125.1316617629,121.10426
PGEN,2017.2977,57862,1945,-0.02621,0.371255,0.000826,0.000719,0.026573,6.0649122027,125.1316617549,121.10717
PGEN,2017.3005,57863,1945,-0.027656,0.37144,0.000847,0.000714,0.056285,6.0649122044,125.1316617418,121.11043
PGEN,2017.3032,57864,1945,-0.025787,0.371611,0.000818,0.000704,0.028868,6.0649122059,125.1316617587,121.10766
PGEN,2017.306,57865,1945,-0.029376,0.371997,0.00089,0.000785,0.045834,6.0649122094,125.1316617263,121.10922
PGEN,2017.3087,57866,1946,-0.028556,0.371409,0.000857,0.000744,0.00561,6.0649122041,125.13166173370001,121.10349
PGEN,2017.3114,57867,1946,-0.029379,0.373537,0.000911,0.00078,0.012928,6.0649122234,125.1316617263,121.12282
PGEN,2017.3142,57868,1946,-0.02785,0.373414,0.000873,0.000747,0.018125,6.0649122222,125.13166174009999,121.11035
PGEN,2017.3169,57869,1946,-0.025269,0.376534,0.000828,0.000718,0.036139,6.0649122505,125.13166176339999,121.10657
PGEN,2017.3196,57870,1946,-0.028501,0.370291,0.001025,0.000895,0.024584,6.064912194,125.13166173420001,121.10884
PGEN,2017.3251,57872,1946,-0.030954,0.372309,0.001081,0.000927,0.112411,6.0649122122,125.13166171200001,121.10994
PGEN,2017.3279,57873,1947,-0.032261,0.368336,0.001142,0.000983,0.086652,6.0649121763,125.1316617002,121.10906
PGEN,2017.3306,57874,1947,-0.031056,0.369628,0.000874,0.000757,-0.001938,6.064912188,125.13166171110001,121.11137
PGEN,2017.3333,57875,1947,-0.031116,0.368889,0.000899,0.000787,0.052381,6.0649121813,125.13166171060001,121.10345
PGEN,2017.3361,57876,1947,-0.032136,0.368328,0.000836,0.000731,0.075375,6.0649121763,125.13166170139999,121.11039
PGEN,2017.3388,57877,1947,-0.032501,0.368297,0.00082,0.000701,0.03587,6.064912176,125.1316616981,121.10687
PGEN,2017.3415,57878,1947,-0.032371,0.369192,0.000867,0.000725,0.029705,6.0649121841,125.13166169920001,121.1016
PGEN,2017.3443,57879,1947,-0.031036,0.368606,0.000981,0.000845,0.043212,6.0649121788,125.13166171130001,121.11504
PGEN,2017.347,57880,1948,-0.032034,0.367706,0.000832,0.000726,0.055049,6.0649121706,125.1316617023,121.10753
PGEN,2017.3498,57881,1948,-0.034085,0.367684,0.000837,0.000739,0.046632,6.0649121704,125.13166168379999,121.1056
PGEN,2017.3525,57882,1948,-0.030926,0.369694,0.00083,0.000719,0.042584,6.0649121886,125.1316617123,121.10587
PGEN,2017.3552,57883,1948,-0.033862,0.367379,0.00081,0.000707,0.04584,6.0649121677,125.1316616858,121.11449
PGEN,2017.358,57884,1948,-0.034265,0.369557,0.000816,0.0007,0.080377,6.0649121874,125.1316616821,121.10885
PGEN,2017.3607,57885,1948,-0.0337,0.36858,0.000826,0.000723,0.038589,6.0649121785,125.1316616872,121.11106
PGEN,2017.3634,57886,1948,-0.032521,0.368811,0.000806,0.000692,0.048358,6.0649121806,125.1316616979,121.11363
PGEN,2017.3662,57887,1949,-0.032865,0.367652,0.000833,0.000694,0.03452,6.0649121701,125.13166169479999,121.11164
PGEN,2017.3689,57888,1949,-0.031254,0.368015,0.000852,0.00071,0.047353,6.0649121734,125.1316617093,121.105
PGEN,2017.3717,57889,1949,-0.030973,0.368357,0.000829,0.00069,0.026204,6.0649121765,125.1316617119,121.11205
PGEN,2017.3744,57890,1949,-0.033162,0.371315,0.000825,0.000727,0.057424,6.0649122033,125.13166169210001,121.10745
PGEN,2017.3771,57891,1949,-0.034077,0.370073,0.000831,0.000722,0.05951,6.064912192,125.13166168379999,121.10598
PGEN,2017.3799,57892,1949,-0.034845,0.368487,0.000876,0.000769,0.117764,6.0649121777,125.1316616769,121.11093
PGEN,2017.3826,57893,1949,-0.033632,0.369478,0.000853,0.000728,0.055193,6.0649121866,125.13166168789999,121.10497
PGEN,2017.3854,57894,1950,-0.032279,0.370102,0.000836,0.000723,0.062308,6.0649121923,125.13166170010001,121.10675
PGEN,2017.3881,57895,1950,-0.03274,0.369623,0.000821,0.000701,0.076743,6.064912188,125.1316616959,121.1072
PGEN,2017.3908,57896,1950,-0.034102,0.368715,0.00085,0.000728,0.049497,6.0649121798,125.13166168359999,121.10259
PGEN,2017.3936,57897,1950,-0.034485,0.369854,0.000826,0.000703,0.051516,6.0649121901,125.1316616801,121.11141
PGEN,2017.3963,57898,1950,-0.031905,0.36847,0.000817,0.000701,0.039047,6.0649121775,125.13166170349999,121.11135
PGEN,2017.399,57899,1950,-0.032299,0.369996,0.000829,0.000697,0.059293,6.0649121913,125.13166169990001,121.10474
PGEN,2017.4018,57900,1950,-0.030903,0.370631,0.000815,0.000696,0.059575,6.0649121971,125.1316617125,121.09761
PGEN,2017.4045,57901,1951,-0.032997,0.368337,0.000874,0.000743,0.044171,6.0649121763,125.1316616936,121.10275
PGEN,2017.4073,57902,1951,-0.032822,0.369447,0.00083,0.000736,0.054354,6.0649121864,125.1316616952,121.11504
PGEN,2017.41,57903,1951,-0.031946,0.369774,0.000831,0.000714,0.041291,6.0649121893,125.13166170310001,121.10589
PGEN,2017.4127,57904,1951,-0.030906,0.370837,0.000802,0.000683,0.043163,6.0649121989,125.1316617125,121.09863
PGEN,2017.4182,57906,1951,-0.031427,0.366512,0.000996,0.000861,-0.012487,6.0649121598,125.13166170779999,121.10917
PGEN,2017.4209,57907,1951,-0.032929,0.370537,0.000861,0.000731,-0.006262,6.0649121962,125.1316616942,121.09745
PGEN,2017.4237,57908,1952,-0.033367,0.368456,0.000849,0.000722,0.076506,6.0649121774,125.13166169019999,121.11522
PGEN,2017.4264,57909,1952,-0.030213,0.370013,0.000837,0.000705,0.047587,6.0649121915,125.1316617187,121.0974
PGEN,2017.4292,57910,1952,-0.032751,0.370585,0.000812,0.000699,0.027942,6.0649121967,125.1316616958,121.10635
PGEN,2017.4319,57911,1952,-0.033132,0.3695,0.000837,0.000725,0.047799,6.0649121868,125.1316616924,121.11218
PGEN,2017.4346,57912,1952,-0.031856,0.368927,0.000827,0.000707,0.050026,6.0649121817,125.1316617039,121.11147
PGEN,2017.4374,57913,1952,-0.033084,0.368972,0.000814,0.000703,0.05298,6.0649121821,125.13166169280001,121.1011
PGEN,2017.4401,57914,1952,-0.03452,0.369771,0.00082,0.000701,0.044635,6.0649121893,125.1316616798,121.10321
PGEN,2017.4428,57915,1953,-0.034315,0.369438,0.000832,0.000707,0.040168,6.0649121863,125.1316616817,121.10329
PGEN,2017.4456,57916,1953,-0.03231,0.369478,0.000994,0.000848,0.113153,6.0649121867,125.13166169979999,121.10758
PGEN,2017.4483,57917,1953,-0.031319,0.373202,0.000822,0.000732,0.04511,6.0649122203,125.1316617087,121.0991
PGEN,2017.4538,57919,1953,-0.032512,0.370378,0.000934,0.000822,0.045007,6.0649121948,125.13166169799999,121.10216
PGEN,2017.4565,57920,1953,-0.03216,0.369688,0.000827,0.000723,0.079345,6.0649121886,125.13166170119999,121.10075
PGEN,2017.4593,57921,1953,-0.032947,0.370516,0.000835,0.000718,0.051558,6.064912196,125.131661694,121.10077
PGEN,2017.462,57922,1954,-0.034623,0.371773,0.000824,0.000708,0.023465,6.0649122074,125.1316616789,121.10755
PGEN,2017.4648,57923,1954,-0.033577,0.369897,0.000815,0.000713,0.042673,6.0649121904,125.1316616883,121.10776
PGEN,2017.4757,57927,1954,-0.035669,0.370865,0.000844,0.00071,0.025256,6.0649121992,125.13166166939999,121.10063
PGEN,2017.4784,57928,1954,-0.034127,0.371284,0.000801,0.0007,0.037398,6.064912203,125.13166168340001,121.10592
PGEN,2017.4812,57929,1955,-0.034806,0.36996,0.000806,0.000701,0.055185,6.064912191,125.13166167719999,121.10725
PGEN,2017.4839,57930,1955,-0.03422,0.370391,0.000801,0.000682,0.061336,6.0649121949,125.13166168250001,121.10112
PGEN,2017.4867,57931,1955,-0.035951,0.372301,0.000822,0.000702,0.072167,6.0649122122,125.13166166689999,121.09891
PGEN,2017.4894,57932,1955,-0.035282,0.369338,0.000839,0.000718,0.070318,6.0649121854,125.13166167290001,121.09829
PGEN,2017.4921,57933,1955,-0.03498,0.369347,0.00081,0.000688,0.034656,6.0649121855,125.1316616757,121.10269
PGEN,2017.4949,57934,1955,-0.033231,0.372145,0.000823,0.000707,0.051375,6.0649122108,125.1316616915,121.10038
PGEN,2017.4976,57935,1955,-0.032087,0.369206,0.000832,0.000719,0.057065,6.0649121842,125.1316617018,121.11052
PGEN,2017.5003,57936,1956,-0.034721,0.367734,0.000814,0.000705,0.053617,6.0649121709,125.131661678,121.10504
PGEN,2017.5031,57937,1956,-0.035169,0.370091,0.000804,0.000696,0.041907,6.0649121922,125.13166167399999,121.10582
PGEN,2017.525,57945,1957,-0.033941,0.370358,0.000822,0.0007,0.051867,6.0649121946,125.1316616851,121.10122
PGEN,2017.5277,57946,1957,-0.035305,0.370664,0.00085,0.000718,0.050877,6.0649121974,125.1316616727,121.09834
PGEN,2017.5305,57947,1957,-0.032979,0.370322,0.000841,0.000719,0.033617,6.0649121943,125.13166169370001,121.10362
PGEN,2017.5332,57948,1957,-0.0329,0.370074,0.000829,0.000704,0.063402,6.064912192,125.1316616945,121.10185
PGEN,2017.5359,57949,1957,-0.034869,0.370806,0.000866,0.00073,0.027305,6.0649121987,125.13166167669999,121.09774
PGEN,2017.5387,57950,1958,-0.036035,0.369365,0.000898,0.000786,0.048167,6.0649121856,125.1316616661,121.09547
PGEN,2017.5414,57951,1958,-0.032336,0.371653,0.000832,0.000707,0.045904,6.0649122063,125.13166169959999,121.1095
PGEN,2017.5441,57952,1958,-0.033092,0.370571,0.000829,0.000722,0.05057,6.0649121965,125.13166169269999,121.09264
PGEN,2017.5469,57953,1958,-0.036165,0.370412,0.000837,0.000726,0.034244,6.0649121951,125.131661665,121.09405
PGEN,2017.5496,57954,1958,-0.035342,0.370138,0.000808,0.000695,0.050843,6.0649121926,125.13166167240001,121.09533
PGEN,2017.5524,57955,1958,-0.033061,0.369157,0.000818,0.000708,0.052367,6.0649121837,125.13166169300001,121.10143
PGEN,2017.5551,57956,1958,-0.035323,0.369026,0.001087,0.000932,-0.023299,6.0649121826,125.13166167259999,121.10166
PGEN,2017.5578,57957,1959,-0.034143,0.371679,0.000825,0.000727,0.061459,6.0649122066,125.13166168320001,121.09364
PGEN,2017.5606,57958,1959,-0.034235,0.369705,0.000822,0.000704,0.0709,6.0649121887,125.1316616824,121.09435
PGEN,2017.5633,57959,1959,-0.034613,0.37067,0.001,0.000828,0.067131,6.0649121974,125.13166167899999,121.09892
PGEN,2017.5661,57960,1959,-0.033129,0.369583,0.000815,0.000715,0.0427,6.0649121876,125.1316616924,121.08888
PGEN,2017.5688,57961,1959,-0.033608,0.369916,0.000814,0.000708,0.0343,6.0649121906,125.1316616881,121.09145
PGEN,2017.5715,57962,1959,-0.035861,0.369079,0.000843,0.000711,0.031425,6.064912183,125.1316616677,121.08781
PGEN,2017.5743,57963,1959,-0.033124,0.369199,0.000827,0.000703,0.038771,6.0649121841,125.1316616924,121.09762
PGEN,2017.577,57964,1960,-0.032594,0.368305,0.000851,0.000753,0.072774,6.064912176,125.1316616972,121.09378
PGEN,2017.5797,57965,1960,-0.034187,0.36962,0.00084,0.000711,0.046095,6.0649121879,125.1316616828,121.10208
PGEN,2017.5825,57966,1960,-0.034369,0.371183,0.000807,0.0007,0.047862,6.0649122021,125.1316616812,121.09624
PGEN,2017.5852,57967,1960,-0.03361,0.370295,0.000815,0.000692,0.039197,6.064912194,125.1316616881,121.09412
PGEN,2017.588,57968,1960,-0.033627,0.368794,0.000831,0.000709,0.045681,6.0649121805,125.13166168789999,121.10429
PGEN,2017.5907,57969,1960,-0.032711,0.36955,0.000831,0.000718,0.063922,6.0649121873,125.13166169620001,121.10164
PGEN,2017.5934,57970,1960,-0.035757,0.368855,0.00082,0.00071,0.043165,6.064912181,125.13166166869999,121.09564
PGEN,2017.5962,57971,1961,-0.033821,0.36919,0.000854,0.000721,0.020033,6.064912184,125.13166168609999,121.10107
PGEN,2017.5989,57972,1961,-0.035646,0.370584,0.000821,0.000708,0.021846,6.0649121966,125.13166166970001,121.09665
PGEN,2017.6016,57973,1961,-0.035036,0.369313,0.000847,0.00072,0.041183,6.0649121852,125.13166167520001,121.09735
PGEN,2017.6044,57974,1961,-0.034634,0.368204,0.000837,0.000723,0.025408,6.0649121751,125.13166167879999,121.10085
PGEN,2017.6071,57975,1961,-0.035572,0.368781,0.000906,0.000777,0.036994,6.0649121804,125.13166167029999,121.0942
PGEN,2017.6099,57976,1961,-0.036361,0.370138,0.000856,0.000711,0.061097,6.0649121926,125.13166166319999,121.09713
PGEN,2017.6126,57977,1961,-0.035629,0.367922,0.000842,0.000721,0.035227,6.0649121726,125.1316616698,121.10898
PGEN,2017.6153,57978,1962,-0.035408,0.37103,0.000828,0.000713,0.020729,6.0649122007,125.1316616718,121.09507
PGEN,2017.6181,57979,1962,-0.036501,0.368791,0.000852,0.000712,0.03654,6.0649121804,125.13166166190001,121.09438
PGEN,2017.6208,57980,1962,-0.036027,0.369576,0.00082,0.000706,0.050846,6.0649121875,125.13166166619999,121.1015
PGEN,2017.6235,57981,1962,-0.036983,0.368666,0.000818,0.00071,0.031962,6.0649121793,125.1316616576,121.09846
PGEN,2017.6263,57982,1962,-0.035025,0.365983,0.000869,0.000752,0.117598,6.064912155,125.1316616753,121.09865
PGEN,2017.629,57983,1962,-0.037375,0.37124,0.000891,0.00077,0.022216,6.0649122026,125.131661654,121.10221
PGEN,2017.6318,57984,1962,-0.036968,0.369084,0.000846,0.000733,0.075613,6.0649121831,125.1316616577,121.0948
PGEN,2017.6345,57985,1963,-0.03658,0.369186,0.000848,0.000741,0.048498,6.064912184,125.13166166120001,121.09756
PGEN,2017.6372,57986,1963,-0.035504,0.368758,0.000836,0.000719,0.015018,6.0649121801,125.1316616709,121.0961
PGEN,2017.64,57987,1963,-0.037384,0.368772,0.000837,0.000726,0.08453,6.0649121803,125.131661654,121.10058
PGEN,2017.6427,57988,1963,-0.036337,0.369876,0.000822,0.000715,0.049902,6.0649121902,125.1316616634,121.09546
PGEN,2017.6454,57989,1963,-0.03855,0.367794,0.000831,0.00071,0.03463,6.0649121714,125.13166164340001,121.09571
PGEN,2017.6482,57990,1963,-0.038374,0.368681,0.000854,0.00071,0.006301,6.0649121794,125.13166164500001,121.09581
PGEN,2017.6509,57991,1963,-0.038126,0.369776,0.000836,0.000731,0.053751,6.0649121893,125.1316616473,121.09192
PGEN,2017.6537,57992,1964,-0.03931,0.369657,0.00082,0.000716,0.050007,6.0649121883,125.1316616366,121.10175
PGEN,2017.6564,57993,1964,-0.036586,0.36722,0.00085,0.000715,0.05423,6.0649121662,125.13166166120001,121.09574
PGEN,2017.6591,57994,1964,-0.039795,0.366856,0.000841,0.00071,0.018579,6.0649121629,125.13166163220001,121.10063
PGEN,2017.6619,57995,1964,-0.038698,0.370626,0.000837,0.000715,0.008716,6.064912197,125.1316616421,121.10054
PGEN,2017.6646,57996,1964,-0.036193,0.368608,0.000874,0.000708,0.001795,6.0649121788,125.1316616647,121.09768
PGEN,2017.6674,57997,1964,-0.038995,0.369152,0.000907,0.000747,0.032498,6.0649121837,125.1316616394,121.09659
PGEN,2017.6701,57998,1964,-0.039336,0.368887,0.00085,0.00073,0.01333,6.0649121813,125.13166163630001,121.09784
PGEN,2017.6728,57999,1965,-0.036609,0.368994,0.000854,0.000734,0.004736,6.0649121823,125.13166166100001,121.09568
PGEN,2017.6756,58000,1965,-0.0389,0.366683,0.000873,0.000747,-0.005159,6.0649121614,125.1316616403,121.09815
PGEN,2017.6783,58001,1965,-0.040054,0.368921,0.000889,0.000747,0.009241,6.0649121816,125.13166162979999,121.10006
PGEN,2017.681,58002,1965,-0.037923,0.369253,0.000828,0.00071,0.0415,6.0649121846,125.13166164910001,121.09778
PGEN,2017.6865,58004,1965,-0.037068,0.36876,0.000913,0.000756,0.038732,6.0649121802,125.13166165679999,121.1038
PGEN,2017.6893,58005,1965,-0.037681,0.368499,0.000832,0.000719,0.045552,6.0649121778,125.13166165129999,121.09313
PGEN,2017.692,58006,1966,-0.037035,0.369591,0.000863,0.000726,0.059626,6.0649121877,125.13166165710001,121.09804
PGEN,2017.6947,58007,1966,-0.036034,0.368076,0.000848,0.000751,0.017679,6.064912174,125.13166166619999,121.10049
PGEN,2017.6975,58008,1966,-0.038275,0.367665,0.000827,0.000711,0.03104,6.0649121703,125.13166164590001,121.09893
PGEN,2017.7002,58009,1966,-0.037444,0.366827,0.000825,0.000709,0.058951,6.0649121627,125.13166165339999,121.09031
PGEN,2017.7029,58010,1966,-0.037548,0.368299,0.000912,0.000797,0.0028770000000000002,6.064912176,125.13166165249999,121.09081
PGEN,2017.7057,58011,1966,-0.037491,0.366122,0.000856,0.000763,0.062294,6.0649121563,125.13166165300001,121.09393
PGEN,2017.7084,58012,1966,-0.038788,0.370404,0.000827,0.000712,0.037731,6.064912195,125.13166164130001,121.09227
PGEN,2017.7112,58013,1967,-0.037355,0.367701,0.000863,0.000732,0.013399,6.0649121706,125.1316616542,121.09477
PGEN,2017.7139,58014,1967,-0.038599,0.368865,0.000837,0.000724,0.036234,6.0649121811,125.131661643,121.09135
PGEN,2017.7166,58015,1967,-0.036563,0.367088,0.000822,0.000712,0.032194,6.064912165,125.13166166139999,121.09274
PGEN,2017.7194,58016,1967,-0.036502,0.367619,0.000867,0.000729,0.010503,6.0649121698,125.13166166190001,121.10324
PGEN,2017.7221,58017,1967,-0.03663,0.367154,0.000827,0.000703,0.054386,6.0649121656,125.1316616608,121.09862
PGEN,2017.7248,58018,1967,-0.036831,0.367333,0.000843,0.000716,0.012765,6.0649121673,125.131661659,121.09668
PGEN,2017.7276,58019,1967,-0.035442,0.368599,0.000851,0.000736,0.071558,6.0649121787,125.13166167150001,121.09852
PGEN,2017.7303,58020,1968,-0.035031,0.36675,0.000953,0.000821,0.053077,6.064912162,125.13166167520001,121.09538
PGEN,2017.7331,58021,1968,-0.036525,0.36755,0.000889,0.000743,0.04316,6.0649121692,125.13166166170001,121.09584
PGEN,2017.7358,58022,1968,-0.036914,0.367461,0.000875,0.000754,0.058049,6.0649121684,125.13166165819999,121.1001
PGEN,2017.7385,58023,1968,-0.036991,0.366345,0.000807,0.000695,0.044794,6.0649121583,125.13166165749999,121.09926
PGEN,2017.7413,58024,1968,-0.037371,0.365763,0.000842,0.00073,0.04887,6.0649121531,125.13166165409999,121.09716
PGEN,2017.744,58025,1968,-0.035144,0.365817,0.000856,0.000723,0.04078,6.0649121535,125.13166167419999,121.09591
PGEN,2017.7467,58026,1968,-0.036545,0.367147,0.000831,0.000719,0.042143,6.0649121656,125.1316616615,121.09175
PGEN,2017.7495,58027,1969,-0.034912,0.365011,0.000856,0.000746,0.025052,6.0649121463,125.13166167630001,121.10169
PGEN,2017.7522,58028,1969,-0.037979,0.366556,0.000865,0.000748,0.032747,6.0649121602,125.13166164859999,121.09444
PGEN,2017.755,58029,1969,-0.03718,0.366986,0.000872,0.000753,0.056582,6.0649121641,125.1316616558,121.09103
PGEN,2017.7577,58030,1969,-0.037552,0.365772,0.00088,0.000786,0.040817,6.0649121531,125.1316616524,121.09445
PGEN,2017.7604,58031,1969,-0.036534,0.368267,0.000859,0.000744,0.034909,6.0649121757,125.13166166159999,121.09105
PGEN,2017.7632,58032,1969,-0.037101,0.364229,0.000885,0.000743,0.016374,6.0649121392,125.1316616565,121.09299
PGEN,2017.7659,58033,1969,-0.038048,0.366671,0.000973,0.000809,0.103323,6.0649121613,125.131661648,121.09597
PGEN,2017.7687,58034,1970,-0.039142,0.366343,0.000849,0.000721,0.028949,6.0649121583,125.13166163810001,121.09298
PGEN,2017.7714,58035,1970,-0.038112,0.365798,0.000834,0.000713,0.018401,6.0649121534,125.1316616474,121.09597
PGEN,2017.7741,58036,1970,-0.037178,0.364789,0.000848,0.000728,0.050853,6.0649121442,125.1316616558,121.09749
PGEN,2017.7769,58037,1970,-0.034845,0.367017,0.000869,0.000741,0.053884,6.0649121644,125.1316616769,121.09795
PGEN,2017.7796,58038,1970,-0.038096,0.365516,0.000861,0.00073,0.054849,6.0649121508,125.13166164750001,121.09347
PGEN,2017.7823,58039,1970,-0.036589,0.363969,0.000857,0.000746,0.044545,6.0649121368,125.1316616611,121.08858
PGEN,2017.7851,58040,1970,-0.037101,0.363361,0.000848,0.000726,0.084105,6.0649121313,125.1316616565,121.09995
PGEN,2017.7878,58041,1971,-0.037894,0.363866,0.000879,0.000736,0.045999,6.0649121359,125.13166164930001,121.10551
PGEN,2017.7906,58042,1971,-0.037145,0.364571,0.000849,0.000734,0.066626,6.0649121423,125.1316616561,121.10558
PGEN,2017.7933,58043,1971,-0.036574,0.363769,0.000819,0.000702,0.047604,6.064912135,125.1316616613,121.1036
PGEN,2017.796,58044,1971,-0.035474,0.363973,0.000841,0.000739,0.02651,6.0649121369,125.13166167119999,121.10369
PGEN,2017.7988,58045,1971,-0.035377,0.365008,0.000893,0.000765,0.061703,6.0649121462,125.1316616721,121.09842
PGEN,2017.8015,58046,1971,-0.035864,0.36541,0.000899,0.000778,0.043179,6.0649121499,125.1316616677,121.09274
PGEN,2017.8042,58047,1971,-0.036878,0.364053,0.000874,0.000757,0.048528,6.0649121376,125.13166165850001,121.09446
PGEN,2017.807,58048,1972,-0.037677,0.361931,0.000885,0.000781,0.051273,6.0649121184,125.13166165129999,121.09256
PGEN,2017.8097,58049,1972,-0.03656,0.363754,0.000841,0.000724,0.04592,6.0649121349,125.13166166139999,121.09678
PGEN,2017.8125,58050,1972,-0.035389,0.363789,0.000855,0.000725,0.088686,6.0649121352,125.131661672,121.09428
PGEN,2017.8152,58051,1972,-0.03544,0.364968,0.000874,0.000745,0.080018,6.0649121459,125.13166167150001,121.10764
PGEN,2017.8179,58052,1972,-0.03577,0.363419,0.000833,0.000721,0.029886,6.0649121319,125.13166166849999,121.10187
PGEN,2017.8207,58053,1972,-0.03636,0.361079,0.000868,0.000729,0.025719,6.0649121107,125.13166166319999,121.09327
PGEN,2017.8234,58054,1972,-0.036879,0.366077,0.000909,0.000779,0.028967,6.0649121559,125.13166165850001,121.09519
PGEN,2017.8289,58056,1973,-0.031707,0.367401,0.001104,0.000982,0.028799,6.0649121679,125.1316617052,121.08826
PGEN,2017.8316,58057,1973,-0.038369,0.364946,0.001107,0.000975,0.025533,6.0649121457,125.1316616451,121.09527
PGEN,2017.8344,58058,1973,-0.037237,0.36349,0.001003,0.00086,0.037097,6.0649121325,125.13166165530001,121.09451
PGEN,2017.8371,58059,1973,-0.034595,0.363027,0.000889,0.000747,0.055357,6.0649121283,125.1316616791,121.0904
PGEN,2017.8398,58060,1973,-0.037711,0.362789,0.000865,0.000743,0.034585,6.0649121262,125.131661651,121.08979
PGEN,2017.8426,58061,1973,-0.035714,0.363001,0.000863,0.000752,0.021953,6.0649121281,125.13166166900001,121.09929
PGEN,2017.848,58063,1974,-0.037051,0.363732,0.001769,0.001483,-0.060883,6.0649121347,125.131661657,121.09558
PGEN,2017.8508,58064,1974,-0.033836,0.361646,0.001091,0.000958,0.042177,6.0649121158,125.131661686,121.09467
PGEN,2017.8535,58065,1974,-0.034622,0.363661,0.001017,0.000871,-0.004865,6.0649121341,125.1316616789,121.09169
PGEN,2017.8563,58066,1974,-0.035194,0.363617,0.000874,0.000743,0.032009,6.0649121337,125.1316616737,121.09257
PGEN,2017.859,58067,1974,-0.032792,0.364961,0.000946,0.000827,0.086318,6.0649121458,125.1316616954,121.09704
PGEN,2017.8645,58069,1975,-0.036716,0.363759,0.001077,0.00096,0.055341,6.0649121349,125.13166165999999,121.09231
PGEN,2017.87,58071,1975,-0.034682,0.36175,0.001064,0.000962,0.038944,6.0649121168,125.13166167840001,121.09815
PGEN,2017.8727,58072,1975,-0.034137,0.362108,0.000849,0.000724,0.033792,6.06491212,125.1316616833,121.0939
PGEN,2017.8782,58074,1975,-0.036213,0.363463,0.001004,0.000845,0.006987,6.0649121323,125.1316616645,121.09185
PGEN,2017.8864,58077,1976,-0.037379,0.364676,0.001414,0.001226,0.095339,6.0649121432,125.131661654,121.0925
PGEN,2017.8891,58078,1976,-0.035705,0.362275,0.000862,0.000741,0.021289,6.0649121215,125.1316616691,121.09555
PGEN,2017.8946,58080,1976,-0.037831,0.364524,0.00114,0.000987,0.005139,6.0649121419,125.1316616499,121.08629
PGEN,2017.8973,58081,1976,-0.034697,0.363149,0.001052,0.000887,0.007632,6.0649121294,125.1316616782,121.09863
PGEN,2017.9001,58082,1976,-0.034685,0.362132,0.001087,0.000913,-0.011146,6.0649121202,125.13166167829999,121.09
PGEN,2017.9028,58083,1977,-0.033006,0.36316,0.001054,0.000895,0.008894,6.0649121295,125.1316616935,121.09344
PGEN,2017.9055,58084,1977,-0.034576,0.364557,0.001297,0.001136,0.081282,6.0649121422,125.13166167930001,121.08983
PGEN,2017.9083,58085,1977,-0.0343,0.364187,0.000895,0.000764,0.028532,6.0649121388,125.13166168180001,121.09804
PGEN,2017.911,58086,1977,-0.035144,0.362622,0.000916,0.000773,0.025117,6.0649121247,125.13166167419999,121.09389
PGEN,2017.9138,58087,1977,-0.033839,0.364796,0.001301,0.001147,0.035634,6.0649121443,125.131661686,121.09208
PGEN,2017.9165,58088,1977,-0.03286,0.362906,0.001227,0.001078,0.070046,6.0649121272,125.13166169479999,121.09035
PGEN,2017.9192,58089,1977,-0.03572,0.361378,0.001067,0.000949,0.04218,6.0649121134,125.13166166900001,121.10758
PGEN,2017.922,58090,1978,-0.036971,0.366455,0.001163,0.001034,0.017201,6.0649121593,125.1316616577,121.09847
PGEN,2017.9247,58091,1978,-0.03296,0.362245,0.001419,0.001138,0.090807,6.0649121212,125.13166169390001,121.10144
PGEN,2017.9274,58092,1978,-0.031914,0.364591,0.000906,0.000769,0.0531,6.0649121425,125.1316617034,121.08925
PGEN,2017.9329,58094,1978,-0.03462,0.360824,0.001293,0.001145,0.004761,6.0649121084,125.1316616789,121.10033
PGEN,2017.9357,58095,1978,-0.037177,0.362838,0.001279,0.001076,0.025407,6.0649121266,125.1316616558,121.09888
PGEN,2017.9384,58096,1978,-0.037972,0.363096,0.001058,0.000961,0.038047,6.0649121289,125.13166164859999,121.0813
PGEN,2017.9411,58097,1979,-0.034311,0.363024,0.001106,0.000958,0.021254,6.0649121283,125.1316616817,121.09984
PGEN,2017.9439,58098,1979,-0.03565,0.362002,0.000873,0.000753,0.033392,6.064912119,125.13166166959999,121.10027
PGEN,2017.9466,58099,1979,-0.037959,0.362142,0.001387,0.001346,0.025296,6.0649121203,125.13166164879999,121.09287
PGEN,2017.9493,58100,1979,-0.033238,0.361992,0.001614,0.001218,0.084199,6.064912119,125.13166169140001,121.1016
PGEN,2017.9521,58101,1979,-0.036911,0.361825,0.001159,0.001041,0.052576,6.0649121174,125.13166165819999,121.09817
PGEN,2017.9548,58102,1979,-0.037033,0.361521,0.0011,0.000985,0.072432,6.0649121147,125.13166165710001,121.10637
PGEN,2017.9576,58103,1979,-0.035765,0.360525,0.001015,0.000899,-0.003074,6.0649121057,125.1316616686,121.09746
PGEN,2017.9603,58104,1980,-0.034184,0.363052,0.000858,0.000746,0.057846,6.0649121285,125.13166168289999,121.09739
PGEN,2017.9658,58106,1980,-0.038201,0.361942,0.001133,0.000975,0.04426,6.0649121185,125.13166164660001,121.11079
PGEN,2017.9685,58107,1980,-0.035347,0.361384,0.001215,0.001067,0.054423,6.0649121135,125.13166167240001,121.09463
PGEN,2017.9713,58108,1980,-0.038547,0.361459,0.001285,0.001127,0.0418,6.0649121141,125.13166164340001,121.09729
PGEN,2017.974,58109,1980,-0.035341,0.360758,0.001082,0.000924,0.043464,6.0649121078,125.13166167240001,121.09711
PGEN,2017.9767,58110,1980,-0.036973,0.362611,0.000852,0.000738,0.050647,6.0649121246,125.1316616577,121.09754
PGEN,2017.9822,58112,1981,-0.039846,0.363607,0.001367,0.001346,-0.010067,6.0649121336,125.13166163170001,121.09231
PGEN,2017.9849,58113,1981,-0.037339,0.361332,0.001058,0.000933,0.005017,6.064912113,125.1316616544,121.10347
PGEN,2017.9877,58114,1981,-0.036329,0.36268,0.001008,0.000909,0.114238,6.0649121252,125.13166166350001,121.08982
PGEN,2017.9904,58115,1981,-0.038333,0.364329,0.001124,0.000985,0.06054,6.0649121401,125.13166164539999,121.10618
PGEN,2017.9959,58117,1981,-0.038403,0.360709,0.000912,0.000819,0.054716,6.0649121074,125.13166164469999,121.09967
PGEN,2018.0014,58119,1982,-0.0345,0.363591,0.001239,0.001152,0.031798,6.0649121334,125.13166168000001,121.10789
PGEN,2018.0205,58126,1983,-0.036061,0.360211,0.001098,0.000981,-0.044219,6.0649121029,125.1316616659,121.10027
PGEN,2018.0233,58127,1983,-0.036011,0.360374,0.00111,0.001073,0.049311,6.0649121043,125.13166166639999,121.0908
PGEN,2018.026,58128,1983,-0.036541,0.362581,0.001258,0.001189,-0.03667,6.0649121243,125.13166166159999,121.09828
PGEN,2018.0287,58129,1983,-0.037552,0.361753,0.00089,0.00079,-0.003824,6.0649121168,125.1316616524,121.09128
PGEN,2018.0507,58137,1984,-0.035279,0.361523,0.001338,0.001232,0.025642,6.0649121147,125.131661673,121.09713
PGEN,2018.0534,58138,1984,-0.039557,0.361808,0.001207,0.001147,0.002553,6.0649121173,125.1316616343,121.10332
PGEN,2018.0561,58139,1985,-0.035238,0.361801,0.001278,0.001205,0.022579,6.0649121172,125.13166167329999,121.10059
PGEN,2018.0698,58144,1985,-0.036929,0.362558,0.001613,0.001454,-0.013266,6.0649121241,125.1316616581,121.09088
PGEN,2018.0753,58146,1986,-0.032718,0.360199,0.001772,0.001949,0.154366,6.0649121027,125.1316616961,121.0961
PGEN,2018.078,58147,1986,-0.038426,0.36306,0.00122,0.001132,0.052318,6.0649121286,125.13166164450001,121.10415
PGEN,2018.0808,58148,1986,-0.036629,0.360224,0.0009,0.000808,-0.014076,6.064912103,125.1316616608,121.09483
PGEN,2018.0835,58149,1986,-0.037477,0.359927,0.000893,0.000787,0.023504,6.0649121003,125.1316616531,121.10062
PGEN,2018.0917,58152,1986,-0.040147,0.360824,0.00112,0.001024,-0.008963,6.0649121084,125.131661629,121.09518
PGEN,2018.0945,58153,1987,-0.038588,0.360635,0.001013,0.000913,-0.020384,6.0649121067,125.13166164309999,121.09227
PGEN,2018.0972,58154,1987,-0.041063,0.360583,0.000932,0.000808,0.050145,6.0649121062,125.13166162069999,121.10405
PGEN,2018.0999,58155,1987,-0.038711,0.35892,0.000881,0.000826,0.001808,6.0649120912,125.13166164200001,121.09367
PGEN,2018.1027,58156,1987,-0.037968,0.357673,0.000897,0.000806,0.025899,6.0649120799,125.1316616487,121.09477
PGEN,2018.1054,58157,1987,-0.038413,0.359962,0.001584,0.001339,0.074892,6.0649121006,125.13166164469999,121.08346
PGEN,2018.1081,58158,1987,-0.040403,0.360832,0.001245,0.001096,0.009011,6.0649121085,125.13166162670001,121.10118
PGEN,2018.1109,58159,1987,-0.039278,0.3589,0.001015,0.000951,-0.035424,6.064912091,125.1316616368,121.09501
PGEN,2018.1136,58160,1988,-0.039675,0.360484,0.001273,0.001226,0.016556,6.0649121053,125.13166163330001,121.11277
PGEN,2018.1164,58161,1988,-0.039719,0.35872,0.00086,0.000807,-0.025614,6.0649120894,125.1316616329,121.10038
PGEN,2018.1218,58163,1988,-0.041448,0.357526,0.000902,0.000789,0.044726,6.0649120786,125.1316616172,121.09594
PGEN,2018.1273,58165,1988,-0.038976,0.359075,0.001325,0.001141,0.007831,6.0649120926,125.1316616396,121.09491
PGEN,2018.13,58166,1988,-0.038517,0.360856,0.001097,0.000944,-0.026183,6.0649121087,125.1316616437,121.10153
PGEN,2018.1355,58168,1989,-0.037393,0.356857,0.000922,0.000828,-0.066407,6.0649120725,125.13166165390001,121.09518
PGEN,2018.1383,58169,1989,-0.037413,0.359037,0.000894,0.000825,0.038271,6.0649120922,125.13166165370001,121.09875
PGEN,2018.141,58170,1989,-0.036366,0.357721,0.000864,0.000785,-0.002592,6.0649120803,125.1316616631,121.09899
PGEN,2018.1437,58171,1989,-0.038953,0.357471,0.000871,0.000779,0.010302,6.0649120781,125.1316616398,121.09911
PGEN,2018.1465,58172,1989,-0.038281,0.357971,0.000954,0.000845,-0.031743,6.0649120826,125.13166164590001,121.10019
PGEN,2018.1492,58173,1989,-0.038147,0.357846,0.000933,0.000811,0.00416,6.0649120815,125.1316616471,121.09564
PGEN,2018.1547,58175,1990,-0.040445,0.362472,0.001203,0.001055,-0.044665,6.0649121233,125.1316616263,121.09263
PGEN,2018.1574,58176,1990,-0.037703,0.359747,0.00103,0.000894,0.029417,6.0649120987,125.13166165109999,121.10526
PGEN,2018.1602,58177,1990,-0.037123,0.358847,0.000867,0.000785,-0.01125,6.0649120905,125.1316616563,121.09956
PGEN,2018.1629,58178,1990,-0.036002,0.3585,0.000869,0.000803,0.006779,6.0649120874,125.13166166639999,121.09453
PGEN,2018.1656,58179,1990,-0.037336,0.358933,0.000925,0.000817,-0.00072,6.0649120913,125.1316616544,121.09015
PGEN,2018.1711,58181,1991,-0.039064,0.356536,0.001024,0.000895,0.013612,6.0649120696,125.13166163880001,121.10857
PGEN,2018.1739,58182,1991,-0.039238,0.359003,0.000899,0.000809,-0.013281,6.0649120919,125.13166163720001,121.10213
PGEN,2018.1766,58183,1991,-0.039482,0.357318,0.000964,0.000855,0.029318,6.0649120767,125.131661635,121.10666
PGEN,2018.1793,58184,1991,-0.038683,0.358601,0.000884,0.000798,-0.025149,6.0649120883,125.13166164219999,121.10898
PGEN,2018.1821,58185,1991,-0.038486,0.357476,0.0009,0.000799,0.009557,6.0649120781,125.13166164399999,121.10452
PGEN,2018.1848,58186,1991,-0.039261,0.358394,0.000892,0.000789,0.033389,6.0649120864,125.13166163700001,121.10096
PGEN,2018.1875,58187,1991,-0.040807,0.355774,0.001105,0.001026,-0.02942,6.0649120627,125.13166162300001,121.10044
PGEN,2018.1903,58188,1992,-0.039526,0.357068,0.000913,0.000795,0.040287,6.0649120744,125.1316616346,121.10464
PGEN,2018.193,58189,1992,-0.042398,0.357495,0.000925,0.000818,-0.015132,6.0649120783,125.1316616087,121.11105
PGEN,2018.1985,58191,1992,-0.03817,0.357154,0.00127,0.00113,-0.084865,6.0649120752,125.13166164680001,121.10146
PGEN,2018.2012,58192,1992,-0.041835,0.357203,0.001073,0.000963,0.059638,6.0649120757,125.1316616137,121.11097
PGEN,2018.204,58193,1992,-0.042285,0.357667,0.001063,0.000946,0.078639,6.0649120798,125.13166160969999,121.10711
PGEN,2018.2067,58194,1992,-0.03987,0.356377,0.001293,0.001091,0.061,6.0649120682,125.13166163150001,121.09816
PGEN,2018.2094,58195,1993,-0.041579,0.360301,0.001233,0.00108,-0.077169,6.0649121037,125.13166161609999,121.10703
PGEN,2018.2122,58196,1993,-0.040046,0.357734,0.001223,0.001002,0.026549,6.0649120805,125.13166162990001,121.10687
PGEN,2018.2149,58197,1993,-0.03999,0.356394,0.001218,0.001076,-0.024989,6.0649120683,125.1316616304,121.11145
PGEN,2018.2177,58198,1993,-0.042032,0.35776,0.000955,0.000818,0.023127,6.0649120807,125.13166161199999,121.10681
PGEN,2018.2231,58200,1993,-0.042386,0.356032,0.00132,0.00112,0.021897,6.0649120651,125.13166160879999,121.11106
PGEN,2018.2259,58201,1993,-0.042154,0.357413,0.001291,0.00113,0.043721,6.0649120776,125.13166161090001,121.10774
PGEN,2018.2286,58202,1994,-0.037506,0.356263,0.000898,0.000786,0.023583,6.0649120671,125.1316616528,121.10738
PGEN,2018.2313,58203,1994,-0.039354,0.355569,0.00086,0.000763,-0.005887,6.0649120609,125.1316616362,121.10288
PGEN,2018.2341,58204,1994,-0.041363,0.356778,0.000892,0.000758,0.007126,6.0649120718,125.13166161800001,121.09429
PGEN,2018.2368,58205,1994,-0.041295,0.357012,0.000868,0.000748,-0.02087,6.0649120739,125.13166161859999,121.10301
PGEN,2018.2423,58207,1994,-0.0421,0.358106,0.001107,0.000892,0.004864,6.0649120838,125.13166161129999,121.10935
PGEN,2018.245,58208,1994,-0.041315,0.358423,0.00124,0.001015,0.084367,6.0649120867,125.13166161839999,121.08967
PGEN,2018.2478,58209,1995,-0.042715,0.355881,0.001121,0.00104,0.018175,6.0649120637,125.13166160579999,121.1058
PGEN,2018.2505,58210,1995,-0.044222,0.359269,0.001293,0.001069,0.027282,6.0649120943,125.1316615922,121.10549
PGEN,2018.2533,58211,1995,-0.04392,0.358793,0.001092,0.000967,0.080189,6.06491209,125.13166159490001,121.1136
PGEN,2018.256,58212,1995,-0.039435,0.36027,0.001238,0.001058,0.031669,6.0649121034,125.13166163540001,121.10466
PGEN,2018.2615,58214,1995,-0.044908000000000003,0.356468,0.001405,0.001175,0.038133,6.064912069,125.131661586,121.10508
PGEN,2018.2642,58215,1995,-0.043004,0.355797,0.000875,0.000753,0.038162,6.0649120629,125.1316616032,121.10597
PGEN,2018.2669,58216,1996,-0.043638,0.355501,0.001374,0.001171,0.076332,6.0649120603,125.1316615975,121.10886
PGEN,2018.2697,58217,1996,-0.041886,0.35588,0.001389,0.001191,-0.028085,6.0649120637,125.1316616133,121.10854
PGEN,2018.2724,58218,1996,-0.044006,0.359165,0.001285,0.001106,0.008759,6.0649120934,125.1316615941,121.10485
PGEN,2018.2779,58220,1996,-0.043067,0.35756,0.000905,0.000767,-0.003164,6.0649120789,125.13166160259999,121.11008
PGEN,2018.2806,58221,1996,-0.046821,0.355742,0.001367,0.001104,-0.030438,6.0649120624,125.1316615687,121.10526
PGEN,2018.2834,58222,1996,-0.043623,0.35825,0.001868,0.001444,0.053833,6.0649120851,125.13166159759999,121.10683
PGEN,2018.2861,58223,1997,-0.041628,0.356286,0.000907,0.000758,-0.011584,6.0649120674,125.1316616156,121.10372
PGEN,2018.2888,58224,1997,-0.04257,0.355468,0.001191,0.001005,0.074725,6.06491206,125.1316616071,121.10068
PGEN,2018.2943,58226,1997,-0.04296,0.356596,0.001282,0.001079,0.026017,6.0649120702,125.13166160360001,121.10746
PGEN,2018.3025,58229,1997,-0.044598,0.358781,0.001756,0.001518,-0.039365,6.0649120899,125.1316615888,121.105
PGEN,2018.308,58231,1998,-0.04381,0.357363,0.00212,0.001795,0.02267,6.0649120771,125.1316615959,121.10819
PGEN,2018.3135,58233,1998,-0.051047,0.359795,0.001941,0.001695,-0.069806,6.0649120991,125.1316615305,121.11242
PGEN,2018.3162,58234,1998,-0.040107,0.357142,0.00117,0.00099,0.037205,6.0649120751,125.13166162940001,121.11677
PGEN,2018.319,58235,1998,-0.043978,0.356341,0.000911,0.000763,0.046689,6.0649120679,125.13166159439999,121.10434
PGEN,2018.3217,58236,1998,-0.046188,0.356991,0.00089,0.000769,0.037004,6.0649120737,125.1316615744,121.10311
PGEN,2018.3244,58237,1999,-0.044464,0.355669,0.001069,0.000942,0.052858,6.0649120618,125.13166159,121.09985
PGEN,2018.3272,58238,1999,-0.047156,0.356952,0.001338,0.00112,0.110308,6.0649120734,125.1316615657,121.09971
PGEN,2018.3299,58239,1999,-0.044759,0.355195,0.000921,0.000818,0.084845,6.0649120575,125.13166158729999,121.10146
PGEN,2018.3326,58240,1999,-0.043788,0.356453,0.000915,0.000782,0.047367,6.0649120689,125.1316615961,121.10798
PGEN,2018.3354,58241,1999,-0.042582,0.355643,0.000876,0.000761,0.034818,6.0649120615,125.13166160700001,121.10657
PGEN,2018.3381,58242,1999,-0.043648,0.35665,0.000981,0.000825,0.041559,6.0649120706,125.13166159740001,121.10148
PGEN,2018.3409,58243,1999,-0.044799,0.356757,0.000866,0.000744,0.020527,6.0649120716,125.131661587,121.09956
PGEN,2018.3436,58244,2000,-0.043476,0.358653,0.000894,0.000774,0.031395,6.0649120888,125.1316615989,121.10071
PGEN,2018.3463,58245,2000,-0.047915,0.358358,0.000913,0.000769,0.060411,6.0649120861,125.1316615588,121.0965
PGEN,2018.3491,58246,2000,-0.043854,0.360101,0.000885,0.000747,0.043042,6.0649121019,125.13166159549999,121.10326
PGEN,2018.3518,58247,2000,-0.04399,0.360499,0.000904,0.000774,-0.017096,6.0649121055,125.1316615943,121.10248
PGEN,2018.3546,58248,2000,-0.043817,0.360385,0.000901,0.00074,0.007803,6.0649121044,125.13166159580001,121.09987
PGEN,2018.3573,58249,2000,-0.046203,0.357279,0.000908,0.000761,0.04686,6.0649120763,125.13166157430001,121.10501
PGEN,2018.36,58250,2000,-0.04629,0.357252,0.000903,0.000742,0.030535,6.0649120761,125.1316615735,121.10292
PGEN,2018.3628,58251,2001,-0.04674,0.356973,0.000936,0.000766,0.031881,6.0649120736,125.1316615694,121.10007
PGEN,2018.3682,58253,2001,-0.045744,0.358237,0.000891,0.000759,0.020497,6.064912085,125.13166157840001,121.10587
PGEN,2018.371,58254,2001,-0.045407,0.358973,0.000905,0.000763,0.039202,6.0649120917,125.1316615815,121.10283
PGEN,2018.3765,58256,2001,-0.045397,0.35652,0.000899,0.00077,-0.001094,6.0649120695,125.13166158160001,121.0969
PGEN,2018.3792,58257,2001,-0.045443,0.355775,0.00091,0.000758,0.013413,6.0649120627,125.1316615812,121.09342
PGEN,2018.3819,58258,2002,-0.045301,0.358922,0.000888,0.000752,0.01132,6.0649120912,125.1316615824,121.09599
PGEN,2018.3847,58259,2002,-0.046312,0.357997,0.000896,0.000761,0.041086,6.0649120828,125.1316615733,121.10488
PGEN,2018.3874,58260,2002,-0.044499,0.358634,0.000865,0.000747,0.049587,6.0649120886,125.1316615897,121.09861
PGEN,2018.3901,58261,2002,-0.044269,0.357245,0.000874,0.000749,0.034404,6.064912076,125.1316615918,121.10108
PGEN,2018.3929,58262,2002,-0.045939,0.361041,0.000903,0.000755,0.011844,6.0649121104,125.1316615767,121.105
PGEN,2018.3956,58263,2002,-0.045381,0.359064,0.000863,0.000748,0.064049,6.0649120925,125.1316615817,121.10342
PGEN,2018.3984,58264,2002,-0.04487,0.358984,0.00087,0.00074,0.050242,6.0649120918,125.1316615863,121.09933
PGEN,2018.4011,58265,2003,-0.044302,0.35785,0.000909,0.000763,0.020853,6.0649120815,125.1316615915,121.10738
PGEN,2018.4038,58266,2003,-0.044061,0.359674,0.000866,0.000733,0.062512,6.064912098,125.1316615936,121.10372
PGEN,2018.4066,58267,2003,-0.045157,0.358834,0.000861,0.00073,0.055085,6.0649120904,125.13166158370001,121.1064
PGEN,2018.4093,58268,2003,-0.045093,0.358499,0.000887,0.000783,0.078986,6.0649120874,125.13166158429999,121.09313
PGEN,2018.412,58269,2003,-0.045551,0.359974,0.000973,0.000819,0.085712,6.0649121007,125.13166158019999,121.09112
PGEN,2018.4148,58270,2003,-0.044766,0.359585,0.000864,0.000742,0.019634,6.0649120972,125.13166158729999,121.1042
PGEN,2018.4175,58271,2003,-0.045825,0.358639,0.00087,0.000743,0.038974,6.0649120886,125.13166157769999,121.1056
PGEN,2018.4203,58272,2004,-0.048608,0.358902,0.00089,0.000751,0.060623,6.064912091,125.13166155260001,121.1067
PGEN,2018.423,58273,2004,-0.04333,0.359731,0.00086,0.000733,0.039452,6.0649120985,125.1316616002,121.10076
PGEN,2018.4257,58274,2004,-0.043921,0.358186,0.000884,0.000749,0.08904,6.0649120845,125.13166159490001,121.10054
PGEN,2018.4285,58275,2004,-0.045735,0.360207,0.001209,0.001002,0.105587,6.0649121028,125.1316615785,121.1006
PGEN,2018.4312,58276,2004,-0.044062,0.358317,0.000911,0.000766,0.031583,6.0649120857,125.1316615936,121.10221
PGEN,2018.4339,58277,2004,-0.047202,0.36099,0.000919,0.000755,0.021021,6.0649121099,125.13166156529999,121.09958
PGEN,2018.4367,58278,2004,-0.043563,0.358958,0.000859,0.000716,0.048979,6.0649120915,125.13166159810001,121.09998
PGEN,2018.4394,58279,2005,-0.045281,0.360323,0.000863,0.000731,0.040547,6.0649121039,125.1316615826,121.09561
PGEN,2018.4422,58280,2005,-0.044148,0.357669,0.000876,0.000733,0.042789,6.0649120799,125.13166159279999,121.09374
PGEN,2018.4449,58281,2005,-0.046747,0.357929,0.000879,0.000738,0.044776,6.0649120822,125.1316615694,121.09392
PGEN,2018.4476,58282,2005,-0.046271,0.358345,0.000872,0.000746,0.047868,6.064912086,125.1316615737,121.09574
PGEN,2018.4504,58283,2005,-0.042932,0.360843,0.000882,0.000731,0.053293,6.0649121086,125.13166160380001,121.09182
PGEN,2018.4531,58284,2005,-0.046208,0.360018,0.000864,0.000733,0.053158,6.0649121011,125.1316615742,121.09539
PGEN,2018.4559,58285,2005,-0.047537,0.359459,0.000858,0.000737,0.050582,6.0649120961,125.13166156220001,121.09383
PGEN,2018.4586,58286,2006,-0.046543,0.359794,0.000857,0.000747,0.043449,6.0649120991,125.1316615712,121.09765
PGEN,2018.4613,58287,2006,-0.048072,0.360537,0.000868,0.000749,0.043139,6.0649121058,125.13166155740001,121.09184
PGEN,2018.4641,58288,2006,-0.045936,0.358451,0.000915,0.000753,-0.021071,6.0649120869,125.1316615767,121.10291
PGEN,2018.4668,58289,2006,-0.047092,0.36021,0.000845,0.000721,0.046197,6.0649121028,125.13166156630001,121.10008
PGEN,2018.4695,58290,2006,-0.045117,0.36044,0.000864,0.00073,0.044394,6.0649121049,125.13166158409999,121.09792
PGEN,2018.4723,58291,2006,-0.047451,0.359344,0.001191,0.001006,0.008635,6.064912095,125.131661563,121.10379
PGEN,2018.475,58292,2006,-0.049793,0.360588,0.000852,0.000741,0.046297,6.0649121063,125.1316615419,121.10276
PGEN,2018.4778,58293,2007,-0.04822,0.359349,0.000903,0.000752,0.023068,6.0649120951,125.1316615561,121.0987
PGEN,2018.4805,58294,2007,-0.049053,0.360277,0.000885,0.000768,0.031202,6.0649121035,125.1316615485,121.10228
PGEN,2018.4832,58295,2007,-0.047284,0.360671,0.000994,0.000858,-0.003001,6.064912107,125.1316615645,121.10409
PGEN,2018.486,58296,2007,-0.048761,0.361587,0.000856,0.000739,0.039616,6.0649121153,125.13166155120001,121.09608
PGEN,2018.4942,58299,2007,-0.04628,0.358163,0.001124,0.000976,0.078513,6.0649120843,125.13166157360001,121.09372
PGEN,2018.4969,58300,2008,-0.045904,0.360724,0.001237,0.000993,0.055827,6.0649121075,125.13166157699999,121.09651
PGEN,2018.4997,58301,2008,-0.046836,0.359355,0.001371,0.001163,0.056633,6.0649120951,125.13166156860001,121.10205
PGEN,2018.5024,58302,2008,-0.046493,0.359545,0.001214,0.001087,0.030037,6.0649120968,125.1316615717,121.10082
PGEN,2018.5051,58303,2008,-0.040436,0.361438,0.001146,0.000999,0.010788,6.064912114,125.13166162639999,121.09652
PGEN,2018.5106,58305,2008,-0.046366,0.358727,0.00105,0.000896,-0.025071,6.0649120894,125.1316615728,121.09444
PGEN,2018.5161,58307,2009,-0.04493,0.359106,0.001093,0.000951,-0.050662,6.0649120929,125.1316615858,121.10556
PGEN,2018.527,58311,2009,-0.046108,0.36094,0.001025,0.000885,0.00316,6.0649121094,125.1316615751,121.0899
PGEN,2018.5298,58312,2009,-0.047117,0.361081,0.000891,0.000746,0.020914,6.0649121107,125.13166156599999,121.09642
PGEN,2018.5325,58313,2009,-0.047397,0.360252,0.00088,0.000754,0.021448,6.0649121032,125.13166156349999,121.09144
PGEN,2018.5352,58314,2010,-0.04708,0.361512,0.000851,0.00073,0.040547,6.0649121146,125.1316615664,121.10151
PGEN,2018.538,58315,2010,-0.047896,0.360131,0.000838,0.000726,0.020987,6.0649121021,125.13166155900001,121.09632
PGEN,2018.5407,58316,2010,-0.049469,0.359082,0.000845,0.000729,0.051218,6.0649120926,125.13166154480001,121.09317
PGEN,2018.5435,58317,2010,-0.048865,0.35866,0.000884,0.000753,0.00665,6.0649120888,125.1316615502,121.08755
PGEN,2018.5462,58318,2010,-0.046594,0.357594,0.000861,0.000735,0.000983,6.0649120792,125.13166157079999,121.09868
PGEN,2018.5489,58319,2010,-0.045946,0.359943,0.000872,0.000747,0.044095,6.0649121004,125.13166157660001,121.09834
PGEN,2018.5517,58320,2010,-0.046878,0.358732,0.000915,0.000761,0.020702,6.0649120895,125.1316615682,121.09076
PGEN,2018.5544,58321,2011,-0.047043,0.357891,0.000869,0.000738,0.021523,6.0649120819,125.13166156669999,121.09718
PGEN,2018.5572,58322,2011,-0.051777,0.358347,0.000877,0.000734,-0.006152,6.064912086,125.1316615239,121.1004
PGEN,2018.5599,58323,2011,-0.048613,0.36001,0.000912,0.000755,0.026793,6.064912101,125.13166155249999,121.09225
PGEN,2018.5626,58324,2011,-0.047168,0.360175,0.000858,0.000744,0.026114,6.0649121025,125.13166156560001,121.0978
PGEN,2018.5654,58325,2011,-0.047975,0.36034,0.000843,0.000724,0.018659,6.064912104,125.13166155830001,121.095
PGEN,2018.5681,58326,2011,-0.048684,0.359586,0.000828,0.000724,0.027812,6.0649120972,125.13166155190001,121.08835
PGEN,2018.5708,58327,2011,-0.049458,0.358844,0.000833,0.000724,0.016009,6.0649120905,125.1316615449,121.09052
PGEN,2018.5736,58328,2012,-0.047766,0.36055,0.000921,0.000772,0.054123,6.0649121059,125.1316615602,121.09227
PGEN,2018.5763,58329,2012,-0.049475,0.360258,0.000893,0.000782,0.034701,6.0649121033,125.1316615447,121.09544
PGEN,2018.5791,58330,2012,-0.046063,0.358773,0.000885,0.00078,0.053999,6.0649120899,125.1316615755,121.0937
PGEN,2018.5818,58331,2012,-0.049425,0.359526,0.000861,0.000763,0.041713,6.0649120967,125.13166154519999,121.09597
PGEN,2018.5845,58332,2012,-0.048205,0.358325,0.000885,0.000766,0.004222,6.0649120858,125.13166155619999,121.09332
PGEN,2018.5873,58333,2012,-0.049543,0.360232,0.000824,0.000722,0.027201,6.064912103,125.13166154410001,121.09931
PGEN,2018.59,58334,2012,-0.048757,0.358904,0.000875,0.000737,-0.009624,6.064912091,125.13166155120001,121.09312
PGEN,2018.5927,58335,2013,-0.047199,0.359658,0.000811,0.000722,0.008573,6.0649120979,125.13166156529999,121.09463
PGEN,2018.5955,58336,2013,-0.050249,0.359886,0.00084,0.000746,-0.008748,6.0649120999,125.13166153770001,121.09694
PGEN,2018.5982,58337,2013,-0.051258,0.358345,0.000818,0.000733,0.009108,6.064912086,125.1316615286,121.09321
PGEN,2018.601,58338,2013,-0.050164,0.359359,0.000821,0.000738,0.000307,6.0649120951,125.1316615385,121.09537
PGEN,2018.6037,58339,2013,-0.049455,0.359419,0.000841,0.000734,-0.000968,6.0649120957,125.1316615449,121.09111
PGEN,2018.6064,58340,2013,-0.051394,0.358534,0.000846,0.00073,-0.007026,6.0649120877,125.13166152740001,121.09039
PGEN,2018.6092,58341,2013,-0.04997,0.35991,0.000844,0.000733,-0.005411,6.0649121001,125.1316615403,121.10035
PGEN,2018.6119,58342,2014,-0.051058,0.361685,0.000876,0.000767,-0.003114,6.0649121162,125.13166153040001,121.09545
PGEN,2018.6146,58343,2014,-0.052477,0.360227,0.000848,0.000742,0.022277,6.064912103,125.13166151760001,121.08898
PGEN,2018.6174,58344,2014,-0.051036,0.358982,0.00083,0.00073,-0.007888,6.0649120917,125.13166153060001,121.09364
PGEN,2018.6201,58345,2014,-0.051332,0.358987,0.000912,0.000808,-0.029042,6.0649120918,125.131661528,121.09434
PGEN,2018.6229,58346,2014,-0.051065,0.360445,0.000894,0.000748,-0.029396,6.064912105,125.13166153040001,121.09659
PGEN,2018.6256,58347,2014,-0.049495,0.35871,0.000866,0.000742,-0.004911,6.0649120893,125.13166154449999,121.10155
PGEN,2018.6283,58348,2014,-0.049482,0.358177,0.000861,0.000733,-0.030059,6.0649120845,125.1316615447,121.10246
PGEN,2018.6311,58349,2015,-0.049859,0.357593,0.00086,0.00075,0.006114,6.0649120792,125.13166154129999,121.09568
PGEN,2018.6338,58350,2015,-0.051569,0.35864,0.000899,0.00077,-0.018531,6.0649120886,125.13166152580001,121.09543
PGEN,2018.6366,58351,2015,-0.049147,0.359543,0.000857,0.000752,-0.036818,6.0649120968,125.13166154769999,121.09716
PGEN,2018.6393,58352,2015,-0.049903,0.358202,0.000884,0.000779,0.001806,6.0649120847,125.13166154090001,121.0861
PGEN,2018.642,58353,2015,-0.050281,0.360199,0.000887,0.000771,0.00056,6.0649121027,125.13166153739999,121.09997
PGEN,2018.6448,58354,2015,-0.050349,0.357573,0.000839,0.000731,0.005981,6.064912079,125.13166153680001,121.09543
PGEN,2018.6475,58355,2015,-0.049859,0.358815,0.000829,0.000729,-0.015783,6.0649120902,125.13166154129999,121.09523
PGEN,2018.6502,58356,2016,-0.050359,0.358809,0.000854,0.000745,-0.027145,6.0649120902,125.1316615367,121.0935
PGEN,2018.653,58357,2016,-0.048749,0.359211,0.000878,0.00078,-0.040528,6.0649120938,125.1316615513,121.0897
PGEN,2018.6557,58358,2016,-0.051346,0.360473,0.000865,0.000753,-0.002347,6.0649121052,125.13166152779999,121.09638
PGEN,2018.6585,58359,2016,-0.050585,0.360666,0.000865,0.00075,-0.002055,6.064912107,125.13166153469999,121.09144
PGEN,2018.6612,58360,2016,-0.050772,0.358507,0.000876,0.000746,-0.025129,6.0649120874,125.131661533,121.1004
PGEN,2018.6639,58361,2016,-0.050804,0.358825,0.000842,0.000734,0.001062,6.0649120903,125.13166153270001,121.10008
PGEN,2018.6667,58362,2016,-0.050624,0.358511,0.00084,0.000742,-0.01574,6.0649120875,125.13166153430001,121.09565
PGEN,2018.6694,58363,2017,-0.049177,0.358813,0.000896,0.000787,0.004695,6.0649120902,125.1316615474,121.09022
PGEN,2018.6721,58364,2017,-0.049454,0.358173,0.000851,0.000743,-0.000541,6.0649120844,125.1316615449,121.09595
PGEN,2018.6749,58365,2017,-0.049342,0.359398,0.000848,0.000725,-0.018643,6.0649120955,125.13166154589999,121.10759
PGEN,2018.6776,58366,2017,-0.050884,0.35733,0.000849,0.000726,0.01072,6.0649120768,125.13166153200001,121.09771
PGEN,2018.6804,58367,2017,-0.04923,0.358464,0.000861,0.000748,-0.009667,6.0649120871,125.1316615469,121.09591
PGEN,2018.6831,58368,2017,-0.050173,0.359815,0.001029,0.0009,-0.004069,6.0649120993,125.13166153840001,121.09539
PGEN,2018.6858,58369,2017,-0.048543,0.35855,0.000864,0.000748,0.013219,6.0649120878,125.1316615531,121.10069
PGEN,2018.6886,58370,2018,-0.051423,0.358604,0.000837,0.000732,0.020274,6.0649120883,125.1316615271,121.08606
PGEN,2018.6913,58371,2018,-0.05124,0.356915,0.000849,0.000742,-0.012704,6.0649120731,125.13166152880001,121.09269
PGEN,2018.694,58372,2018,-0.048929,0.359018,0.000859,0.000745,0.009586,6.0649120921,125.1316615497,121.09265
PGEN,2018.6968,58373,2018,-0.050492,0.35775,0.000842,0.000746,0.019464,6.0649120806,125.1316615355,121.09504
PGEN,2018.6995,58374,2018,-0.049932,0.357874,0.001116,0.001019,0.022879,6.0649120817,125.13166154059999,121.09524
PGEN,2018.7023,58375,2018,-0.050438,0.357573,0.00089,0.000772,0.020608,6.064912079,125.131661536,121.10229
PGEN,2018.705,58376,2018,-0.047259,0.358263,0.000836,0.000736,0.023831,6.0649120852,125.13166156470001,121.09135
PGEN,2018.7077,58377,2019,-0.04874,0.356872,0.000831,0.000744,0.006574,6.0649120727,125.13166155139999,121.09304
PGEN,2018.7105,58378,2019,-0.049203,0.359212,0.000881,0.000764,-0.000439,6.0649120938,125.1316615472,121.095
PGEN,2018.7132,58379,2019,-0.049715,0.358033,0.000865,0.000748,-0.005724,6.0649120832,125.1316615426,121.09599
PGEN,2018.7159,58380,2019,-0.049651,0.357424,0.000855,0.000746,0.00827,6.0649120777,125.1316615431,121.09381
PGEN,2018.7187,58381,2019,-0.049863,0.35717,0.000865,0.000751,0.021208,6.0649120754,125.1316615412,121.10127
PGEN,2018.7214,58382,2019,-0.048718,0.357344,0.000894,0.000755,0.026939,6.0649120769,125.13166155159999,121.09576
PGEN,2018.7242,58383,2019,-0.049892,0.358299,0.000851,0.000745,-0.000991,6.0649120856,125.131661541,121.0918
PGEN,2018.7269,58384,2020,-0.048985,0.359211,0.000851,0.000744,0.011259,6.0649120938,125.1316615492,121.09202
PGEN,2018.7296,58385,2020,-0.050759,0.357748,0.000863,0.000745,0.010871,6.0649120806,125.13166153309999,121.09771
PGEN,2018.7324,58386,2020,-0.049672,0.35744,0.000846,0.000759,-0.061109,6.0649120778,125.13166154289999,121.09882
PGEN,2018.7351,58387,2020,-0.051086,0.356952,0.000836,0.000754,0.007469,6.0649120734,125.1316615302,121.09546
PGEN,2018.7379,58388,2020,-0.050016,0.356794,0.000839,0.000741,0.007004,6.064912072,125.1316615398,121.09371
PGEN,2018.7406,58389,2020,-0.050687,0.358628,0.000835,0.000733,0.025759,6.0649120885,125.13166153380001,121.09859
PGEN,2018.7433,58390,2020,-0.049867,0.358162,0.000826,0.00073,0.015518,6.0649120843,125.1316615412,121.09192
PGEN,2018.7461,58391,2021,-0.049708,0.359218,0.000982,0.000885,-0.018101,6.0649120939,125.1316615426,121.08977
PGEN,2018.7488,58392,2021,-0.048401,0.356878,0.00085,0.000737,0.012552,6.0649120727,125.13166155440001,121.09072
PGEN,2018.7515,58393,2021,-0.048044,0.357491,0.00091,0.000792,0.0053,6.0649120783,125.1316615577,121.09276
PGEN,2018.7543,58394,2021,-0.050546,0.357794,0.001011,0.000891,0.045175,6.064912081,125.1316615351,121.09713
PGEN,2018.757,58395,2021,-0.048429,0.357395,0.000885,0.000766,-0.028775,6.0649120774,125.13166155420001,121.09025
PGEN,2018.7598,58396,2021,-0.047881,0.357449,0.000832,0.000748,-0.007131,6.0649120779,125.1316615591,121.09886
PGEN,2018.7625,58397,2021,-0.048286,0.358199,0.001029,0.000862,-0.002793,6.0649120847,125.13166155549999,121.1002
PGEN,2018.7652,58398,2022,-0.048502,0.357128,0.000871,0.000784,0.014218,6.064912075,125.13166155350001,121.09625
PGEN,2018.768,58399,2022,-0.05018,0.358467,0.000849,0.000775,0.000941,6.0649120871,125.13166153840001,121.09895
PGEN,2018.7707,58400,2022,-0.048274,0.359197,0.000857,0.000742,0.000746,6.0649120937,125.1316615556,121.09011
PGEN,2018.7734,58401,2022,-0.049112,0.355232,0.000928,0.000826,-0.007936,6.0649120578,125.13166154800001,121.09689
PGEN,2018.7762,58402,2022,-0.04779,0.359265,0.00096,0.000822,-0.043947,6.0649120943,125.13166156,121.09501
PGEN,2018.7789,58403,2022,-0.049343,0.35789,0.000957,0.000838,-0.022189,6.0649120819,125.13166154589999,121.08358
PGEN,2018.7817,58404,2022,-0.049963,0.357868,0.000897,0.000767,-0.024412,6.0649120817,125.1316615403,121.09905
PGEN,2018.7844,58405,2023,-0.050181,0.354514,0.000862,0.000772,0.006629,6.0649120513,125.13166153840001,121.08541
PGEN,2018.7899,58407,2023,-0.046829,0.35659,0.000908,0.00076,-0.030167,6.0649120701,125.13166156860001,121.0941
PGEN,2018.7926,58408,2023,-0.049288,0.357382,0.000892,0.000763,0.046495,6.0649120773,125.13166154640001,121.09413
PGEN,2018.7953,58409,2023,-0.047623,0.355266,0.000862,0.00075,0.010023,6.0649120581,125.13166156150001,121.09398
PGEN,2018.7981,58410,2023,-0.045854,0.356845,0.00085,0.000753,-0.035738,6.0649120724,125.1316615774,121.09379
PGEN,2018.8008,58411,2023,-0.046716,0.357348,0.000837,0.000737,0.002312,6.064912077,125.1316615696,121.09019
PGEN,2018.8036,58412,2024,-0.048085,0.357774,0.000835,0.000748,-0.002202,6.0649120808,125.13166155729999,121.09869
PGEN,2018.8063,58413,2024,-0.047781,0.357698,0.000883,0.000784,0.038687,6.0649120801,125.13166156,121.09265
PGEN,2018.809,58414,2024,-0.045701,0.357045,0.000869,0.000764,0.013824,6.0649120742,125.13166157879999,121.10327
PGEN,2018.8118,58415,2024,-0.048517,0.356875,0.000995,0.000892,0.072172,6.0649120727,125.1316615534,121.09373
PGEN,2018.8145,58416,2024,-0.047761,0.356264,0.000849,0.000755,-0.02334,6.0649120672,125.1316615602,121.10038
PGEN,2018.8172,58417,2024,-0.049393,0.357797,0.000856,0.000745,-0.014548,6.064912081,125.13166154550001,121.0999
PGEN,2018.82,58418,2024,-0.046642,0.360318,0.000872,0.000775,0.030228,6.0649121038,125.1316615703,121.10118
PGEN,2018.8227,58419,2025,-0.046431,0.35812,0.000876,0.000774,0.012662,6.0649120839,125.13166157219999,121.09605
PGEN,2018.8255,58420,2025,-0.046208,0.35636,0.000889,0.000778,0.034132,6.064912068,125.1316615742,121.10179
PGEN,2018.8282,58421,2025,-0.048905,0.358235,0.000882,0.000772,-0.019289,6.064912085,125.1316615499,121.09997
PGEN,2018.8309,58422,2025,-0.04769,0.356011,0.000896,0.000781,0.033868,6.0649120649,125.13166156080001,121.09513
PGEN,2018.8337,58423,2025,-0.047678,0.35765,0.000866,0.000755,0.011233,6.0649120797,125.13166156099999,121.09944
PGEN,2018.8364,58424,2025,-0.046334,0.35802,0.000864,0.000752,0.015557,6.064912083,125.13166157309999,121.09305
PGEN,2018.8392,58425,2025,-0.047335,0.358965,0.000868,0.000777,-0.018382,6.0649120916,125.1316615641,121.09043
PGEN,2018.8419,58426,2026,-0.047578,0.358198,0.000874,0.000765,-0.014117,6.0649120847,125.13166156189999,121.09501
PGEN,2018.8446,58427,2026,-0.046913,0.358082,0.000884,0.000761,0.038135,6.0649120836,125.13166156790001,121.10139
PGEN,2018.8474,58428,2026,-0.050293,0.355721,0.000881,0.00077,0.047586,6.0649120623,125.1316615373,121.09144
PGEN,2018.8501,58429,2026,-0.047746,0.352849,0.000889,0.000779,0.00377,6.0649120363,125.13166156029999,121.09706
PGEN,2018.8528,58430,2026,-0.046996,0.357535,0.000859,0.000763,-0.013517,6.0649120787,125.1316615671,121.1033
PGEN,2018.8556,58431,2026,-0.047041,0.359188,0.00088,0.000765,-0.005925,6.0649120936,125.13166156669999,121.10666
PGEN,2018.8583,58432,2026,-0.046399,0.354974,0.000906,0.000779,0.025564,6.0649120555,125.13166157250001,121.09338
PGEN,2018.8611,58433,2027,-0.046006,0.354972,0.00091,0.000762,0.001092,6.0649120555,125.13166157609999,121.09664
PGEN,2018.8638,58434,2027,-0.046107,0.355487,0.000863,0.000752,0.002381,6.0649120601,125.13166157520001,121.10001
PGEN,2018.8665,58435,2027,-0.044456,0.355279,0.001031,0.000831,0.000435,6.0649120583,125.13166159010001,121.10206
PGEN,2018.8693,58436,2027,-0.046401,0.357496,0.000837,0.000745,-0.017848,6.0649120783,125.13166157250001,121.09093
PGEN,2018.872,58437,2027,-0.046936,0.355706,0.000864,0.000758,0.004552,6.0649120621,125.13166156770001,121.09487
PGEN,2018.8775,58439,2027,-0.048716,0.356026,0.000861,0.000777,0.036117,6.064912065,125.13166155159999,121.09662
PGEN,2018.8802,58440,2028,-0.04738,0.354949,0.000871,0.000764,-0.024928,6.0649120553,125.1316615636,121.09614
PGEN,2018.883,58441,2028,-0.047322,0.355426,0.000859,0.000781,0.029456,6.0649120596,125.13166156419999,121.09637
PGEN,2018.8857,58442,2028,-0.048437,0.354701,0.001055,0.00091,-0.001702,6.064912053,125.13166155409999,121.09015
PGEN,2018.8884,58443,2028,-0.047589,0.354523,0.000875,0.000762,0.018255,6.0649120514,125.1316615618,121.09349
PGEN,2018.8912,58444,2028,-0.049597,0.35227,0.000926,0.000806,-0.014892,6.064912031,125.13166154359999,121.0936
PGEN,2018.8939,58445,2028,-0.047673,0.353784,0.000889,0.000777,0.011959,6.0649120447,125.13166156099999,121.09382
PGEN,2018.8966,58446,2028,-0.049905,0.354402,0.000879,0.000789,0.026626,6.0649120503,125.1316615408,121.10083
PGEN,2018.8994,58447,2029,-0.047544,0.353074,0.000926,0.000806,0.0311,6.0649120383,125.13166156220001,121.09884
PGEN,2018.9021,58448,2029,-0.047897,0.352877,0.000857,0.000775,0.024272,6.0649120365,125.13166155900001,121.0956
PGEN,2018.9049,58449,2029,-0.048282,0.355072,0.000849,0.000747,0.011099,6.0649120564,125.13166155549999,121.0969
PGEN,2018.9076,58450,2029,-0.048746,0.353303,0.000854,0.000756,0.010133,6.0649120404,125.1316615513,121.0918
PGEN,2018.9103,58451,2029,-0.047364,0.355282,0.000875,0.00077,0.052961,6.0649120583,125.13166156380001,121.08901
PGEN,2018.9131,58452,2029,-0.049852,0.355679,0.001304,0.001066,0.136038,6.0649120619,125.13166154129999,121.10552
PGEN,2018.9158,58453,2029,-0.048343,0.354518,0.000913,0.000795,0.02523,6.0649120514,125.131661555,121.09507
PGEN,2018.9185,58454,2030,-0.050097,0.355535,0.000903,0.0008,0.002661,6.0649120606,125.13166153910001,121.09558
PGEN,2018.9213,58455,2030,-0.047919,0.352918,0.000888,0.000767,0.02993,6.0649120369,125.1316615588,121.09397
PGEN,2018.924,58456,2030,-0.04577,0.354648,0.000916,0.000814,0.031784,6.0649120526,125.13166157820001,121.0934
PGEN,2018.9268,58457,2030,-0.050106,0.354197,0.000951,0.000863,-0.000161,6.0649120485,125.13166153899999,121.11324
PGEN,2018.9295,58458,2030,-0.045562,0.351997,0.0009,0.00079,0.014925,6.0649120286,125.1316615801,121.09816
PGEN,2018.9322,58459,2030,-0.047826,0.352836,0.000911,0.000809,0.103995,6.0649120362,125.13166155959999,121.09889
PGEN,2018.935,58460,2030,-0.049483,0.353934,0.000864,0.000763,0.048359,6.0649120461,125.13166154460001,121.10175
PGEN,2018.9377,58461,2031,-0.048281,0.352027,0.000931,0.00085,0.050797,6.0649120288,125.13166155549999,121.10053
PGEN,2018.9405,58462,2031,-0.046329,0.353455,0.000878,0.000764,-0.022515,6.0649120418,125.13166157309999,121.09363
PGEN,2018.9432,58463,2031,-0.047529,0.354917,0.000864,0.000753,0.001192,6.064912055,125.1316615623,121.09475
PGEN,2018.9459,58464,2031,-0.047885,0.35263,0.000854,0.000738,0.001756,6.0649120343,125.1316615591,121.09206
PGEN,2018.9487,58465,2031,-0.050458,0.354603,0.00085,0.000745,0.012891,6.0649120521,125.13166153579999,121.09993
PGEN,2018.9514,58466,2031,-0.049398,0.352531,0.001105,0.00101,0.029937,6.0649120334,125.1316615454,121.10243
PGEN,2018.9541,58467,2031,-0.048945,0.353342,0.001172,0.000968,-0.045993,6.0649120407,125.1316615495,121.09354
PGEN,2018.9569,58468,2032,-0.051201,0.353549,0.000866,0.000751,0.005665,6.0649120426,125.1316615291,121.10588
PGEN,2018.9596,58469,2032,-0.049981,0.356063,0.000869,0.000761,0.005992,6.0649120653,125.13166154020001,121.091
PGEN,2018.9624,58470,2032,-0.047521,0.353363,0.000879,0.000756,0.046126,6.0649120409,125.13166156240001,121.09817
PGEN,2018.9651,58471,2032,-0.048434,0.353675,0.000836,0.000742,0.033363,6.0649120438,125.13166155409999,121.09882
PGEN,2018.9678,58472,2032,-0.048333,0.353414,0.000819,0.000715,0.024474,6.0649120414,125.131661555,121.09742
PGEN,2018.9706,58473,2032,-0.046289,0.354032,0.00084,0.000745,0.035548,6.064912047,125.1316615735,121.1025
PGEN,2018.9733,58474,2032,-0.047002,0.353791,0.000843,0.000738,0.01185,6.0649120448,125.1316615671,121.1
PGEN,2018.976,58475,2033,-0.050277,0.354673,0.000823,0.000734,0.046017,6.0649120528,125.13166153750001,121.0967
PGEN,2018.9788,58476,2033,-0.049069,0.354481,0.000849,0.00076,0.031208,6.064912051,125.13166154839999,121.0977
PGEN,2018.9815,58477,2033,-0.048598,0.353197,0.000855,0.000757,0.022532,6.0649120394,125.13166155260001,121.10372
PGEN,2018.9843,58478,2033,-0.050024,0.356826,0.000895,0.00079,0.072596,6.0649120722,125.1316615398,121.09657
PGEN,2018.9897,58480,2033,-0.046069,0.35566,0.001375,0.001185,0.074107,6.0649120617,125.1316615755,121.08245
PGEN,2018.9979,58483,2034,-0.045558,0.35434,0.001277,0.001209,-0.013048,6.0649120498,125.1316615801,121.10663
PGEN,2019.0007,58484,2034,-0.047438,0.353874,0.000853,0.000773,0.052973,6.0649120456,125.13166156310001,121.09421
PGEN,2019.0034,58485,2034,-0.044482,0.351957,0.00089,0.000792,0.085248,6.0649120282,125.13166158979999,121.08947
PGEN,2019.0062,58486,2034,-0.048227,0.352625,0.000861,0.000762,0.04674,6.0649120343,125.13166155600001,121.09648
PGEN,2019.0089,58487,2034,-0.046113,0.352384,0.000865,0.000767,0.024462,6.0649120321,125.1316615751,121.09414
PGEN,2019.0116,58488,2034,-0.049296,0.351831,0.000879,0.000788,-0.007375,6.0649120271,125.1316615463,121.09714
PGEN,2019.0144,58489,2035,-0.048375,0.352641,0.000872,0.000773,0.054679,6.0649120344,125.1316615547,121.09991
PGEN,2019.0226,58492,2035,-0.046529,0.352842,0.000838,0.000732,0.038493,6.0649120362,125.13166157129999,121.10189
PGEN,2019.0253,58493,2035,-0.046367,0.35512,0.000845,0.00077,0.064169,6.0649120568,125.1316615728,121.0973
PGEN,2019.0281,58494,2035,-0.04551,0.351777,0.000847,0.000737,0.05367,6.0649120266,125.13166158050001,121.10277
PGEN,2019.0308,58495,2035,-0.045354,0.353252,0.00086,0.00074,0.031976,6.0649120399,125.13166158199999,121.10034
PGEN,2019.0335,58496,2036,-0.047339,0.352563,0.000834,0.000746,0.051278,6.0649120337,125.13166156400001,121.10361
PGEN,2019.0363,58497,2036,-0.046585,0.351663,0.000831,0.000753,0.060964,6.0649120256,125.13166157079999,121.10199
PGEN,2019.039,58498,2036,-0.045867,0.352693,0.00085,0.000743,0.06138,6.0649120349,125.13166157730001,121.08743
PGEN,2019.0418,58499,2036,-0.046424,0.353739,0.000856,0.000751,0.042341,6.0649120443,125.1316615723,121.09661
PGEN,2019.0445,58500,2036,-0.046577,0.352225,0.000924,0.000767,-0.027909,6.0649120306,125.13166157090001,121.10017
PGEN,2019.0472,58501,2036,-0.046084,0.353225,0.000884,0.000753,0.018947,6.0649120397,125.13166157539999,121.09865
PGEN,2019.05,58502,2036,-0.047782,0.353999,0.000851,0.000743,0.01205,6.0649120467,125.13166156,121.09557
PGEN,2019.0527,58503,2037,-0.045943,0.354683,0.000858,0.000756,0.004717,6.0649120529,125.13166157660001,121.09909
PGEN,2019.0554,58504,2037,-0.046407,0.354769,0.000846,0.000762,0.00659,6.0649120536,125.13166157239999,121.10703
PGEN,2019.0582,58505,2037,-0.048176,0.355259,0.00087,0.000779,0.012488,6.0649120581,125.1316615565,121.09676
PGEN,2019.0609,58506,2037,-0.04469,0.351613,0.000828,0.000737,0.015031,6.0649120251,125.1316615879,121.10253
PGEN,2019.0637,58507,2037,-0.047925,0.355074,0.000871,0.000745,0.024444,6.0649120564,125.13166155869999,121.09515
PGEN,2019.0664,58508,2037,-0.047623,0.354135,0.000871,0.000768,0.022003,6.0649120479,125.13166156150001,121.09564
PGEN,2019.0691,58509,2037,-0.047116,0.354096,0.000849,0.00078,0.027281,6.0649120476,125.13166156599999,121.1077
PGEN,2019.0719,58510,2038,-0.047316,0.351769,0.000839,0.00076,0.004525,6.0649120265,125.13166156419999,121.09341
PGEN,2019.0746,58511,2038,-0.048493,0.35269,0.000818,0.000721,0.039703,6.0649120348,125.1316615536,121.09741
PGEN,2019.0773,58512,2038,-0.045961,0.352248,0.000838,0.000724,0.027118,6.0649120308,125.1316615765,121.09835
PGEN,2019.0801,58513,2038,-0.047031,0.351863,0.000932,0.000831,0.024667,6.0649120274,125.1316615668,121.08976
PGEN,2019.0828,58514,2038,-0.048739,0.351751,0.001045,0.000909,0.078481,6.0649120264,125.13166155139999,121.10261
PGEN,2019.0856,58515,2038,-0.046704,0.35251,0.000843,0.000754,0.021168,6.0649120332,125.1316615698,121.10536
PGEN,2019.0883,58516,2038,-0.046737,0.353263,0.000923,0.000804,0.046997,6.06491204,125.13166156950001,121.09266
PGEN,2019.091,58517,2039,-0.04651,0.349986,0.000927,0.00076,0.055883,6.0649120104,125.13166157149999,121.09209
PGEN,2019.0938,58518,2039,-0.048055,0.351551,0.000906,0.000796,0.010906,6.0649120245,125.13166155760001,121.09521
PGEN,2019.0965,58519,2039,-0.048018,0.352492,0.001084,0.0009,0.081214,6.0649120331,125.1316615579,121.10208
PGEN,2019.102,58521,2039,-0.048437,0.352156,0.001048,0.000957,0.047492,6.06491203,125.13166155409999,121.09778
PGEN,2019.1047,58522,2039,-0.045665,0.352983,0.000908,0.000765,0.056904,6.0649120375,125.13166157910001,121.09133
PGEN,2019.1075,58523,2039,-0.046871,0.351767,0.000851,0.000753,0.000842,6.0649120265,125.1316615682,121.10338
PGEN,2019.1102,58524,2040,-0.048901,0.353159,0.000971,0.000835,0.037092,6.0649120391,125.1316615499,121.09409
PGEN,2019.1129,58525,2040,-0.049436,0.351167,0.001806,0.001568,-0.020244,6.0649120211,125.1316615451,121.11232
PGEN,2019.1184,58527,2040,-0.045064,0.348726,0.001536,0.001536,-0.035081,6.064911999,125.13166158460001,121.09677
PGEN,2019.1211,58528,2040,-0.044699,0.351548,0.001857,0.001419,0.060951,6.0649120245,125.1316615879,121.09243
PGEN,2019.1239,58529,2040,-0.047773,0.350871,0.000864,0.000761,-0.01059,6.0649120184,125.13166156010001,121.09713
PGEN,2019.1266,58530,2040,-0.048822,0.35198,0.001041,0.000911,0.064501,6.0649120284,125.1316615506,121.10735
PGEN,2019.1294,58531,2041,-0.049571,0.35149,0.001296,0.001178,0.086876,6.064912024,125.13166154390001,121.09549
PGEN,2019.1321,58532,2041,-0.048776,0.351792,0.001098,0.000901,0.001713,6.0649120267,125.13166155100001,121.09622
PGEN,2019.1348,58533,2041,-0.048379,0.351317,0.001805,0.001567,0.102637,6.0649120224,125.13166155459999,121.09581
PGEN,2019.1376,58534,2041,-0.051037,0.351315,0.000913,0.000775,0.03862,6.0649120224,125.13166153060001,121.10284
PGEN,2019.1431,58536,2041,-0.048265,0.352249,0.000932,0.000799,0.010698,6.0649120309,125.13166155569999,121.10274
PGEN,2019.1458,58537,2041,-0.048598,0.352107,0.000843,0.000753,0.048918,6.0649120296,125.13166155260001,121.09633
PGEN,2019.1485,58538,2042,-0.0476,0.350643,0.00085,0.000767,0.028523,6.0649120163,125.13166156170001,121.09806
PGEN,2019.1513,58539,2042,-0.0489,0.35049,0.000823,0.000728,0.002036,6.064912015,125.1316615499,121.09935
PGEN,2019.154,58540,2042,-0.048983,0.350291,0.000811,0.000719,0.032757,6.0649120132,125.1316615492,121.09792
PGEN,2019.1567,58541,2042,-0.048505,0.348661,0.000862,0.000742,0.020279,6.0649119984,125.13166155350001,121.09526
PGEN,2019.1595,58542,2042,-0.048747,0.350108,0.000898,0.000763,0.021962,6.0649120115,125.1316615513,121.10011
PGEN,2019.1622,58543,2042,-0.05006,0.350677,0.000881,0.000772,-0.015875,6.0649120166,125.1316615394,121.10144
PGEN,2019.165,58544,2042,-0.047261,0.351819,0.001189,0.001023,0.091607,6.064912027,125.13166156470001,121.09543
PGEN,2019.1677,58545,2043,-0.049571,0.349044,0.000909,0.000794,0.01314,6.0649120019,125.13166154390001,121.09603
PGEN,2019.1704,58546,2043,-0.047242,0.351464,0.000873,0.000781,-0.032601,6.0649120238,125.13166156490001,121.09423
PGEN,2019.1732,58547,2043,-0.04973,0.350837,0.000874,0.000754,0.015648,6.0649120181,125.1316615424,121.098
PGEN,2019.1759,58548,2043,-0.048979,0.349741,0.000932,0.000808,0.029523,6.0649120082,125.1316615492,121.09703
PGEN,2019.1786,58549,2043,-0.049728,0.351497,0.00092,0.000781,0.043865,6.0649120241,125.1316615424,121.10647
PGEN,2019.1814,58550,2043,-0.049878,0.349119,0.000817,0.000733,0.040845,6.0649120026,125.13166154109999,121.105
PGEN,2019.1841,58551,2043,-0.048089,0.349284,0.000944,0.0008,0.018777,6.064912004,125.1316615572,121.09999
PGEN,2019.1869,58552,2044,-0.048056,0.349272,0.001028,0.000894,0.030237,6.0649120039,125.1316615575,121.0947
PGEN,2019.1896,58553,2044,-0.049482,0.349413,0.000856,0.000755,-0.004758,6.0649120052,125.1316615447,121.09657
PGEN,2019.1923,58554,2044,-0.049448,0.348742,0.000885,0.000772,0.030791,6.0649119991,125.13166154499999,121.09488
PGEN,2019.1951,58555,2044,-0.051742,0.348645,0.000853,0.000771,0.012064,6.0649119983,125.13166152420001,121.09804
PGEN,2019.1978,58556,2044,-0.047823,0.350013,0.000925,0.000794,0.01299,6.0649120106,125.13166155959999,121.09718
PGEN,2019.2005,58557,2044,-0.050497,0.34933,0.000944,0.000796,-0.004016,6.0649120045,125.1316615355,121.08902
PGEN,2019.2033,58558,2044,-0.050081,0.351174,0.000955,0.000813,0.074892,6.0649120211,125.13166153930001,121.10516
PGEN,2019.206,58559,2045,-0.050388,0.351284,0.000997,0.000838,0.068711,6.0649120221,125.13166153649999,121.10626
PGEN,2019.2088,58560,2045,-0.048526,0.350644,0.000921,0.000805,0.053298,6.0649120163,125.1316615533,121.1054
PGEN,2019.2115,58561,2045,-0.0496,0.34992,0.000935,0.000774,-0.004071,6.0649120098,125.13166154359999,121.10908
PGEN,2019.2142,58562,2045,-0.049206,0.348787,0.000892,0.000776,-0.001565,6.0649119995,125.1316615472,121.10339
PGEN,2019.217,58563,2045,-0.051259,0.351153,0.000904,0.000775,0.050545,6.0649120209,125.1316615286,121.09574
PGEN,2019.2197,58564,2045,-0.049925,0.351507,0.000879,0.000758,0.02108,6.0649120241,125.13166154070001,121.10378
PGEN,2019.2225,58565,2045,-0.049456,0.349462,0.001068,0.00087,-0.012439,6.0649120057,125.1316615449,121.10491
PGEN,2019.2252,58566,2046,-0.050302,0.348932,0.001058,0.000885,0.053731,6.0649120009,125.1316615373,121.10229
PGEN,2019.2279,58567,2046,-0.051549,0.347675,0.000993,0.000816,0.072358,6.0649119895,125.13166152599999,121.10234
PGEN,2019.2307,58568,2046,-0.050841,0.348263,0.000907,0.000764,0.024264,6.0649119948,125.13166153239999,121.10216
PGEN,2019.2334,58569,2046,-0.048368,0.347919,0.001009,0.000829,0.02214,6.0649119917,125.1316615547,121.09878
PGEN,2019.2361,58570,2046,-0.051818,0.351049,0.000927,0.000797,0.02622,6.06491202,125.1316615236,121.09976
PGEN,2019.2389,58571,2046,-0.049002,0.351855,0.000934,0.000792,0.01857,6.0649120273,125.131661549,121.09814
PGEN,2019.2416,58572,2046,-0.052319,0.346942,0.001186,0.000978,-0.010566,6.0649119829,125.131661519,121.10653
PGEN,2019.2444,58573,2047,-0.051762,0.350369,0.001046,0.000866,0.008905,6.0649120139,125.1316615241,121.1091
PGEN,2019.2471,58574,2047,-0.051178,0.349879,0.000985,0.000861,-0.030844,6.0649120094,125.1316615293,121.11007
PGEN,2019.2498,58575,2047,-0.047916,0.349493,0.000922,0.000805,0.035804,6.0649120059,125.1316615588,121.10269
PGEN,2019.2526,58576,2047,-0.050641,0.349476,0.000924,0.00082,-0.007926,6.0649120058,125.13166153419999,121.10472
PGEN,2019.2553,58577,2047,-0.05097,0.349163,0.000878,0.000792,0.011985,6.064912003,125.1316615312,121.09691
PGEN,2019.258,58578,2047,-0.051158,0.347965,0.000933,0.000813,0.009891,6.0649119921,125.13166152950001,121.09541
PGEN,2019.2608,58579,2047,-0.053871,0.348248,0.000982,0.000839,0.01712,6.0649119947,125.13166150500001,121.10439
PGEN,2019.2635,58580,2048,-0.053548,0.348174,0.000955,0.000835,-0.013146,6.064911994,125.13166150789999,121.09903
PGEN,2019.2717,58583,2048,-0.054098,0.349108,0.000937,0.000858,0.082231,6.0649120025,125.131661503,121.10511
PGEN,2019.2745,58584,2048,-0.053149,0.34951,0.001035,0.00086,0.0088,6.0649120061,125.1316615115,121.10527
PGEN,2019.2772,58585,2048,-0.054816,0.34991,0.000985,0.000885,0.013165,6.0649120097,125.13166149649999,121.09293
PGEN,2019.2799,58586,2048,-0.051529,0.34659,0.000895,0.000808,-0.002635,6.0649119797,125.13166152619999,121.10248
PGEN,2019.2827,58587,2049,-0.049151,0.349593,0.000879,0.000778,0.014569,6.0649120068,125.13166154769999,121.10333
PGEN,2019.2854,58588,2049,-0.05119,0.349502,0.000865,0.000768,0.027768,6.064912006,125.13166152919999,121.09806
PGEN,2019.2882,58589,2049,-0.052182,0.349242,0.000935,0.000799,0.070023,6.0649120037,125.13166152030001,121.0999
PGEN,2019.2909,58590,2049,-0.051594,0.350826,0.000857,0.00078,0.039025,6.064912018,125.13166152560001,121.09922
PGEN,2019.2936,58591,2049,-0.051411,0.350158,0.000886,0.000778,0.032187,6.0649120119,125.13166152720001,121.09577
PGEN,2019.2964,58592,2049,-0.053469,0.35026,0.000979,0.000844,0.002253,6.0649120129,125.13166150859999,121.09777
PGEN,2019.2991,58593,2049,-0.051774,0.349699,0.000902,0.000795,0.04022,6.0649120078,125.13166152400001,121.0998
PGEN,2019.3018,58594,2050,-0.051413,0.34702,0.000961,0.000807,0.082807,6.0649119836,125.13166152720001,121.10813
PGEN,2019.3073,58596,2050,-0.050386,0.347798,0.001339,0.001231,0.04248,6.0649119906,125.13166153649999,121.08318
PGEN,2019.3101,58597,2050,-0.053683,0.347328,0.001335,0.001094,0.074009,6.0649119864,125.1316615067,121.10155
PGEN,2019.3155,58599,2050,-0.050222,0.350037,0.001013,0.000876,0.037191,6.0649120109,125.131661538,121.10322
PGEN,2019.3183,58600,2050,-0.050007,0.34958,0.001869,0.001452,-0.119685,6.0649120067,125.1316615399,121.10081
PGEN,2019.321,58601,2051,-0.054619,0.348621,0.001147,0.000958,0.06904,6.064911998,125.13166149829999,121.10049
PGEN,2019.3238,58602,2051,-0.054188,0.347796,0.000889,0.000772,-0.002669,6.0649119906,125.13166150219999,121.1068
PGEN,2019.3265,58603,2051,-0.05151,0.349616,0.000872,0.000762,0.024104,6.064912007,125.13166152630001,121.10308
PGEN,2019.3292,58604,2051,-0.052212,0.347489,0.000924,0.000786,0.066293,6.0649119878,125.13166152,121.09678
PGEN,2019.332,58605,2051,-0.051974,0.349248,0.000883,0.00078,0.052348,6.0649120037,125.13166152209999,121.09636
PGEN,2019.3347,58606,2051,-0.052217,0.348993,0.000902,0.000768,0.019101,6.0649120014,125.13166152,121.10422
PGEN,2019.3374,58607,2051,-0.048971,0.350699,0.00091,0.000782,0.025224,6.0649120168,125.13166154929999,121.10537
PGEN,2019.3402,58608,2052,-0.052354,0.351803,0.000986,0.000817,0.008392,6.0649120268,125.13166151870001,121.10206
PGEN,2019.3429,58609,2052,-0.053231,0.352172,0.000948,0.000826,0.037766,6.0649120302,125.1316615108,121.09949
PGEN,2019.3457,58610,2052,-0.053092,0.348302,0.00089,0.000764,0.060446,6.0649119952,125.131661512,121.10125
PGEN,2019.3484,58611,2052,-0.053351,0.350693,0.000834,0.000752,0.029282,6.0649120168,125.1316615097,121.0985
PGEN,2019.3511,58612,2052,-0.051574,0.352245,0.000897,0.000786,0.068131,6.0649120308,125.13166152580001,121.10848
PGEN,2019.3539,58613,2052,-0.053575,0.350641,0.000901,0.000789,0.013252,6.0649120163,125.13166150769999,121.10056
PGEN,2019.3566,58614,2052,-0.052021,0.351436,0.000992,0.000862,0.031711,6.0649120235,125.13166152170001,121.10198
PGEN,2019.3593,58615,2053,-0.050356,0.351742,0.00095,0.000802,0.023968,6.0649120263,125.13166153680001,121.09983
PGEN,2019.3758,58621,2053,-0.057998,0.350849,0.002131,0.001657,0.107912,6.0649120182,125.13166146770001,121.08637
PGEN,2019.3785,58622,2054,-0.05147,0.349541,0.001225,0.001022,-0.008574,6.0649120064,125.13166152669999,121.09946
PGEN,2019.3812,58623,2054,-0.054452,0.348836,0.001232,0.001079,0.047842,6.064912,125.1316614998,121.10591
PGEN,2019.384,58624,2054,-0.052661,0.345665,0.001444,0.001192,-0.043413,6.0649119713,125.13166151589999,121.09594
PGEN,2019.3867,58625,2054,-0.053957,0.350142,0.001338,0.001139,0.01473,6.0649120118,125.1316615042,121.10239
PGEN,2019.3895,58626,2054,-0.052031,0.350658,0.000885,0.00077,0.061376,6.0649120165,125.1316615216,121.09779
PGEN,2019.3922,58627,2054,-0.057942,0.34994,0.000933,0.000801,-0.016037,6.06491201,125.13166146820001,121.09995
PGEN,2019.3949,58628,2054,-0.054363,0.348838,0.001003,0.000825,0.045335,6.064912,125.13166150059999,121.10069
PGEN,2019.3977,58629,2055,-0.05491,0.351737,0.001027,0.00084,0.016857,6.0649120262,125.13166149560001,121.09446
PGEN,2019.4004,58630,2055,-0.055476,0.351708,0.000945,0.000802,0.068478,6.064912026,125.1316614905,121.1047
PGEN,2019.4031,58631,2055,-0.053985,0.34937,0.000947,0.000829,0.075933,6.0649120048,125.131661504,121.10373
PGEN,2019.4059,58632,2055,-0.054292,0.351906,0.001005,0.000893,-0.022841,6.0649120278,125.1316615012,121.11762
PGEN,2019.4086,58633,2055,-0.054162,0.350372,0.000858,0.000766,-0.000194,6.0649120139,125.1316615024,121.10544
PGEN,2019.4114,58634,2055,-0.053119,0.352705,0.000953,0.000842,0.032456,6.064912035,125.13166151179999,121.09961
PGEN,2019.4141,58635,2055,-0.055176,0.352897,0.000987,0.000863,-0.018583,6.0649120367,125.1316614932,121.09444
PGEN,2019.4168,58636,2056,-0.056546,0.349974,0.001054,0.00088,-0.013801,6.0649120103,125.1316614809,121.10084
PGEN,2019.4196,58637,2056,-0.055271,0.349774,0.000906,0.00079,0.021294,6.0649120085,125.13166149240001,121.1037
PGEN,2019.4223,58638,2056,-0.055513,0.350336,0.000918,0.000789,-0.007138,6.0649120136,125.1316614902,121.10068
PGEN,2019.4251,58639,2056,-0.054906,0.350549,0.00092,0.000794,0.004629,6.0649120155,125.1316614957,121.09481
PGEN,2019.4278,58640,2056,-0.057631,0.35124,0.001005,0.000833,0.063077,6.0649120217,125.131661471,121.09275
PGEN,2019.4305,58641,2056,-0.054558,0.35384,0.000939,0.000831,0.006442,6.0649120452,125.13166149880001,121.09946
PGEN,2019.4333,58642,2056,-0.054481,0.346936,0.000972,0.000882,0.017278,6.0649119828,125.13166149950001,121.10581
PGEN,2019.436,58643,2057,-0.052462,0.350666,0.001011,0.000829,0.045334,6.0649120165,125.1316615177,121.09561
PGEN,2019.4387,58644,2057,-0.054263,0.349573,0.001071,0.000933,0.048447,6.0649120067,125.13166150149999,121.08568
PGEN,2019.4415,58645,2057,-0.054954,0.352505,0.000888,0.000793,0.048771,6.0649120332,125.1316614952,121.09452
PGEN,2019.4442,58646,2057,-0.054412,0.350438,0.000944,0.000798,0.057364,6.0649120145,125.1316615001,121.09515
PGEN,2019.447,58647,2057,-0.057232,0.346948,0.000979,0.000884,0.026863,6.0649119829,125.1316614747,121.09546
PGEN,2019.4524,58649,2057,-0.053301,0.349429,0.000984,0.000826,0.019214,6.0649120054,125.13166151019999,121.0889
PGEN,2019.4552,58650,2058,-0.054775,0.350973,0.000885,0.00077,0.082824,6.0649120193,125.1316614969,121.09235
PGEN,2019.4579,58651,2058,-0.054615,0.352324,0.000885,0.000797,0.019241,6.0649120315,125.13166149829999,121.09952
PGEN,2019.4606,58652,2058,-0.055754,0.34875,0.00095,0.000825,0.040852,6.0649119992,125.13166148799999,121.08378
PGEN,2019.4634,58653,2058,-0.053737,0.351756,0.000909,0.000793,0.0146,6.0649120264,125.1316615062,121.09415
PGEN,2019.4661,58654,2058,-0.052589,0.351446,0.000998,0.000879,-0.009008,6.0649120236,125.13166151659999,121.09963
PGEN,2019.4689,58655,2058,-0.05572,0.352641,0.00093,0.000833,0.008026,6.0649120344,125.13166148830001,121.09459
PGEN,2019.4716,58656,2058,-0.054533,0.351272,0.001093,0.000922,-0.023619,6.064912022,125.13166149899999,121.09124
PGEN,2019.4743,58657,2059,-0.054278,0.353698,0.001026,0.000871,0.028433,6.064912044,125.13166150129999,121.08569
PGEN,2019.4771,58658,2059,-0.054435,0.35056,0.000915,0.000796,0.035321,6.0649120156,125.13166149989999,121.09569
PGEN,2019.4798,58659,2059,-0.053382,0.355704,0.00102,0.000859,0.035238,6.0649120621,125.1316615094,121.09722
PGEN,2019.4825,58660,2059,-0.055773,0.352269,0.000879,0.000783,0.024099,6.064912031,125.13166148779999,121.08232
PGEN,2019.4853,58661,2059,-0.053632,0.351305,0.000977,0.000829,0.015362,6.0649120223,125.1316615072,121.09113
PGEN,2019.488,58662,2059,-0.050868,0.352059,0.000925,0.000837,0.009514,6.0649120291,125.1316615321,121.09712
PGEN,2019.4908,58663,2059,-0.053631,0.351863,0.000904,0.000778,0.035786,6.0649120274,125.1316615072,121.093
PGEN,2019.4935,58664,2060,-0.055228,0.351543,0.000939,0.000797,0.05417,6.0649120245,125.13166149279999,121.0926
PGEN,2019.4962,58665,2060,-0.05554,0.352265,0.000836,0.000727,0.035145,6.064912031,125.13166148990001,121.09394
PGEN,2019.499,58666,2060,-0.05305,0.352115,0.00087,0.000755,0.019578,6.0649120296,125.1316615124,121.10137
PGEN,2019.5017,58667,2060,-0.05479,0.351535,0.000878,0.00077,0.018598,6.0649120244,125.13166149669999,121.09021
PGEN,2019.5044,58668,2060,-0.054514,0.351194,0.000951,0.000829,0.022945,6.0649120213,125.13166149919999,121.09403
PGEN,2019.5072,58669,2060,-0.055668,0.35329,0.000868,0.000766,0.047627,6.0649120403,125.1316614888,121.08633
PGEN,2019.5099,58670,2060,-0.054389,0.351903,0.000869,0.000765,0.018388,6.0649120277,125.1316615003,121.08968
PGEN,2019.5127,58671,2061,-0.055583,0.351322,0.000983,0.000818,0.043971,6.0649120225,125.1316614895,121.09662
PGEN,2019.5154,58672,2061,-0.055849,0.35269,0.000884,0.000763,0.020334,6.0649120348,125.1316614872,121.09098
PGEN,2019.5181,58673,2061,-0.056902,0.352866,0.000856,0.00073,0.017581,6.0649120364,125.1316614776,121.0886
PGEN,2019.5209,58674,2061,-0.055128,0.351567,0.000852,0.000746,0.070429,6.0649120247,125.1316614937,121.09723
PGEN,2019.5236,58675,2061,-0.055902,0.351889,0.000827,0.000739,0.031528,6.0649120276,125.13166148670001,121.09166
PGEN,2019.5264,58676,2061,-0.054602,0.350762,0.000844,0.000729,0.016739,6.0649120174,125.1316614984,121.09468
PGEN,2019.5291,58677,2061,-0.054561,0.349445,0.000918,0.0008,0.03682,6.0649120055,125.13166149880001,121.09071
PGEN,2019.5318,58678,2062,-0.0535,0.351531,0.000878,0.000754,0.058515,6.0649120244,125.13166150839999,121.09456
PGEN,2019.5346,58679,2062,-0.054972,0.352049,0.000871,0.000784,0.023377,6.0649120291,125.13166149509999,121.09271
PGEN,2019.5373,58680,2062,-0.054742,0.351671,0.000871,0.000783,0.040984,6.0649120256,125.1316614971,121.0825
PGEN,2019.54,58681,2062,-0.055344,0.351819,0.000906,0.000764,0.020839,6.064912027,125.13166149169999,121.0885
PGEN,2019.5428,58682,2062,-0.055272,0.35257,0.000859,0.000731,0.073444,6.0649120338,125.13166149240001,121.08971
PGEN,2019.5455,58683,2062,-0.056766,0.353898,0.00091,0.000766,0.004268,6.0649120458,125.13166147890001,121.08562
PGEN,2019.5483,58684,2062,-0.057681,0.352227,0.000947,0.000804,0.052136,6.0649120307,125.1316614706,121.09327
PGEN,2019.551,58685,2063,-0.056619,0.351408,0.000903,0.000792,0.066409,6.0649120233,125.1316614802,121.0876
PGEN,2019.5537,58686,2063,-0.059441,0.352563,0.000939,0.000804,0.068469,6.0649120337,125.13166145470001,121.08819
PGEN,2019.5565,58687,2063,-0.056693,0.351201,0.000848,0.000762,-0.006823,6.0649120214,125.1316614795,121.0848
PGEN,2019.5592,58688,2063,-0.057421,0.352336,0.000854,0.00076,0.024419,6.0649120316,125.13166147289999,121.09069
PGEN,2019.5619,58689,2063,-0.057714,0.352338,0.000848,0.000735,0.010251,6.0649120317,125.1316614703,121.09392
PGEN,2019.5647,58690,2063,-0.058483,0.351763,0.000861,0.000743,0.061988,6.0649120265,125.13166146340001,121.09092
PGEN,2019.5674,58691,2063,-0.056793,0.351544,0.001072,0.000909,0.000507,6.0649120245,125.1316614786,121.09072
PGEN,2019.5702,58692,2064,-0.057697,0.352279,0.001339,0.001068,0.047328,6.0649120311,125.1316614705,121.08114
PGEN,2019.5729,58693,2064,-0.058696,0.351854,0.000878,0.000773,0.004059,6.0649120273,125.1316614614,121.08803
PGEN,2019.5784,58695,2064,-0.057789,0.353614,0.000833,0.000746,0.050723,6.0649120432,125.1316614696,121.08587
PGEN,2019.5811,58696,2064,-0.057765,0.351504,0.00086,0.000747,0.014696,6.0649120241,125.13166146980001,121.09306
PGEN,2019.5838,58697,2064,-0.05801,0.353217,0.000877,0.000784,0.006279,6.0649120396,125.1316614676,121.08794
PGEN,2019.5866,58698,2064,-0.055595,0.353395,0.000885,0.000786,0.036949,6.0649120412,125.13166148939999,121.08207
PGEN,2019.5893,58699,2065,-0.058863,0.352294,0.000876,0.000753,0.023745,6.0649120313,125.13166145989999,121.08442
PGEN,2019.5921,58700,2065,-0.057516,0.353009,0.000969,0.000819,0.057195,6.0649120377,125.1316614721,121.08877
PGEN,2019.5948,58701,2065,-0.057882,0.350077,0.000934,0.000808,0.001064,6.0649120112,125.13166146879999,121.08112
PGEN,2019.603,58704,2065,-0.057712,0.352389,0.000964,0.00085,0.040611,6.0649120321,125.1316614703,121.08917
PGEN,2019.6057,58705,2065,-0.056876,0.348915,0.000874,0.000764,-0.003151,6.0649120007,125.1316614779,121.08124
PGEN,2019.6085,58706,2066,-0.055501,0.351289,0.00098,0.00082,5.7e-05,6.0649120222,125.13166149029999,121.08517
PGEN,2019.6112,58707,2066,-0.055864,0.351489,0.000878,0.000765,0.080359,6.064912024,125.131661487,121.08866
PGEN,2019.614,58708,2066,-0.057855,0.3505,0.000988,0.000843,0.075994,6.064912015,125.131661469,121.09204
PGEN,2019.6167,58709,2066,-0.057212,0.351364,0.000929,0.000782,0.072197,6.0649120229,125.13166147480001,121.09189
PGEN,2019.6194,58710,2066,-0.054325,0.348523,0.00098,0.000836,0.053339,6.0649119972,125.13166150090001,121.08378
PGEN,2019.6222,58711,2066,-0.060958,0.350404,0.001071,0.000942,0.038908,6.0649120142,125.131661441,121.08715
PGEN,2019.6249,58712,2066,-0.05805,0.350485,0.000949,0.000801,0.046861,6.0649120149,125.1316614673,121.08617
PGEN,2019.6277,58713,2067,-0.058708,0.350856,0.000852,0.000738,-0.001548,6.0649120183,125.13166146130001,121.07779
PGEN,2019.6304,58714,2067,-0.058342,0.350052,0.000938,0.000791,0.064991,6.064912011,125.1316614646,121.08147
PGEN,2019.6331,58715,2067,-0.056857,0.350456,0.000869,0.000766,0.019245,6.0649120146,125.13166147800001,121.08731
PGEN,2019.6359,58716,2067,-0.056434,0.351845,0.000929,0.000775,0.028681,6.0649120272,125.13166148190001,121.08617
PGEN,2019.6386,58717,2067,-0.056697,0.352769,0.000949,0.000819,0.031329,6.0649120356,125.1316614795,121.0977
PGEN,2019.6413,58718,2067,-0.05736,0.351721,0.00089,0.000795,0.025307,6.0649120261,125.1316614735,121.09439
PGEN,2019.6441,58719,2067,-0.058051,0.350763,0.000927,0.000778,0.041154,6.0649120174,125.13166146719999,121.08684
PGEN,2019.6468,58720,2068,-0.056946,0.351438,0.000877,0.000737,0.027628,6.0649120235,125.1316614772,121.08688
PGEN,2019.6496,58721,2068,-0.057275,0.351099,0.000881,0.000758,0.022007,6.0649120205,125.13166147429999,121.08483
PGEN,2019.6523,58722,2068,-0.057992,0.351533,0.000863,0.000765,0.025385,6.0649120244,125.1316614678,121.08882
PGEN,2019.655,58723,2068,-0.054242,0.34971,0.000927,0.000793,0.015049,6.0649120079,125.1316615017,121.09091
PGEN,2019.6578,58724,2068,-0.055182,0.350728,0.001005,0.000862,-0.014211,6.0649120171,125.1316614932,121.09118
PGEN,2019.6605,58725,2068,-0.055984,0.351563,0.000917,0.000821,0.00494,6.0649120246,125.1316614859,121.09158
PGEN,2019.6632,58726,2068,-0.057311,0.350558,0.000927,0.000772,0.021032,6.0649120156,125.13166147390001,121.0875
PGEN,2019.666,58727,2069,-0.058528,0.351326,0.000911,0.000776,0.037488,6.0649120225,125.13166146290001,121.08984
PGEN,2019.6687,58728,2069,-0.0575,0.349602,0.000861,0.000756,0.034255,6.0649120069,125.1316614722,121.07732
PGEN,2019.6715,58729,2069,-0.054775,0.349265,0.001003,0.000846,0.080331,6.0649120039,125.1316614969,121.08008
PGEN,2019.6742,58730,2069,-0.055734,0.351223,0.000842,0.00074,0.045494,6.0649120216,125.1316614882,121.08925
PGEN,2019.6769,58731,2069,-0.055648,0.351684,0.001182,0.001011,0.016192,6.0649120257,125.13166148900001,121.08348
PGEN,2019.6797,58732,2069,-0.056184,0.352031,0.000893,0.000771,0.063011,6.0649120289,125.1316614841,121.08679
PGEN,2019.6824,58733,2069,-0.054837,0.351206,0.000929,0.00077,0.04435,6.0649120214,125.13166149630001,121.09067
PGEN,2019.6851,58734,2070,-0.056863,0.350475,0.000876,0.000763,0.032987,6.0649120148,125.13166147800001,121.09163
PGEN,2019.6879,58735,2070,-0.056997,0.34991,0.000896,0.000784,0.010621,6.0649120097,125.13166147679999,121.09008
PGEN,2019.6934,58737,2070,-0.055811,0.349919,0.000926,0.000776,-0.004237,6.0649120098,125.1316614875,121.08633
PGEN,2019.6961,58738,2070,-0.058648,0.352725,0.000897,0.000781,-0.01898,6.0649120352,125.1316614619,121.09899
PGEN,2019.6988,58739,2070,-0.056973,0.347731,0.00097,0.000822,0.036954,6.06491199,125.131661477,121.08871
PGEN,2019.7043,58741,2071,-0.058333,0.350529,0.000918,0.000773,0.039651,6.0649120153,125.13166146469999,121.09019
PGEN,2019.707,58742,2071,-0.055424,0.350264,0.000866,0.000744,0.023789,6.0649120129,125.13166149099999,121.08649
PGEN,2019.7098,58743,2071,-0.056151,0.35041,0.000866,0.000744,0.000194,6.0649120142,125.13166148440001,121.0867
PGEN,2019.7125,58744,2071,-0.056342,0.350265,0.000854,0.000752,0.008525,6.0649120129,125.1316614827,121.09389
PGEN,2019.7153,58745,2071,-0.058896,0.350072,0.000837,0.000729,0.008575,6.0649120112,125.1316614596,121.08538
PGEN,2019.718,58746,2071,-0.057177,0.347988,0.000912,0.000773,0.077996,6.0649119923,125.1316614751,121.08763
PGEN,2019.7207,58747,2071,-0.057433,0.348201,0.000964,0.000794,0.092319,6.0649119943,125.1316614728,121.09257
PGEN,2019.7235,58748,2072,-0.057587,0.350383,0.000927,0.000776,0.052175,6.064912014,125.13166147140001,121.09178
PGEN,2019.7262,58749,2072,-0.060529,0.350384,0.000908,0.000798,0.048149,6.064912014,125.1316614449,121.08559
PGEN,2019.729,58750,2072,-0.057549,0.349105,0.000924,0.000792,0.036297,6.0649120024,125.13166147179999,121.08468
PGEN,2019.7317,58751,2072,-0.057494,0.35078,0.0009,0.000785,0.02549,6.0649120176,125.13166147230001,121.08729
PGEN,2019.7344,58752,2072,-0.059458,0.348645,0.000865,0.000752,0.002402,6.0649119983,125.1316614545,121.08847
PGEN,2019.7372,58753,2072,-0.059044,0.350129,0.000867,0.000749,0.019722,6.0649120117,125.13166145829999,121.09175
PGEN,2019.7399,58754,2072,-0.060242,0.349462,0.000915,0.000798,-0.042011,6.0649120056,125.1316614475,121.08524
PGEN,2019.7426,58755,2073,-0.058641,0.348885,0.000964,0.0008,0.042315,6.0649120004,125.1316614619,121.08819
PGEN,2019.7454,58756,2073,-0.057417,0.350166,0.000933,0.000782,0.043433,6.064912012,125.13166147300001,121.09054
PGEN,2019.7481,58757,2073,-0.057189,0.347922,0.000885,0.000779,0.024208,6.0649119917,125.13166147499999,121.08668
PGEN,2019.7536,58759,2073,-0.058085,0.347896,0.00091,0.000821,0.067698,6.0649119915,125.1316614669,121.07271
PGEN,2019.7563,58760,2073,-0.057783,0.348814,0.000914,0.000806,0.085404,6.0649119998,125.13166146969999,121.08697
PGEN,2019.7591,58761,2073,-0.055256,0.347807,0.0009,0.00077,0.032263,6.0649119907,125.1316614925,121.09246
PGEN,2019.7618,58762,2074,-0.057381,0.350866,0.000931,0.000809,0.037094,6.0649120183,125.1316614733,121.08321
PGEN,2019.7645,58763,2074,-0.056412,0.347244,0.000991,0.000818,0.027581,6.0649119856,125.13166148209999,121.08858
PGEN,2019.77,58765,2074,-0.056758,0.347873,0.000902,0.000782,0.044752,6.0649119913,125.13166147890001,121.0909
PGEN,2019.7728,58766,2074,-0.054578,0.348723,0.000877,0.000775,0.034691,6.064911999,125.13166149860001,121.08776
PGEN,2019.7755,58767,2074,-0.055346,0.347967,0.000889,0.000792,-0.003576,6.0649119921,125.13166149169999,121.08663
PGEN,2019.7782,58768,2074,-0.056002,0.345152,0.000957,0.000805,0.075009,6.0649119667,125.13166148580001,121.09842
PGEN,2019.781,58769,2075,-0.054469,0.348098,0.000886,0.000748,0.017677,6.0649119933,125.1316614996,121.09245
PGEN,2019.7837,58770,2075,-0.058303,0.347469,0.000889,0.00078,-0.009018,6.0649119876,125.13166146500001,121.08813
PGEN,2019.7864,58771,2075,-0.055516,0.348118,0.000905,0.00078,0.032563,6.0649119935,125.1316614902,121.09401
PGEN,2019.7892,58772,2075,-0.056874,0.346453,0.000932,0.000789,-0.012771,6.0649119784,125.1316614779,121.09657
PGEN,2019.7919,58773,2075,-0.055009,0.344527,0.000989,0.000836,0.072339,6.064911961,125.13166149470001,121.0878
PGEN,2019.7947,58774,2075,-0.056108,0.347203,0.000977,0.000835,-0.028126,6.0649119852,125.13166148479999,121.09157
PGEN,2019.7974,58775,2075,-0.055497,0.343687,0.000924,0.000819,0.020739,6.0649119534,125.13166149029999,121.09386
PGEN,2019.8001,58776,2076,-0.060523,0.344831,0.001267,0.001101,0.062738,6.0649119638,125.1316614449,121.10049
PGEN,2019.8029,58777,2076,-0.057983,0.344132,0.001017,0.000867,0.016948,6.0649119575,125.13166146789999,121.08354
PGEN,2019.8056,58778,2076,-0.061649,0.344136,0.001314,0.001183,0.08036,6.0649119575,125.13166143480001,121.06117
PGEN,2019.8084,58779,2076,-0.055497,0.343714,0.00089,0.000784,0.077265,6.0649119537,125.13166149029999,121.09368
PGEN,2019.8111,58780,2076,-0.05741,0.346015,0.000994,0.000841,0.006616,6.0649119745,125.13166147300001,121.08624
PGEN,2019.8138,58781,2076,-0.058328,0.347825,0.001055,0.000921,0.036397,6.0649119908,125.13166146469999,121.08748
PGEN,2019.8166,58782,2076,-0.057347,0.343474,0.001355,0.00113,0.110868,6.0649119515,125.13166147359999,121.0873
PGEN,2019.8193,58783,2077,-0.05635,0.345582,0.001594,0.001349,-0.030492,6.0649119706,125.13166148260001,121.09442
PGEN,2019.822,58784,2077,-0.053329,0.345058,0.001124,0.000975,0.01359,6.0649119658,125.1316615099,121.08853
PGEN,2020.1478,58903,2094,-0.059467,0.315896,0.001359,0.001141,0.102915,6.0649117021,125.13166145439999,121.09079
PGEN,2020.1588,58907,2094,-0.057087,0.316266,0.001543,0.00117,0.092802,6.0649117055,125.13166147589999,121.08728
PGEN,2020.1643,58909,2095,-0.060467,0.311247,0.001812,0.001598,0.171437,6.0649116601,125.1316614454,121.09376
PGEN,2020.178,58914,2095,-0.059819,0.317211,0.001185,0.00102,0.078622,6.064911714,125.1316614513,121.08229
PGEN,2020.1862,58917,2096,-0.058315,0.31242,0.000986,0.00085,-0.030101,6.0649116707,125.13166146489999,121.08705
PGEN,2020.2902,58955,2101,-0.060129,0.313599,0.001756,0.001464,-0.053994,6.0649116814,125.13166144850001,121.09152
PGEN,2020.2957,58957,2101,-0.062121,0.312428,0.001881,0.001536,-0.037937,6.0649116708,125.1316614305,121.08683
PGEN,2020.3504,58977,2104,-0.060763,0.313541,0.00173,0.001555,-0.023319,6.0649116808,125.1316614427,121.07912
PGEN,2020.4162,59001,2108,-0.06423,0.317834,0.001826,0.001404,-0.075408,6.0649117196,125.13166141139999,121.0865
PGEN,2020.4326,59007,2109,-0.061296,0.308727,0.001771,0.001626,-0.080207,6.0649116373,125.1316614379,121.07052
PGEN,2021.8891,59539,2185,-0.070741,0.299811,0.00081,0.000728,-0.02028,6.0649115567,125.13166135259999,121.07692
PGEN,2021.8919,59540,2185,-0.070234,0.297246,0.000826,0.000735,-0.015863,6.0649115335,125.13166135719999,121.07841
PGEN,2021.8946,59541,2185,-0.069361,0.298882,0.000813,0.000722,-0.011658,6.0649115483,125.1316613651,121.08095
PGEN,2021.8973,59542,2185,-0.070106,0.297351,0.000824,0.000731,-0.012053,6.0649115344,125.1316613583,121.08383
PGEN,2021.9001,59543,2185,-0.069312,0.297633,0.000796,0.000719,-0.006073,6.064911537,125.13166136550001,121.07925
PGEN,2021.9028,59544,2185,-0.069727,0.297997,0.000791,0.000705,-0.007701,6.0649115403,125.13166136180001,121.07493
PGEN,2021.9055,59545,2185,-0.070248,0.297598,0.000783,0.000696,-0.013009,6.0649115367,125.13166135700001,121.07546
PGEN,2021.9083,59546,2186,-0.069699,0.299777,0.000839,0.000754,-0.00928,6.0649115564,125.13166136199999,121.08454
PGEN,2021.911,59547,2186,-0.070784,0.299836,0.000808,0.000712,-0.003923,6.0649115569,125.13166135220001,121.07577
PGEN,2021.9138,59548,2186,-0.068856,0.297495,0.000807,0.000743,-0.000146,6.0649115357,125.13166136960001,121.07018
PGEN,2021.9165,59549,2186,-0.069118,0.297583,0.000822,0.000724,-0.03156,6.0649115365,125.13166136730001,121.08246
PGEN,2021.9192,59550,2186,-0.07049,0.298018,0.000802,0.000711,0.007693,6.0649115405,125.13166135489999,121.08258
PGEN,2021.922,59551,2186,-0.069523,0.297891,0.000863,0.000733,0.000226,6.0649115393,125.13166136359999,121.07961
PGEN,2021.9247,59552,2186,-0.069934,0.298635,0.000826,0.000718,-0.001316,6.064911546,125.1316613599,121.08431
PGEN,2021.9274,59553,2187,-0.072057,0.298245,0.000851,0.00073,0.018937,6.0649115425,125.13166134069999,121.07635
PGEN,2021.9357,59556,2187,-0.070822,0.297822,0.000835,0.000727,0.006117,6.0649115387,125.1316613519,121.07862
PGEN,2021.9384,59557,2187,-0.069127,0.298127,0.000846,0.000766,-0.043886,6.0649115414,125.1316613672,121.07582
PGEN,2021.9411,59558,2187,-0.068634,0.298026,0.000855,0.00077,-0.005152,6.0649115405,125.13166137159999,121.08071
PGEN,2021.9439,59559,2187,-0.070332,0.298864,0.000843,0.000757,-0.024574,6.0649115481,125.13166135629999,121.07549
PGEN,2021.9466,59560,2188,-0.071287,0.298439,0.00082,0.000733,-0.00926,6.0649115443,125.1316613477,121.08266
PGEN,2021.9493,59561,2188,-0.071684,0.298778,0.000815,0.000713,-0.011318,6.0649115473,125.1316613441,121.08245
PGEN,2021.9521,59562,2188,-0.071964,0.297081,0.000825,0.000724,-0.050875,6.064911532,125.1316613415,121.084
PGEN,2021.9548,59563,2188,-0.07247,0.297131,0.000829,0.000747,0.002281,6.0649115324,125.131661337,121.08361
PGEN,2021.9603,59565,2188,-0.07095,0.296646,0.000832,0.000744,-0.02394,6.0649115281,125.1316613507,121.07649
PGEN,2021.963,59566,2188,-0.07187,0.300184,0.000825,0.000753,-0.012574,6.06491156,125.13166134240001,121.08246
PGEN,2021.9658,59567,2189,-0.070124,0.298919,0.000824,0.000734,-0.001858,6.0649115486,125.1316613582,121.0832
PGEN,2021.9685,59568,2189,-0.071782,0.300531,0.000864,0.000751,0.006607,6.0649115632,125.1316613432,121.08633
PGEN,2021.9713,59569,2189,-0.071564,0.298556,0.000831,0.000756,-0.023006,6.0649115453,125.1316613452,121.08637
PGEN,2021.974,59570,2189,-0.070953,0.29749,0.000804,0.000748,0.023273,6.0649115357,125.1316613507,121.08302
PGEN,2021.9767,59571,2189,-0.06926,0.297416,0.00086,0.000754,-0.026099,6.064911535,125.131661366,121.08259
PGEN,2021.9795,59572,2189,-0.072239,0.296308,0.000827,0.000764,-0.021533,6.064911525,125.13166133909999,121.08685
PGEN,2021.9822,59573,2189,-0.072132,0.297692,0.000829,0.000738,-0.005012,6.0649115375,125.13166134,121.0839
PGEN,2021.9849,59574,2190,-0.070256,0.299301,0.000861,0.000764,-0.036401,6.0649115521,125.13166135700001,121.08473
PGEN,2021.9877,59575,2190,-0.072369,0.297953,0.000834,0.000754,-0.017091,6.0649115399,125.1316613379,121.08044
PGEN,2022.1958,59651,2201,-0.076478,0.292759,0.00107,0.000932,0.003158,6.0649114929,125.1316613008,121.07665
PGEN,2022.1985,59652,2201,-0.073121,0.294225,0.000882,0.00077,-0.037277,6.0649115062,125.13166133109999,121.08627
PGEN,2022.2012,59653,2201,-0.074567,0.290876,0.000933,0.000794,-0.002408,6.0649114759,125.131661318,121.08593
PGEN,2022.204,59654,2201,-0.074181,0.292405,0.000881,0.000749,0.016372,6.0649114897,125.13166132149999,121.08488
PGEN,2022.2067,59655,2201,-0.07247,0.293793,0.000969,0.000807,0.041344,6.0649115023,125.131661337,121.07677
PGEN,2022.2094,59656,2201,-0.074911,0.291689,0.000904,0.000758,0.004151,6.0649114832,125.13166131489999,121.08883
PGEN,2022.2122,59657,2201,-0.074295,0.292648,0.000864,0.000741,-0.004112,6.0649114919,125.1316613205,121.09189
PGEN,2022.2149,59658,2202,-0.073766,0.294189,0.000942,0.000798,-0.004824,6.0649115058,125.1316613253,121.08857
PGEN,2022.2177,59659,2202,-0.075429,0.294958,0.000846,0.000734,-0.01214,6.0649115128,125.1316613102,121.08815
PGEN,2022.2204,59660,2202,-0.075134,0.294232,0.000859,0.000738,-0.028437,6.0649115062,125.13166131290001,121.07528
PGEN,2022.2231,59661,2202,-0.076544,0.293209,0.000882,0.000741,0.003683,6.064911497,125.1316613002,121.0775
PGEN,2022.2259,59662,2202,-0.0758,0.295776,0.000894,0.000741,-0.01896,6.0649115202,125.13166130690001,121.08751
PGEN,2022.2313,59664,2202,-0.075007,0.293827,0.000892,0.000782,0.036899,6.0649115026,125.1316613141,121.08435
PGEN,2022.2341,59665,2203,-0.075998,0.293247,0.000888,0.000756,-0.040523,6.0649114973,125.13166130510001,121.08762
PGEN,2022.2368,59666,2203,-0.076244,0.292349,0.000934,0.000807,0.014497,6.0649114892,125.1316613029,121.07753
PGEN,2022.2396,59667,2203,-0.074324,0.291383,0.001061,0.00084,0.005715,6.0649114805,125.13166132020001,121.08256
PGEN,2022.2423,59668,2203,-0.076385,0.295183,0.000981,0.00082,0.013286,6.0649115148,125.13166130159999,121.08517
PGEN,2022.245,59669,2203,-0.075912,0.29246,0.000872,0.000751,0.033154,6.0649114902,125.1316613059,121.09182
PGEN,2022.2478,59670,2203,-0.077658,0.293283,0.000882,0.000764,-0.035365,6.0649114976,125.1316612901,121.0857
PGEN,2022.2505,59671,2203,-0.077414,0.293063,0.000882,0.000753,-0.006324,6.0649114957,125.13166129230001,121.08409
PGEN,2022.2533,59672,2204,-0.078432,0.291305,0.000931,0.000775,0.008565,6.0649114798,125.13166128309999,121.08283
PGEN,2022.256,59673,2204,-0.07657,0.292374,0.000869,0.000739,-0.014012,6.0649114894,125.1316612999,121.08113
PGEN,2022.2587,59674,2204,-0.077202,0.291232,0.000895,0.000777,0.059543,6.0649114791,125.1316612942,121.09486
PGEN,2022.2615,59675,2204,-0.076038,0.290478,0.000948,0.000809,-0.035204,6.0649114723,125.1316613047,121.08352
PGEN,2022.2642,59676,2204,-0.078138,0.293244,0.000862,0.000748,0.018358,6.0649114973,125.13166128579999,121.08414
PGEN,2022.2669,59677,2204,-0.077609,0.292155,0.000894,0.000782,-0.021251,6.0649114874,125.1316612906,121.09539
PGEN,2022.2697,59678,2204,-0.075602,0.294507,0.000845,0.000732,-0.008337,6.0649115087,125.13166130869999,121.09176
PGEN,2022.2724,59679,2205,-0.076485,0.291768,0.000864,0.00075,0.00216,6.0649114839,125.13166130069999,121.09708
PGEN,2022.2752,59680,2205,-0.078663,0.291518,0.000885,0.000769,0.03279,6.0649114817,125.13166128099999,121.09576
PGEN,2022.2779,59681,2205,-0.076797,0.293133,0.000937,0.00077,0.010378,6.0649114963,125.1316612979,121.08625
PGEN,2022.2806,59682,2205,-0.078368,0.293889,0.000879,0.000733,-0.039072,6.0649115031,125.1316612837,121.09019
PGEN,2022.2834,59683,2205,-0.077023,0.292536,0.000871,0.000746,-0.014731,6.0649114909,125.1316612958,121.0806
PGEN,2022.2861,59684,2205,-0.077851,0.29313,0.000897,0.000759,0.001337,6.0649114963,125.13166128840001,121.08345
PGEN,2022.2888,59685,2205,-0.07617,0.291742,0.001006,0.00085,0.035599,6.0649114837,125.13166130350001,121.08222
PGEN,2022.2916,59686,2206,-0.076754,0.292937,0.000969,0.000826,0.027571,6.0649114945,125.1316612983,121.08652
PGEN,2022.2943,59687,2206,-0.077098,0.293887,0.000918,0.000791,-0.012718,6.0649115031,125.13166129519999,121.08401
PGEN,2022.2971,59688,2206,-0.074173,0.294954,0.001007,0.000871,0.02693,6.0649115128,125.1316613216,121.08683
PGEN,2022.2998,59689,2206,-0.076944,0.292618,0.001014,0.000846,-0.013876,6.0649114916,125.13166129659999,121.08771
PGEN,2022.3025,59690,2206,-0.076672,0.294359,0.000983,0.00084,-0.017319,6.0649115074,125.131661299,121.09393
PGEN,2022.3053,59691,2206,-0.077989,0.293028,0.0009,0.000783,-0.034715,6.0649114953,125.1316612871,121.08805
PGEN,2022.308,59692,2206,-0.07742,0.29331,0.000834,0.000726,0.001051,6.0649114979,125.13166129230001,121.08832
PGEN,2022.3107,59693,2207,-0.077234,0.292962,0.000893,0.000767,-0.04303,6.0649114947,125.13166129390001,121.08756
PGEN,2022.3135,59694,2207,-0.078598,0.292212,0.000947,0.000802,0.001613,6.064911488,125.1316612816,121.08742
PGEN,2022.3162,59695,2207,-0.079911,0.293431,0.001003,0.000847,-0.009241,6.064911499,125.13166126979999,121.08638
PGEN,2022.319,59696,2207,-0.077243,0.293682,0.000954,0.000825,-0.05882,6.0649115013,125.13166129390001,121.09167
PGEN,2022.3217,59697,2207,-0.077958,0.293936,0.000914,0.000793,-0.005439,6.0649115036,125.1316612874,121.08789
PGEN,2022.3244,59698,2207,-0.075906,0.294207,0.000914,0.000784,-0.030189,6.064911506,125.1316613059,121.08853
PGEN,2022.3272,59699,2207,-0.076403,0.293147,0.000861,0.000732,0.039039,6.0649114964,125.13166130139999,121.09144
PGEN,2022.3299,59700,2208,-0.077484,0.293383,0.000854,0.000719,0.006868,6.0649114985,125.1316612917,121.09096
PGEN,2022.3326,59701,2208,-0.075848,0.293529,0.00088,0.000726,-0.002396,6.0649114999,125.1316613065,121.08819
PGEN,2022.3354,59702,2208,-0.076647,0.294528,0.000922,0.00081,-0.011532,6.0649115089,125.1316612992,121.0956
PGEN,2022.3381,59703,2208,-0.077558,0.292994,0.00089,0.000768,0.004186,6.064911495,125.131661291,121.082
PGEN,2022.3409,59704,2208,-0.078448,0.295125,0.000916,0.000769,0.018103,6.0649115143,125.131661283,121.09202
PGEN,2022.3463,59706,2208,-0.076493,0.295749,0.000917,0.00077,-0.053055,6.0649115199,125.1316613006,121.08753
PGEN,2022.3491,59707,2209,-0.077319,0.293648,0.000878,0.000762,0.012397,6.0649115009,125.13166129320001,121.09173
PGEN,2022.3518,59708,2209,-0.076339,0.294475,0.00088,0.000751,-0.035958,6.0649115084,125.131661302,121.09148
PGEN,2022.3546,59709,2209,-0.075305,0.293273,0.00087,0.000728,-0.006328,6.0649114976,125.1316613114,121.08568
PGEN,2022.3573,59710,2209,-0.074338,0.294839,0.00093,0.000763,-0.019778,6.0649115117,125.1316613201,121.08364
PGEN,2022.36,59711,2209,-0.076893,0.294276,0.000875,0.000736,0.057874,6.0649115066,125.131661297,121.08081
PGEN,2022.3628,59712,2209,-0.077095,0.295138,0.000874,0.000734,0.004492,6.0649115144,125.13166129519999,121.08209
PGEN,2022.3655,59713,2209,-0.077133,0.294852,0.000904,0.000768,-0.014666,6.0649115118,125.13166129480001,121.08946
PGEN,2022.3682,59714,2210,-0.075241,0.293969,0.000831,0.000705,-0.013984,6.0649115038,125.13166131189999,121.08763
PGEN,2022.371,59715,2210,-0.076801,0.295051,0.00084,0.000744,-0.007235,6.0649115136,125.13166129780001,121.08025
PGEN,2022.3737,59716,2210,-0.077503,0.295969,0.0009,0.000768,0.010104,6.0649115219,125.1316612915,121.07819
PGEN,2022.3765,59717,2210,-0.074793,0.29511,0.0009,0.000798,-0.017896,6.0649115142,125.13166131599999,121.08307
PGEN,2022.3792,59718,2210,-0.075387,0.294867,0.000903,0.000772,0.011864,6.064911512,125.13166131060001,121.08228
PGEN,2022.3819,59719,2210,-0.078157,0.29556,0.000891,0.00076,0.025604,6.0649115182,125.13166128559999,121.08391
PGEN,2022.3847,59720,2210,-0.076356,0.296222,0.000883,0.000748,0.020474,6.0649115242,125.13166130190001,121.0759
PGEN,2022.3874,59721,2211,-0.076395,0.295205,0.001008,0.000859,-0.053528,6.064911515,125.1316613015,121.07889
PGEN,2022.3901,59722,2211,-0.073647,0.297323,0.000888,0.000751,0.039216,6.0649115342,125.13166132629999,121.07447
PGEN,2022.3929,59723,2211,-0.076499,0.295399,0.000862,0.00075,0.009405,6.0649115168,125.1316613006,121.08246
PGEN,2022.3984,59725,2211,-0.077706,0.296408,0.000871,0.000744,0.005069,6.0649115259,125.13166128969999,121.07758
PGEN,2022.4011,59726,2211,-0.076772,0.29577,0.000882,0.000757,0.018201,6.0649115201,125.1316612981,121.0915
PGEN,2022.4038,59727,2211,-0.07722,0.294697,0.000829,0.000717,0.013453,6.0649115104,125.13166129410001,121.08567
PGEN,2022.4066,59728,2212,-0.076837,0.294825,0.000829,0.00073,0.011869,6.0649115116,125.13166129749999,121.07851
PGEN,2022.4093,59729,2212,-0.077263,0.296983,0.000856,0.000733,0.010622,6.0649115311,125.1316612937,121.07514
PGEN,2022.412,59730,2212,-0.07675,0.295472,0.000868,0.000745,0.024998,6.0649115174,125.1316612983,121.08304
PGEN,2022.4148,59731,2212,-0.077998,0.297527,0.000864,0.000751,-0.021724,6.064911536,125.13166128699999,121.08873
PGEN,2022.4175,59732,2212,-0.078391,0.295798,0.000874,0.000765,0.026969,6.0649115204,125.1316612835,121.08082
PGEN,2022.4203,59733,2212,-0.078206,0.296083,0.000835,0.00074,0.006937,6.064911523,125.13166128520001,121.08386
PGEN,2022.423,59734,2212,-0.079304,0.296615,0.000843,0.000733,-0.042906,6.0649115278,125.1316612752,121.08174
PGEN,2022.4257,59735,2213,-0.078934,0.296006,0.000849,0.000727,0.006358,6.0649115223,125.1316612786,121.07839
PGEN,2022.4285,59736,2213,-0.079343,0.293849,0.000852,0.000732,0.010518,6.0649115028,125.13166127490001,121.08196
PGEN,2022.4312,59737,2213,-0.077852,0.295714,0.00091,0.000786,0.029713,6.0649115196,125.13166128840001,121.09
PGEN,2022.4339,59738,2213,-0.078176,0.296437,0.000888,0.000741,-0.034761,6.0649115262,125.13166128540001,121.08745
PGEN,2022.4367,59739,2213,-0.080709,0.296931,0.000918,0.00078,0.014238,6.0649115306,125.13166126249999,121.08346
PGEN,2022.4394,59740,2213,-0.08212,0.294835,0.001029,0.000922,0.056887,6.0649115117,125.1316612498,121.08293
PGEN,2022.4422,59741,2213,-0.079771,0.295768,0.000943,0.000768,-0.003441,6.0649115201,125.13166127100001,121.08086
PGEN,2022.4449,59742,2214,-0.07895,0.297572,0.000899,0.000813,-0.042808,6.0649115364,125.1316612784,121.07246
PGEN,2022.4476,59743,2214,-0.079998,0.298119,0.000822,0.00071,0.010174,6.0649115414,125.131661269,121.07452
PGEN,2022.4504,59744,2214,-0.079374,0.297928,0.000882,0.000758,-0.037417,6.0649115396,125.13166127459999,121.08384
PGEN,2022.4531,59745,2214,-0.077455,0.297434,0.000939,0.000811,-0.070805,6.0649115352,125.1316612919,121.08973
PGEN,2022.4559,59746,2214,-0.080876,0.296805,0.000831,0.000718,-0.034001,6.0649115295,125.131661261,121.08316
PGEN,2022.4586,59747,2214,-0.080254,0.298299,0.000873,0.000762,0.006497,6.064911543,125.13166126670001,121.08591
PGEN,2022.4613,59748,2214,-0.080665,0.298513,0.000931,0.00082,0.02623,6.0649115449,125.1316612629,121.07512
PGEN,2022.4641,59749,2215,-0.079677,0.29798,0.000861,0.000743,0.013933,6.0649115401,125.13166127189999,121.08121
PGEN,2022.4668,59750,2215,-0.0807,0.298386,0.000866,0.00076,0.019584,6.0649115438,125.1316612626,121.07848
PGEN,2022.4695,59751,2215,-0.078784,0.296899,0.000866,0.000739,0.002595,6.0649115303,125.13166127989999,121.07925
PGEN,2022.4723,59752,2215,-0.080883,0.296652,0.000875,0.000776,0.027794,6.0649115281,125.131661261,121.07986
PGEN,2022.475,59753,2215,-0.081615,0.297278,0.00083,0.000726,0.018508,6.0649115338,125.1316612544,121.07658
PGEN,2022.4778,59754,2215,-0.080803,0.297884,0.000901,0.000773,-0.014278,6.0649115393,125.1316612617,121.07333
PGEN,2022.4805,59755,2215,-0.081331,0.299239,0.000848,0.000728,0.020272,6.0649115515,125.1316612569,121.0797
PGEN,2022.4832,59756,2216,-0.078505,0.298905,0.000895,0.000754,0.014485,6.0649115485,125.1316612825,121.07739
PGEN,2022.486,59757,2216,-0.078983,0.299149,0.000843,0.000718,0.013471,6.0649115507,125.13166127810001,121.07792
PGEN,2022.4887,59758,2216,-0.079794,0.295604,0.000846,0.000722,-0.045988,6.0649115186,125.13166127080001,121.08026
PGEN,2022.4914,59759,2216,-0.079846,0.297964,0.000874,0.000752,0.042995,6.06491154,125.13166127029999,121.07887
PGEN,2022.5024,59763,2217,-0.07918,0.296244,0.000823,0.000709,0.010513,6.0649115244,125.1316612764,121.08044
PGEN,2022.5051,59764,2217,-0.080173,0.297831,0.000898,0.000749,-0.026355,6.0649115388,125.1316612674,121.07285
PGEN,2022.5079,59765,2217,-0.078415,0.298679,0.000891,0.000738,0.007048,6.0649115464,125.13166128329999,121.07477
PGEN,2022.5106,59766,2217,-0.078018,0.296472,0.000859,0.000721,-0.007613,6.0649115265,125.1316612869,121.08244
PGEN,2022.5133,59767,2217,-0.078016,0.296661,0.000872,0.000757,-0.000364,6.0649115282,125.1316612869,121.07393
PGEN,2022.5161,59768,2217,-0.077972,0.298072,0.000818,0.000707,-0.012746,6.064911541,125.1316612873,121.08432
PGEN,2022.5188,59769,2217,-0.078803,0.296412,0.000845,0.000718,-0.005851,6.0649115259,125.1316612798,121.08444
PGEN,2022.5216,59770,2218,-0.079016,0.297205,0.000841,0.000719,0.022996,6.0649115331,125.13166127779999,121.07946
PGEN,2022.5243,59771,2218,-0.078543,0.29833,0.000824,0.000716,-0.037069,6.0649115433,125.1316612821,121.07724
PGEN,2022.527,59772,2218,-0.078994,0.296607,0.000847,0.000747,0.002467,6.0649115277,125.131661278,121.08215
PGEN,2022.5298,59773,2218,-0.078744,0.29652,0.000812,0.000692,0.019369,6.0649115269,125.1316612803,121.08164
PGEN,2022.5325,59774,2218,-0.079671,0.296839,0.000854,0.000737,-0.011682,6.0649115298,125.13166127189999,121.07294
PGEN,2022.5352,59775,2218,-0.079849,0.296239,0.000831,0.000706,0.010104,6.0649115244,125.13166127029999,121.07411
PGEN,2022.538,59776,2218,-0.080037,0.296205,0.00082,0.000711,-0.01682,6.0649115241,125.1316612686,121.07911
PGEN,2022.5407,59777,2219,-0.077519,0.297285,0.000871,0.000761,-0.011414,6.0649115338,125.13166129140001,121.08512
PGEN,2022.5435,59778,2219,-0.079699,0.29673,0.000843,0.000726,-0.007333,6.0649115288,125.13166127170001,121.07923
PGEN,2022.5489,59780,2219,-0.079229,0.297586,0.000821,0.000721,0.03432,6.0649115366,125.1316612759,121.08173
PGEN,2022.5517,59781,2219,-0.080445,0.29828,0.000863,0.000727,0.029919,6.0649115428,125.1316612649,121.0865
PGEN,2022.5544,59782,2219,-0.077603,0.298405,0.000858,0.000741,0.031174,6.064911544,125.1316612906,121.08749
PGEN,2022.5572,59783,2219,-0.07823,0.297204,0.00083,0.000714,0.000409,6.0649115331,125.13166128489999,121.07982
PGEN,2022.5599,59784,2220,-0.077925,0.29797,0.000888,0.000789,0.015718,6.06491154,125.13166128770001,121.07768
PGEN,2022.5626,59785,2220,-0.07978,0.297485,0.000856,0.000723,-0.027753,6.0649115356,125.1316612709,121.08052
PGEN,2022.5654,59786,2220,-0.081406,0.297279,0.000862,0.000732,0.010546,6.0649115338,125.13166125629999,121.09085
PGEN,2022.5681,59787,2220,-0.078317,0.298996,0.000829,0.000714,0.017848,6.0649115493,125.13166128419999,121.0781
PGEN,2022.5708,59788,2220,-0.080295,0.297066,0.000848,0.000728,-0.012021,6.0649115319,125.1316612663,121.07827
PGEN,2022.5736,59789,2220,-0.078757,0.296915,0.000905,0.000776,0.005618,6.0649115305,125.1316612802,121.0787
PGEN,2022.5763,59790,2220,-0.07863,0.294813,0.000865,0.000741,-0.010076,6.0649115115,125.13166128130001,121.07568
PGEN,2022.5791,59791,2221,-0.078752,0.295421,0.000835,0.00071,-0.004205,6.064911517,125.1316612802,121.08377
PGEN,2022.5818,59792,2221,-0.079732,0.295742,0.00084,0.000718,-0.008195,6.0649115199,125.13166127139999,121.08566
PGEN,2022.5845,59793,2221,-0.079226,0.298423,0.000886,0.000784,0.004363,6.0649115441,125.1316612759,121.08477
PGEN,2022.5873,59794,2221,-0.080582,0.298581,0.00083,0.000726,0.026568,6.0649115456,125.13166126370001,121.08558
PGEN,2022.59,59795,2221,-0.080372,0.296595,0.000835,0.000743,0.001981,6.0649115276,125.1316612656,121.07723
PGEN,2022.5927,59796,2221,-0.079086,0.296076,0.000838,0.000706,0.024541,6.0649115229,125.13166127720001,121.07997
PGEN,2022.5955,59797,2221,-0.080696,0.295883,0.00095,0.000839,0.046492,6.0649115212,125.13166126269999,121.09185
PGEN,2022.5982,59798,2222,-0.08156,0.295749,0.000906,0.000768,0.057777,6.0649115199,125.1316612549,121.08166
PGEN,2022.601,59799,2222,-0.078782,0.297436,0.000859,0.000739,-0.013178,6.0649115352,125.13166128,121.07711
PGEN,2022.6037,59800,2222,-0.078188,0.297599,0.000848,0.000718,0.01121,6.0649115367,125.1316612853,121.07733
PGEN,2022.6064,59801,2222,-0.078648,0.297034,0.000818,0.000723,0.01314,6.0649115316,125.1316612812,121.07648
PGEN,2022.6092,59802,2222,-0.079258,0.29612,0.000869,0.000718,0.006885,6.0649115233,125.1316612757,121.08574
PGEN,2022.6119,59803,2222,-0.078587,0.296391,0.000945,0.000771,0.030656,6.0649115257,125.13166128169999,121.0821
PGEN,2022.6146,59804,2222,-0.079596,0.296101,0.000818,0.000697,0.054644,6.0649115231,125.13166127260001,121.08236
PGEN,2022.6174,59805,2223,-0.0804,0.295156,0.000845,0.000716,0.003654,6.0649115146,125.13166126530001,121.08734
PGEN,2022.6201,59806,2223,-0.079423,0.295732,0.00082,0.000699,-0.003973,6.0649115198,125.13166127420001,121.08251
PGEN,2022.6229,59807,2223,-0.078263,0.29631,0.000832,0.000709,0.039186,6.064911525,125.1316612846,121.0782
PGEN,2022.6256,59808,2223,-0.078573,0.294768,0.00085,0.00074,0.026603,6.0649115111,125.1316612818,121.0809
PGEN,2022.6283,59809,2223,-0.080309,0.295452,0.000898,0.000786,0.028044,6.0649115173,125.13166126620001,121.07907
PGEN,2022.6311,59810,2223,-0.08238,0.294625,0.000967,0.000808,-0.023306,6.0649115098,125.13166124739999,121.07958
PGEN,2022.6338,59811,2223,-0.077725,0.295127,0.000813,0.000729,-0.020892,6.0649115143,125.13166128949999,121.07557
PGEN,2022.6366,59812,2224,-0.08033,0.29453,0.000851,0.000729,-0.004075,6.0649115089,125.13166126600001,121.07899
PGEN,2022.6393,59813,2224,-0.079035,0.295453,0.000841,0.000718,-0.010656,6.0649115173,125.1316612777,121.08218
PGEN,2022.642,59814,2224,-0.079568,0.295088,0.000895,0.00075,-0.016158,6.064911514,125.1316612729,121.08037
PGEN,2022.6448,59815,2224,-0.07769,0.292073,0.001023,0.000888,-0.003271,6.0649114867,125.13166128980001,121.08057
PGEN,2022.6475,59816,2224,-0.079944,0.295732,0.000831,0.000722,-0.021839,6.0649115198,125.1316612695,121.08677
PGEN,2022.6502,59817,2224,-0.079441,0.296944,0.000972,0.000811,-0.05415,6.0649115307,125.13166127400001,121.08024
PGEN,2022.653,59818,2224,-0.079327,0.295335,0.000886,0.000759,0.013755,6.0649115162,125.131661275,121.07977
PGEN,2022.6557,59819,2225,-0.078989,0.294978,0.00086,0.000734,0.024182,6.064911513,125.13166127810001,121.0817
PGEN,2022.6585,59820,2225,-0.080665,0.295094,0.000857,0.000715,0.017498,6.064911514,125.1316612629,121.07739
PGEN,2022.6612,59821,2225,-0.079853,0.296937,0.000813,0.0007,0.014271,6.0649115307,125.13166127029999,121.08112
PGEN,2022.6639,59822,2225,-0.080316,0.297033,0.000855,0.000727,-0.000214,6.0649115316,125.1316612661,121.07854
PGEN,2022.6694,59824,2225,-0.080793,0.293783,0.000866,0.000734,0.037615,6.0649115022,125.13166126179999,121.07927
PGEN,2022.6721,59825,2225,-0.079687,0.292978,0.000852,0.000719,0.002505,6.0649114949,125.1316612718,121.07963
PGEN,2022.6749,59826,2226,-0.079729,0.293869,0.000819,0.000697,0.028315,6.0649115029,125.13166127139999,121.08298
PGEN,2022.6776,59827,2226,-0.080336,0.295224,0.000861,0.000723,0.017336,6.0649115152,125.1316612659,121.08116
PGEN,2022.6804,59828,2226,-0.080073,0.293504,0.000837,0.000708,0.034217,6.0649114996,125.13166126830001,121.07565
PGEN,2022.6831,59829,2226,-0.081629,0.297089,0.000893,0.000754,-0.022928,6.0649115321,125.1316612542,121.07612
PGEN,2022.6858,59830,2226,-0.080115,0.294361,0.000886,0.000773,-0.017913,6.0649115074,125.1316612679,121.07178
PGEN,2022.6886,59831,2226,-0.079593,0.294086,0.000891,0.000776,0.022905,6.0649115049,125.13166127260001,121.08189
PGEN,2022.6913,59832,2226,-0.080418,0.29441,0.000907,0.000801,-0.014229,6.0649115078,125.1316612652,121.07907
PGEN,2022.694,59833,2227,-0.078811,0.294499,0.000872,0.000754,-0.00606,6.0649115086,125.13166127970001,121.07945
PGEN,2022.6968,59834,2227,-0.079757,0.295502,0.000875,0.00077,-0.032335,6.0649115177,125.1316612711,121.08064
PGEN,2022.6995,59835,2227,-0.081012,0.294096,0.000929,0.000829,-0.040492,6.064911505,125.13166125980001,121.07626
PGEN,2022.7023,59836,2227,-0.079865,0.294509,0.001028,0.000877,0.018117,6.0649115087,125.1316612702,121.07603
PGEN,2022.705,59837,2227,-0.078882,0.293266,0.000982,0.000889,-0.017429,6.0649114975,125.13166127900001,121.07502
PGEN,2022.7077,59838,2227,-0.0776,0.29432,0.000905,0.000773,-0.047931,6.064911507,125.1316612906,121.07997
PGEN,2022.7105,59839,2227,-0.078099,0.294454,0.000896,0.000772,0.023249,6.0649115082,125.13166128610001,121.07922
PGEN,2022.7132,59840,2228,-0.078188,0.291389,0.00093,0.000778,0.038431,6.0649114805,125.1316612853,121.07655
PGEN,2022.7159,59841,2228,-0.079968,0.292179,0.000914,0.000799,0.005616,6.0649114877,125.13166126920001,121.07224
PGEN,2022.7187,59842,2228,-0.079641,0.294179,0.000928,0.000791,-0.017066,6.0649115057,125.1316612722,121.07178
PGEN,2022.7214,59843,2228,-0.078761,0.295255,0.0009,0.000767,-0.002739,6.0649115155,125.13166128009999,121.07775
PGEN,2022.7242,59844,2228,-0.081271,0.295644,0.000974,0.000818,-0.003615,6.064911519,125.13166125750001,121.07749
PGEN,2022.7269,59845,2228,-0.078874,0.292482,0.000871,0.000723,0.009464,6.0649114904,125.1316612791,121.0863
PGEN,2022.7296,59846,2228,-0.076567,0.290068,0.000912,0.000776,0.022491,6.0649114686,125.13166129999999,121.08503
PGEN,2022.7324,59847,2229,-0.080002,0.295441,0.000943,0.000833,-0.041084,6.0649115172,125.13166126889999,121.07922
PGEN,2022.7351,59848,2229,-0.081089,0.292499,0.000941,0.000809,-0.000489,6.0649114906,125.13166125910001,121.07932
PGEN,2022.7379,59849,2229,-0.079296,0.292062,0.000849,0.000725,0.015406,6.0649114866,125.13166127529999,121.08296
PGEN,2022.7406,59850,2229,-0.079089,0.293011,0.000938,0.000807,-0.009404,6.0649114952,125.13166127720001,121.08137
PGEN,2022.7433,59851,2229,-0.079298,0.293965,0.000947,0.000808,-0.062059,6.0649115038,125.13166127529999,121.07235
PGEN,2022.7461,59852,2229,-0.080013,0.294148,0.000887,0.000736,0.014981,6.0649115055,125.1316612688,121.07296
PGEN,2022.7488,59853,2229,-0.079456,0.290904,0.001017,0.000857,0.002071,6.0649114761,125.1316612739,121.07835
PGEN,2022.7515,59854,2230,-0.078713,0.291577,0.00094,0.000801,-0.011506,6.0649114822,125.13166128060001,121.07909
PGEN,2022.7543,59855,2230,-0.078265,0.29368,0.00094,0.000821,0.009593,6.0649115012,125.1316612846,121.07592
PGEN,2022.757,59856,2230,-0.078293,0.294459,0.001001,0.000844,-0.075669,6.0649115083,125.1316612844,121.09063
PGEN,2022.7598,59857,2230,-0.078313,0.291395,0.000954,0.00085,-0.012629,6.0649114806,125.13166128419999,121.08045
PGEN,2022.7625,59858,2230,-0.079272,0.292478,0.000927,0.000762,0.012352,6.0649114904,125.1316612755,121.0803
PGEN,2022.7652,59859,2230,-0.079725,0.292715,0.000954,0.000781,-0.021237,6.0649114925,125.13166127139999,121.07714
PGEN,2022.768,59860,2230,-0.079045,0.292177,0.000989,0.000813,0.01231,6.0649114876,125.13166127759999,121.07299
PGEN,2022.7707,59861,2231,-0.07933,0.294589,0.00087,0.000735,0.016513,6.0649115095,125.131661275,121.07915
PGEN,2022.7734,59862,2231,-0.078962,0.292525,0.000926,0.000786,0.03408,6.0649114908,125.13166127829999,121.07498
PGEN,2022.7762,59863,2231,-0.080887,0.288685,0.001049,0.000907,0.041002,6.0649114561,125.13166126089999,121.08311
PGEN,2022.7789,59864,2231,-0.08064,0.289735,0.001053,0.000879,-0.022325,6.0649114656,125.13166126319999,121.08843
PGEN,2022.7817,59865,2231,-0.082467,0.28989,0.000993,0.000829,-0.004696,6.064911467,125.13166124669999,121.08291
PGEN,2022.7844,59866,2231,-0.079413,0.290415,0.000866,0.000713,0.010882,6.0649114717,125.13166127420001,121.07731
PGEN,2022.7871,59867,2231,-0.079976,0.293166,0.000843,0.000719,-0.039724,6.0649114966,125.13166126920001,121.08612
PGEN,2022.7899,59868,2232,-0.080953,0.289234,0.000889,0.000742,0.019456,6.064911461,125.1316612603,121.07919
PGEN,2022.7926,59869,2232,-0.077307,0.289815,0.000914,0.000797,-0.010273,6.0649114663,125.1316612933,121.08283
PGEN,2022.7953,59870,2232,-0.079861,0.290824,0.000877,0.00075,0.012841,6.0649114754,125.1316612702,121.0829
PGEN,2022.7981,59871,2232,-0.0801,0.291856,0.001043,0.000855,-0.042507,6.0649114847,125.13166126799999,121.07845
PGEN,2022.8008,59872,2232,-0.080356,0.289908,0.000824,0.000721,0.024029,6.0649114671,125.13166126569999,121.08003
PGEN,2022.8036,59873,2232,-0.080527,0.292714,0.000915,0.000791,-0.021373,6.0649114925,125.1316612642,121.08752
PGEN,2022.8063,59874,2232,-0.080439,0.290133,0.00098,0.000819,0.009583,6.0649114692,125.13166126499999,121.07986
PGEN,2022.8282,59882,2234,-0.08064,0.28961,0.000828,0.000687,-0.001699,6.0649114644,125.13166126319999,121.07213
PGEN,2022.8309,59883,2234,-0.079918,0.287198,0.000875,0.000757,-0.02705,6.0649114426,125.1316612697,121.07202
PGEN,2022.8364,59885,2234,-0.079864,0.288849,0.00086,0.000734,0.025016,6.0649114576,125.1316612702,121.07985
PGEN,2022.8392,59886,2234,-0.079501,0.290711,0.000978,0.00082,-0.010687,6.0649114744,125.13166127349999,121.07806
PGEN,2022.8419,59887,2234,-0.077145,0.293354,0.000885,0.000752,-0.025955,6.0649114983,125.1316612947,121.09146
PGEN,2022.8446,59888,2234,-0.079791,0.290772,0.00084,0.000726,-0.02792,6.0649114749,125.13166127080001,121.07708
PGEN,2022.8474,59889,2235,-0.079538,0.29244,0.000922,0.000769,0.017814,6.06491149,125.13166127310001,121.08235
PGEN,2022.8501,59890,2235,-0.080692,0.292141,0.000898,0.000786,-0.044894,6.0649114873,125.13166126269999,121.08919
PGEN,2022.8528,59891,2235,-0.078627,0.290418,0.000933,0.000805,-0.036231,6.0649114717,125.13166128130001,121.08188
PGEN,2022.8556,59892,2235,-0.079316,0.291218,0.000863,0.000725,0.001601,6.064911479,125.13166127509999,121.07589
PGEN,2022.8583,59893,2235,-0.079376,0.290077,0.000866,0.000747,-0.024397,6.0649114687,125.13166127459999,121.08109
PGEN,2022.8611,59894,2235,-0.077997,0.289047,0.000883,0.000756,-0.032196,6.0649114593,125.13166128699999,121.08235
PGEN,2022.8638,59895,2235,-0.079199,0.289456,0.000885,0.000758,0.003606,6.064911463,125.13166127619999,121.07653
PGEN,2022.8665,59896,2236,-0.079928,0.290349,0.000846,0.000723,-0.044404,6.0649114711,125.13166126959999,121.08669
PGEN,2022.8693,59897,2236,-0.077879,0.292844,0.000848,0.000724,0.060327,6.0649114937,125.13166128809999,121.07979
PGEN,2022.872,59898,2236,-0.078249,0.288087,0.000877,0.000753,0.031556,6.0649114507,125.1316612848,121.07333
PGEN,2022.8747,59899,2236,-0.079876,0.291288,0.000903,0.000755,-0.021232,6.0649114796,125.13166127010001,121.07883
PGEN,2022.8775,59900,2236,-0.077819,0.290018,0.00087,0.000741,0.011599,6.0649114681,125.13166128859999,121.07603
PGEN,2022.8802,59901,2236,-0.078662,0.289701,0.000836,0.000706,-0.018498,6.0649114653,125.13166128099999,121.07987
PGEN,2022.883,59902,2236,-0.077743,0.290053,0.000857,0.000725,-0.01392,6.0649114684,125.13166128930001,121.07988
PGEN,2022.8857,59903,2237,-0.078215,0.28975,0.000834,0.000715,0.005426,6.0649114657,125.1316612851,121.07917
PGEN,2022.8884,59904,2237,-0.07943,0.289802,0.000878,0.000729,-0.006959,6.0649114662,125.1316612741,121.07575
PGEN,2022.8912,59905,2237,-0.075842,0.289377,0.000843,0.000719,0.026466,6.0649114623000004,125.1316613065,121.07732
PGEN,2022.8939,59906,2237,-0.077628,0.290626,0.00084,0.000722,-0.017335,6.0649114736,125.13166129039999,121.07952
PGEN,2022.8966,59907,2237,-0.076664,0.290818,0.000829,0.000717,-0.011219,6.0649114754,125.13166129909999,121.07808
PGEN,2022.8994,59908,2237,-0.078826,0.291344,0.000867,0.000744,-0.01228,6.0649114801,125.1316612796,121.07278
PGEN,2022.9021,59909,2237,-0.081108,0.291147,0.00085,0.00072,-0.014934,6.0649114783,125.13166125890001,121.08323
PGEN,2022.9049,59910,2238,-0.076149,0.29008,0.00085,0.000722,-0.023059,6.0649114687,125.13166130370001,121.07174
PGEN,2022.9076,59911,2238,-0.078674,0.291444,0.00085,0.000723,0.018808,6.064911481,125.1316612809,121.08361
PGEN,2022.9103,59912,2238,-0.080429,0.289933,0.000856,0.000735,-0.023901,6.0649114674,125.1316612651,121.0794
PGEN,2022.9131,59913,2238,-0.078457,0.289379,0.000828,0.000714,0.019453,6.0649114623000004,125.13166128290001,121.08332
PGEN,2022.9158,59914,2238,-0.077559,0.292378,0.000863,0.000748,-0.015989,6.0649114895,125.131661291,121.07911
PGEN,2022.9185,59915,2238,-0.077611,0.292951,0.000855,0.000728,-0.006234,6.0649114946,125.1316612905,121.08636
PGEN,2022.9213,59916,2238,-0.077897,0.290957,0.000821,0.000705,0.010897,6.0649114766,125.13166128789999,121.08469
PGEN,2022.924,59917,2239,-0.077704,0.289807,0.000875,0.000764,0.014771,6.0649114662,125.13166128969999,121.07886
PGEN,2022.9268,59918,2239,-0.079106,0.289424,0.000836,0.000717,0.015122,6.0649114627,125.131661277,121.07997
PGEN,2022.9295,59919,2239,-0.078282,0.290918,0.000839,0.000714,0.004191,6.0649114763,125.13166128450001,121.071
PGEN,2022.9322,59920,2239,-0.077468,0.288808,0.000879,0.000753,0.026308,6.0649114572,125.13166129179999,121.07394
PGEN,2022.935,59921,2239,-0.07907,0.28994,0.000826,0.000722,-0.042649,6.0649114674,125.13166127740001,121.0773
PGEN,2022.9377,59922,2239,-0.077127,0.289903,0.000844,0.000715,-0.004628,6.0649114671,125.1316612949,121.07957
PGEN,2022.9405,59923,2239,-0.07755,0.292403,0.000849,0.000724,0.033804,6.0649114897,125.13166129109999,121.07788
PGEN,2022.9432,59924,2240,-0.079178,0.292205,0.000847,0.000731,-0.029635,6.0649114879,125.1316612764,121.08301
PGEN,2022.9459,59925,2240,-0.07905,0.290523,0.00084,0.000709,-0.047394,6.0649114727,125.1316612775,121.07995
PGEN,2022.9487,59926,2240,-0.080211,0.289762,0.000825,0.000726,-0.017923,6.0649114658,125.131661267,121.0775
PGEN,2022.9514,59927,2240,-0.079975,0.290142,0.000839,0.000722,-0.062017,6.0649114692,125.13166126920001,121.08207
PGEN,2022.9541,59928,2240,-0.079963,0.290708,0.000863,0.000738,0.005085,6.0649114744,125.1316612693,121.08245
PGEN,2022.9569,59929,2240,-0.079691,0.289999,0.000863,0.00072,0.012753,6.064911468,125.13166127170001,121.08467
PGEN,2022.9596,59930,2240,-0.081952,0.290379,0.000877,0.000723,-0.001202,6.0649114714,125.13166125129999,121.08398
PGEN,2022.9624,59931,2241,-0.080651,0.289744,0.000856,0.000731,-0.011991,6.0649114656,125.1316612631,121.07602
PGEN,2022.9651,59932,2241,-0.081109,0.289397,0.000824,0.000713,0.009536,6.0649114625,125.13166125890001,121.07963
PGEN,2022.9678,59933,2241,-0.079005,0.289887,0.000823,0.00071,-0.032662,6.0649114669,125.13166127790001,121.07793
PGEN,2022.9706,59934,2241,-0.078964,0.290963,0.000846,0.000727,-0.017619,6.0649114767,125.13166127829999,121.08331
PGEN,2022.9733,59935,2241,-0.079945,0.290463,0.000819,0.000699,0.008841,6.0649114721,125.13166126940001,121.07879
PGEN,2022.976,59936,2241,-0.080449,0.289802,0.000848,0.000704,0.007313,6.0649114662,125.1316612649,121.07878
PGEN,2022.9788,59937,2241,-0.07826,0.289047,0.000857,0.000719,0.007098,6.0649114593,125.13166128469999,121.08103
PGEN,2022.9815,59938,2242,-0.081282,0.287091,0.000836,0.000707,0.002479,6.0649114416,125.1316612574,121.08192
PGEN,2022.9843,59939,2242,-0.081467,0.288498,0.000852,0.000709,-0.016196,6.0649114544,125.13166125570001,121.08302
PGEN,2022.987,59940,2242,-0.080125,0.287494,0.0009,0.000741,-0.005612,6.0649114453,125.13166126780001,121.08143
PGEN,2022.9897,59941,2242,-0.081044,0.287308,0.000894,0.000744,-0.031129,6.0649114436,125.13166125949999,121.08241
PGEN,2022.9925,59942,2242,-0.08207,0.286574,0.000809,0.000695,-0.009729,6.064911437,125.13166125020001,121.07853
PGEN,2022.9952,59943,2242,-0.080577,0.28988,0.000824,0.000703,0.014121,6.0649114669,125.13166126370001,121.08218
PGEN,2022.9979,59944,2242,-0.083934,0.288912,0.000833,0.00071,0.035995,6.0649114581,125.1316612334,121.08239
PGEN,2023.0007,59945,2243,-0.081798,0.287138,0.000807,0.000689,0.014053,6.0649114421,125.13166125270001,121.07087
PGEN,2023.0034,59946,2243,-0.080419,0.286613,0.000808,0.000697,0.017207,6.0649114373,125.1316612652,121.07883
PGEN,2023.0062,59947,2243,-0.082502,0.289453,0.000795,0.000686,0.009153,6.064911463,125.13166124630001,121.07483
PGEN,2023.0089,59948,2243,-0.080953,0.288959,0.000838,0.000689,0.006503,6.0649114585,125.1316612603,121.07493
PGEN,2023.0116,59949,2243,-0.079378,0.288628,0.00083,0.000703,-0.010581,6.0649114556,125.13166127459999,121.08195
PGEN,2023.0144,59950,2243,-0.078071,0.289261,0.000846,0.000718,0.020319,6.0649114613,125.1316612864,121.07926
PGEN,2023.0171,59951,2243,-0.079091,0.286451,0.000811,0.000685,0.01149,6.0649114359,125.13166127720001,121.08253
PGEN,2023.0198,59952,2244,-0.08051,0.287965,0.000814,0.000684,-0.012491,6.0649114496,125.13166126429999,121.07876
PGEN,2023.0226,59953,2244,-0.079396,0.288197,0.000818,0.000691,-0.034966,6.0649114516,125.13166127439999,121.08442
PGEN,2023.0253,59954,2244,-0.079367,0.288663,0.000823,0.000697,-0.034489,6.0649114559,125.13166127470001,121.0837
PGEN,2023.0281,59955,2244,-0.081226,0.287754,0.000817,0.000706,-0.030779,6.0649114476,125.13166125789999,121.08316
PGEN,2023.0308,59956,2244,-0.079976,0.288303,0.000835,0.000712,-0.006301,6.0649114526,125.13166126920001,121.08128
PGEN,2023.0335,59957,2244,-0.080141,0.288998,0.000819,0.000696,-0.03053,6.0649114589,125.1316612677,121.08435
PGEN,2023.0363,59958,2244,-0.079796,0.287945,0.000827,0.000701,-0.025112,6.0649114494,125.13166127080001,121.08548
PGEN,2023.039,59959,2245,-0.079573,0.287991,0.000846,0.000707,-0.009801,6.0649114498,125.13166127279999,121.08258
PGEN,2023.0418,59960,2245,-0.080285,0.287395,0.000899,0.000744,-0.022181,6.0649114444,125.13166126639999,121.07898
PGEN,2023.0445,59961,2245,-0.081221,0.287014,0.00082,0.000692,0.003655,6.064911441,125.13166125789999,121.08275
PGEN,2023.0472,59962,2245,-0.080772,0.287589,0.000866,0.000731,0.010102,6.0649114462,125.131661262,121.08508
PGEN,2023.05,59963,2245,-0.080473,0.286898,0.000858,0.000716,-0.017267,6.0649114399,125.1316612647,121.08468
PGEN,2023.0527,59964,2245,-0.081029,0.289718,0.00086,0.00072,-0.00387,6.0649114654,125.1316612597,121.07798
PGEN,2023.0554,59965,2245,-0.080007,0.28757,0.000821,0.000722,-0.00402,6.064911446,125.13166126889999,121.08558
PGEN,2023.1732,60008,2252,-0.08545,0.285507,0.000908,0.000804,-0.042818,6.0649114273,125.13166121969999,121.07716
PGEN,2023.1759,60009,2252,-0.086806,0.283526,0.000903,0.000771,-0.021257,6.0649114094,125.1316612075,121.07564
PGEN,2023.1786,60010,2252,-0.083724,0.284846,0.00096,0.0008,-0.029721,6.0649114214,125.13166123529999,121.07012
PGEN,2023.1814,60011,2252,-0.083241,0.284573,0.000956,0.000806,-0.022645,6.0649114189,125.13166123970001,121.08103
PGEN,2023.1841,60012,2252,-0.087013,0.285389,0.000857,0.00076,-0.022972,6.0649114263,125.13166120560001,121.08259
PGEN,2023.1869,60013,2252,-0.083697,0.282884,0.0011,0.000902,-0.086222,6.0649114036,125.1316612356,121.08177
PGEN,2023.1896,60014,2252,-0.085969,0.283893,0.001028,0.000857,-0.082799,6.0649114127,125.13166121500001,121.07402
PGEN,2023.1923,60015,2253,-0.084863,0.283927,0.000845,0.00073,-0.021741,6.064911413,125.13166122499999,121.07909
PGEN,2023.1951,60016,2253,-0.085802,0.283341,0.001004,0.000822,-0.080405,6.0649114077,125.13166121649999,121.08077
PGEN,2023.1978,60017,2253,-0.083168,0.283805,0.000888,0.000772,-0.049523,6.0649114119,125.13166124029999,121.08521
PGEN,2023.2005,60018,2253,-0.084864,0.283313,0.000891,0.000744,-0.030799,6.0649114075,125.13166122499999,121.08343
PGEN,2023.2033,60019,2253,-0.083805,0.283988,0.001053,0.000857,-0.078426,6.0649114136,125.13166123459999,121.07967
PGEN,2023.206,60020,2253,-0.086765,0.286125,0.001095,0.000908,-0.081724,6.0649114329,125.1316612078,121.07885
PGEN,2023.2088,60021,2253,-0.086442,0.285002,0.001032,0.000848,-0.109218,6.0649114228,125.1316612107,121.07466
PGEN,2023.2115,60022,2254,-0.084524,0.283454,0.000948,0.000804,-0.042676,6.0649114088,125.1316612281,121.08611
PGEN,2023.2142,60023,2254,-0.086438,0.284039,0.000982,0.000854,-0.046079,6.0649114141,125.13166121079999,121.07936
PGEN,2023.217,60024,2254,-0.083698,0.285287,0.000939,0.000831,-0.084617,6.0649114253,125.13166123549999,121.07498
PGEN,2023.2197,60025,2254,-0.083678,0.285105,0.000843,0.000733,-0.03811,6.0649114237,125.1316612357,121.07864
PGEN,2023.2225,60026,2254,-0.085,0.285435,0.00095,0.000817,-0.02866,6.0649114267,125.1316612238,121.0794
PGEN,2023.2252,60027,2254,-0.085357,0.283734,0.000892,0.000748,0.003034,6.0649114113,125.1316612206,121.08246
PGEN,2023.3101,60058,2259,-0.083181,0.284435,0.0009,0.000791,-0.04648,6.0649114176,125.1316612402,121.07301
PGEN,2023.3128,60059,2259,-0.086503,0.283742,0.000913,0.000808,-0.038395,6.0649114114,125.13166121020001,121.0763
PGEN,2023.3155,60060,2259,-0.084845,0.28572,0.000835,0.000759,-0.050305,6.0649114293,125.13166122519999,121.08358
PGEN,2023.3183,60061,2259,-0.085926,0.286079,0.000841,0.000762,-0.015262,6.0649114325,125.13166121539999,121.0902
PGEN,2023.321,60062,2259,-0.086875,0.283312,0.000804,0.000718,-0.024025,6.0649114075,125.1316612068,121.08638
PGEN,2023.3238,60063,2259,-0.086384,0.28671,0.000892,0.000816,0.016058,6.0649114382,125.13166121130001,121.0801
PGEN,2023.3265,60064,2260,-0.085326,0.2853,0.000826,0.000731,-0.034267,6.0649114255,125.1316612208,121.07668
PGEN,2023.3292,60065,2260,-0.086973,0.284528,0.00081,0.000736,0.000532,6.0649114185,125.13166120599999,121.07807
PGEN,2023.332,60066,2260,-0.086352,0.284415,0.000826,0.000748,-0.026575,6.0649114175,125.1316612116,121.08333
PGEN,2023.3347,60067,2260,-0.087942,0.286001,0.000931,0.000801,-0.010293,6.0649114318,125.1316611972,121.08163
PGEN,2023.3374,60068,2260,-0.086763,0.28476,0.000874,0.000801,-0.06405,6.0649114206,125.13166120790001,121.07979
PGEN,2023.3402,60069,2260,-0.086741,0.284501,0.000913,0.000836,-0.023534,6.0649114182,125.131661208,121.07738
PGEN,2023.3429,60070,2260,-0.084433,0.288039,0.000831,0.000765,-0.007399,6.0649114502,125.13166122889999,121.08741
PGEN,2023.3648,60078,2262,-0.086174,0.282683,0.000957,0.000848,-0.011987,6.0649114018,125.1316612132,121.07207
PGEN,2023.3676,60079,2262,-0.084469,0.286192,0.000868,0.000802,0.016902,6.0649114335,125.1316612286,121.07658
PGEN,2023.3703,60080,2262,-0.089258,0.284244,0.000873,0.000784,-0.049069,6.0649114159,125.1316611853,121.07771
PGEN,2023.373,60081,2262,-0.089047,0.28708,0.000922,0.000807,-0.02429,6.0649114416,125.1316611872,121.07892
PGEN,2023.3758,60082,2262,-0.086519,0.286927,0.000938,0.000836,-0.032519,6.0649114402,125.13166121009999,121.08148
PGEN,2023.3785,60083,2262,-0.087164,0.285398,0.000832,0.000744,-0.026198,6.0649114263,125.13166120419999,121.08291
PGEN,2023.3812,60084,2262,-0.08685,0.285011,0.000804,0.000721,-0.009417,6.0649114228,125.1316612071,121.08632
PGEN,2023.384,60085,2263,-0.086017,0.285846,0.000882,0.000792,-0.064116,6.0649114304,125.1316612146,121.0873
PGEN,2023.3867,60086,2263,-0.088409,0.2882,0.000896,0.000781,-0.027132,6.0649114517,125.13166119300001,121.09115
PGEN,2023.3895,60087,2263,-0.085216,0.287888,0.000883,0.000749,0.001173,6.0649114489,125.13166122179999,121.08022
PGEN,2023.3922,60088,2263,-0.08699,0.286316,0.000883,0.00076,-0.014561,6.0649114346,125.13166120579999,121.07767
PGEN,2023.3977,60090,2263,-0.088107,0.289763,0.000883,0.000772,0.002954,6.0649114658,125.13166119569999,121.08054
PGEN,2023.4031,60092,2264,-0.093134,0.286658,0.000872,0.000776,-0.009367,6.0649114377,125.1316611503,121.08046
PGEN,2023.4059,60093,2264,-0.089128,0.28844,0.000831,0.00076,-0.028563,6.0649114538,125.1316611865,121.08914
PGEN,2023.4086,60094,2264,-0.08845,0.287244,0.000856,0.000786,-0.018666,6.064911443,125.1316611926,121.08711
PGEN,2023.4114,60095,2264,-0.091598,0.285917,0.000875,0.000776,-0.051455,6.064911431,125.13166116420001,121.08502
PGEN,2023.4141,60096,2264,-0.087356,0.285478,0.000884,0.000767,-0.012143,6.0649114271,125.1316612025,121.08783
PGEN,2023.4168,60097,2264,-0.088651,0.288117,0.000859,0.000748,-0.015151,6.0649114509,125.1316611908,121.08251
PGEN,2023.4196,60098,2264,-0.087583,0.288202,0.000845,0.000758,-0.009154,6.0649114517,125.1316612004,121.0858
PGEN,2023.4223,60099,2265,-0.088071,0.28588,0.000871,0.000767,-0.004678,6.0649114307,125.13166119600001,121.09137
PGEN,2023.4251,60100,2265,-0.089456,0.287362,0.000867,0.000754,-0.077321,6.0649114441,125.1316611835,121.09442
PGEN,2023.4278,60101,2265,-0.090089,0.287999,0.000823,0.000729,0.002401,6.0649114499,125.1316611778,121.08177
PGEN,2023.4305,60102,2265,-0.090679,0.288947,0.000845,0.000765,-0.051092,6.0649114584,125.1316611725,121.0767
PGEN,2023.4333,60103,2265,-0.090612,0.286792,0.000852,0.000759,-0.037579,6.0649114389,125.13166117310001,121.08813
PGEN,2023.436,60104,2265,-0.090229,0.287032,0.000816,0.000751,-0.05962,6.0649114411,125.13166117649999,121.08431
PGEN,2023.4387,60105,2265,-0.08975,0.285964,0.00084,0.00074,-0.043673,6.0649114315,125.13166118090001,121.08226
PGEN,2023.4415,60106,2266,-0.092168,0.285375,0.000823,0.000722,-0.03471,6.0649114261,125.131661159,121.07752
PGEN,2023.4442,60107,2266,-0.090872,0.28755,0.00083,0.000747,0.003338,6.0649114458,125.1316611707,121.0769
PGEN,2023.447,60108,2266,-0.091397,0.288425,0.000822,0.000745,-0.02624,6.0649114537,125.13166116599999,121.07993
PGEN,2023.4497,60109,2266,-0.090383,0.286556,0.000822,0.000731,-0.057745,6.0649114368,125.13166117520001,121.08412
PGEN,2023.4524,60110,2266,-0.089636,0.286871,0.000849,0.000737,-0.015923,6.0649114397,125.1316611819,121.08089
PGEN,2023.4552,60111,2266,-0.089546,0.287768,0.000851,0.000744,-0.059712,6.0649114478,125.13166118269999,121.07975
PGEN,2023.4579,60112,2266,-0.089907,0.286231,0.000854,0.000757,-0.044262,6.0649114339,125.1316611794,121.07931
PGEN,2023.4606,60113,2267,-0.091777,0.287695,0.000867,0.000764,0.005546,6.0649114471,125.13166116260001,121.07763
PGEN,2023.4634,60114,2267,-0.089028,0.287628,0.000844,0.000765,0.003562,6.0649114465,125.1316611874,121.07134
PGEN,2023.4661,60115,2267,-0.08936,0.288809,0.000869,0.000739,-0.006198,6.0649114572,125.1316611844,121.0912
PGEN,2023.4689,60116,2267,-0.091261,0.286511,0.000876,0.000813,-0.005258,6.0649114364,125.13166116720001,121.07415
PGEN,2023.4771,60119,2267,-0.090073,0.290575,0.000847,0.00077,0.011076,6.0649114732,125.131661178,121.08582
PGEN,2023.4798,60120,2268,-0.09007,0.286974,0.000835,0.000748,-0.020228,6.0649114406,125.131661178,121.08614
PGEN,2023.4825,60121,2268,-0.08984,0.288473,0.000825,0.000729,-0.019208,6.0649114542,125.1316611801,121.08442
PGEN,2023.4853,60122,2268,-0.089184,0.286728,0.000849,0.000731,-0.015817,6.0649114384,125.131661186,121.0771
PGEN,2023.488,60123,2268,-0.090404,0.286112,0.000848,0.000758,-0.031308,6.0649114328,125.131661175,121.07839
PGEN,2023.4908,60124,2268,-0.088809,0.287176,0.000823,0.000747,-0.030331,6.0649114424,125.1316611894,121.08013
PGEN,2023.4935,60125,2268,-0.090007,0.287795,0.000862,0.000756,0.003547,6.064911448,125.1316611785,121.07911
PGEN,2023.4962,60126,2268,-0.090866,0.287845,0.000863,0.000783,-0.038731,6.0649114485,125.13166117079999,121.07902
PGEN,2023.499,60127,2269,-0.091029,0.286505,0.000891,0.000794,0.032777,6.0649114363,125.1316611693,121.07832
PGEN,2023.5044,60129,2269,-0.090082,0.286607,0.000859,0.000745,-0.051753,6.0649114373,125.13166117790001,121.08397
PGEN,2023.5072,60130,2269,-0.088362,0.287899,0.000873,0.000786,-0.028573,6.064911449,125.13166119339999,121.08229
PGEN,2023.5099,60131,2269,-0.089353,0.286783,0.000874,0.000778,-0.038823,6.0649114389,125.13166118449999,121.07542
PGEN,2023.5127,60132,2269,-0.087732,0.286372,0.000853,0.000753,-0.011187,6.0649114352,125.1316611991,121.07191
PGEN,2023.5154,60133,2269,-0.090929,0.287038,0.000829,0.000749,-0.036142,6.0649114412,125.1316611702,121.08096
PGEN,2023.5181,60134,2270,-0.090327,0.286266,0.000852,0.000765,-0.049789,6.0649114342,125.1316611757,121.07633
PGEN,2023.5209,60135,2270,-0.088814,0.287461,0.000901,0.000781,-0.010978,6.064911445,125.13166118929999,121.07752
PGEN,2023.5236,60136,2270,-0.088757,0.288051,0.00089,0.000776,-0.003136,6.0649114503,125.13166118980001,121.08194
PGEN,2023.5264,60137,2270,-0.091354,0.286274,0.000858,0.00077,0.016175,6.0649114343,125.1316611664,121.07659
PGEN,2023.5291,60138,2270,-0.089015,0.287423,0.000863,0.000763,-0.003295,6.0649114447,125.13166118749999,121.07468
PGEN,2023.5346,60140,2270,-0.090584,0.281461,0.000859,0.000792,-0.032274,6.0649113907,125.13166117329999,121.08197
PGEN,2023.5373,60141,2271,-0.089738,0.287327,0.000864,0.000802,0.034394,6.0649114438,125.131661181,121.08054
PGEN,2023.54,60142,2271,-0.089092,0.286271,0.000851,0.000761,-0.005665,6.0649114342,125.13166118679999,121.07812
PGEN,2023.5428,60143,2271,-0.08951,0.287998,0.000905,0.000825,0.09554,6.0649114499,125.131661183,121.07905
PGEN,2023.5455,60144,2271,-0.088072,0.286815,0.000868,0.000755,0.001206,6.0649114392,125.13166119600001,121.0725
PGEN,2023.5483,60145,2271,-0.0904,0.288639,0.000876,0.000793,0.003801,6.0649114557,125.131661175,121.07652
PGEN,2023.551,60146,2271,-0.090188,0.287531,0.000843,0.000761,-0.02677,6.0649114456,125.1316611769,121.07023
PGEN,2023.5537,60147,2271,-0.090074,0.28604,0.000832,0.000734,-0.025317,6.0649114321,125.13166117790001,121.07644
PGEN,2023.5565,60148,2272,-0.090355,0.286236,0.000881,0.000759,0.033293,6.0649114339,125.13166117540001,121.07716
PGEN,2023.5592,60149,2272,-0.09026,0.286345,0.000846,0.000756,0.005048,6.0649114349,125.13166117630001,121.08635
PGEN,2023.5619,60150,2272,-0.090397,0.286889,0.000924,0.00081,-0.021586,6.0649114398,125.131661175,121.07618
PGEN,2023.5921,60161,2273,-0.09108,0.286803,0.000867,0.000781,-0.008787,6.064911439,125.1316611689,121.0834
PGEN,2023.5948,60162,2274,-0.088345,0.28646,0.001027,0.000975,0.035422,6.0649114359,125.1316611936,121.07716
PGEN,2023.5975,60163,2274,-0.08934,0.28725,0.000862,0.000758,-0.039188,6.0649114431,125.1316611846,121.07235
PGEN,2023.603,60165,2274,-0.089995,0.287938,0.000917,0.000836,-0.003279,6.0649114493,125.1316611787,121.07501
PGEN,2023.6057,60166,2274,-0.089857,0.285491,0.00088,0.000798,0.031954,6.0649114272,125.1316611799,121.08682
PGEN,2023.6085,60167,2274,-0.091063,0.285272,0.000981,0.000851,-0.006702,6.0649114252,125.13166116900001,121.08776
PGEN,2023.6112,60168,2274,-0.09101,0.287647,0.000991,0.000855,0.033497,6.0649114467,125.1316611695,121.07894
PGEN,2023.614,60169,2275,-0.090031,0.284179,0.000995,0.000869,0.042471,6.0649114153,125.13166117829999,121.08822
PGEN,2023.6167,60170,2275,-0.089696,0.285723,0.00088,0.000769,0.015092,6.0649114293,125.1316611814,121.08162
PGEN,2023.6194,60171,2275,-0.087902,0.287079,0.000848,0.000754,-0.007873,6.0649114415,125.13166119760001,121.07457
PGEN,2023.6222,60172,2275,-0.090404,0.287402,0.000878,0.000794,-0.072846,6.0649114445,125.131661175,121.0813
PGEN,2023.6605,60186,2277,-0.090205,0.288065,0.000982,0.000854,0.011085,6.0649114505,125.13166117680001,121.07973
PGEN,2023.6687,60189,2277,-0.091139,0.284687,0.00082,0.000752,-0.020888,6.0649114199,125.13166116830001,121.07881
PGEN,2023.6715,60190,2278,-0.091655,0.286127,0.000866,0.00079,0.067179,6.0649114329,125.13166116369999,121.07654
PGEN,2023.6742,60191,2278,-0.090761,0.284371,0.000848,0.000734,-0.004735,6.0649114171,125.13166117169999,121.08308
PGEN,2023.6769,60192,2278,-0.090049,0.285677,0.000955,0.000832,0.013587,6.0649114289,125.1316611782,121.07754
PGEN,2023.6797,60193,2278,-0.092188,0.286548,0.000992,0.000874,-0.036803,6.0649114367,125.1316611588,121.07888
PGEN,2023.6824,60194,2278,-0.090268,0.287115,0.00098,0.000859,0.029255,6.0649114419,125.1316611762,121.07231
PGEN,2023.6851,60195,2278,-0.09119,0.285307,0.000965,0.00087,0.001851,6.0649114255,125.1316611679,121.07685
PGEN,2023.6879,60196,2278,-0.089551,0.284327,0.000842,0.000751,-0.0437,6.0649114167,125.13166118269999,121.07684
PGEN,2023.6906,60197,2279,-0.088282,0.284778,0.000895,0.00077,0.002182,6.0649114207,125.13166119409999,121.07266
PGEN,2023.6934,60198,2279,-0.090744,0.284231,0.000953,0.000793,-0.021187,6.0649114158,125.13166117189999,121.08543
PGEN,2023.6961,60199,2279,-0.08999,0.284183,0.001018,0.000928,0.02325,6.0649114154,125.1316611787,121.0799
PGEN,2023.6988,60200,2279,-0.089762,0.28521,0.000891,0.000797,-0.017612,6.0649114246,125.1316611808,121.08062
PGEN,2023.7016,60201,2279,-0.089806,0.284769,0.000903,0.000791,0.025807,6.0649114207,125.13166118039999,121.07937
PGEN,2023.7043,60202,2279,-0.091589,0.284493,0.000944,0.000805,-0.010611,6.0649114182,125.1316611643,121.07476
PGEN,2023.707,60203,2279,-0.090094,0.285254,0.000951,0.000837,-0.002131,6.064911425,125.1316611778,121.0813
PGEN,2023.7098,60204,2280,-0.091069,0.285149,0.000826,0.00073,0.003506,6.0649114241,125.13166116900001,121.07105
PGEN,2023.7125,60205,2280,-0.090753,0.284881,0.000828,0.000751,0.037324,6.0649114217,125.1316611718,121.08057
PGEN,2023.718,60207,2280,-0.09029,0.283303,0.000913,0.000812,-0.03025,6.0649114074,125.131661176,121.07581
PGEN,2023.7207,60208,2280,-0.091158,0.28456,0.000958,0.000836,-0.002773,6.0649114188,125.13166116810001,121.07519
PGEN,2023.7235,60209,2280,-0.090823,0.280774,0.000918,0.00082,-0.016358,6.0649113845,125.1316611712,121.07781
PGEN,2023.7262,60210,2280,-0.090796,0.285804,0.0009,0.00081,0.057593,6.06491143,125.1316611714,121.07365
PGEN,2023.729,60211,2281,-0.090956,0.283856,0.000874,0.000782,-0.004318,6.0649114124,125.13166117,121.07903
PGEN,2023.7317,60212,2281,-0.091159,0.284093,0.000846,0.000763,0.033419,6.0649114145,125.13166116810001,121.07765
PGEN,2023.7344,60213,2281,-0.089599,0.285182,0.000833,0.000771,0.03697,6.0649114244,125.13166118219999,121.08752
PGEN,2023.7399,60215,2281,-0.090486,0.282534,0.000847,0.000759,0.057337,6.0649114004,125.13166117419999,121.07482
PGEN,2023.7426,60216,2281,-0.090297,0.282215,0.000843,0.000753,0.010461,6.0649113976,125.1316611759,121.07879
PGEN,2023.7481,60218,2282,-0.090983,0.282848,0.000984,0.000858,0.064639,6.0649114033,125.13166116970001,121.07372
PGEN,2023.7509,60219,2282,-0.090192,0.284428,0.000883,0.000793,0.027842,6.0649114176,125.1316611769,121.07192
PGEN,2023.7536,60220,2282,-0.089326,0.282081,0.000916,0.000826,-0.025905,6.0649113963,125.1316611847,121.07734
PGEN,2023.7563,60221,2282,-0.090204,0.284299,0.000994,0.00087,-0.016164,6.0649114164,125.13166117680001,121.07878
PGEN,2023.7591,60222,2282,-0.089095,0.282679,0.000827,0.000751,0.01975,6.0649114018,125.13166118679999,121.08088
PGEN,2023.7618,60223,2282,-0.088379,0.28083,0.001057,0.000911,0.029361,6.064911385,125.13166119319999,121.07534
PGEN,2023.7645,60224,2282,-0.090512,0.282044,0.001093,0.000921,-0.060115,6.064911396,125.13166117399999,121.0806
PGEN,2023.77,60226,2283,-0.089506,0.280942,0.000868,0.000785,0.009471,6.0649113861,125.1316611831,121.075
PGEN,2023.7728,60227,2283,-0.088525,0.279938,0.001044,0.000888,-0.033609,6.064911377,125.13166119190001,121.08004
PGEN,2023.7755,60228,2283,-0.090335,0.282644,0.000931,0.000836,-0.016341,6.0649114014,125.13166117559999,121.07389
PGEN,2023.7782,60229,2283,-0.089372,0.279192,0.001027,0.00092,0.021969,6.0649113702,125.13166118429999,121.07517
PGEN,2023.781,60230,2283,-0.091694,0.284161,0.001032,0.000889,-0.040928,6.0649114152,125.13166116330001,121.09181
PGEN,2023.7837,60231,2283,-0.090498,0.280304,0.001015,0.000834,0.033893,6.0649113803,125.1316611741,121.07763
PGEN,2023.7864,60232,2284,-0.088904,0.281393,0.000941,0.000796,-0.025164,6.0649113901,125.1316611885,121.07312
PGEN,2023.7892,60233,2284,-0.091373,0.281596,0.000944,0.000806,0.041459,6.064911392,125.13166116619999,121.06972
PGEN,2023.7919,60234,2284,-0.092772,0.281816,0.000954,0.000876,-0.017615,6.064911394,125.13166115359999,121.07072
PGEN,2023.7947,60235,2284,-0.091058,0.280134,0.000967,0.000846,-0.061752,6.0649113787,125.1316611691,121.07918
PGEN,2023.7974,60236,2284,-0.090659,0.281014,0.000832,0.00075,0.031299,6.0649113867,125.1316611727,121.07397
PGEN,2023.8001,60237,2284,-0.089086,0.280797,0.000825,0.000735,-0.022229,6.0649113847,125.1316611869,121.07648
PGEN,2023.8029,60238,2284,-0.090834,0.283222,0.000864,0.00076,0.005323,6.0649114067,125.1316611711,121.07632
PGEN,2023.8056,60239,2285,-0.091153,0.283205,0.000905,0.000776,-0.007321,6.0649114065,125.1316611682,121.08717
PGEN,2023.8084,60240,2285,-0.089829,0.282375,0.000834,0.000733,0.01718,6.064911399,125.13166118020001,121.08008
PGEN,2023.8111,60241,2285,-0.090177,0.280998,0.000954,0.00081,-0.000222,6.0649113866,125.13166117700001,121.06869
PGEN,2023.8138,60242,2285,-0.090844,0.28267,0.000984,0.000842,0.009593,6.0649114017,125.13166117099999,121.07465
PGEN,2023.8166,60243,2285,-0.089841,0.282323,0.000918,0.000796,-0.01524,6.0649113985,125.13166118000001,121.08047
PGEN,2023.8193,60244,2285,-0.090754,0.281511,0.000885,0.000776,0.035923,6.0649113912,125.1316611718,121.08289
PGEN,2023.822,60245,2285,-0.090148,0.279554,0.000923,0.000819,0.012901,6.0649113735,125.1316611773,121.08424
PGEN,2023.8248,60246,2286,-0.089079,0.281238,0.000855,0.000766,0.024573,6.0649113887,125.1316611869,121.07334
PGEN,2023.8275,60247,2286,-0.088245,0.280646,0.000875,0.000778,0.013773,6.0649113834,125.1316611945,121.0722
PGEN,2023.8303,60248,2286,-0.088341,0.281463,0.000881,0.000786,0.00482,6.0649113908,125.1316611936,121.07874
PGEN,2023.833,60249,2286,-0.088859,0.279087,0.000879,0.000751,0.038923,6.0649113693,125.13166118890001,121.07613
PGEN,2023.8357,60250,2286,-0.090215,0.282989,0.000844,0.000747,0.035633,6.0649114046,125.13166117669999,121.08264
PGEN,2023.8385,60251,2286,-0.089936,0.281796,0.000986,0.000863,-0.045222,6.0649113938,125.1316611792,121.0743
PGEN,2023.8412,60252,2286,-0.088493,0.280476,0.00093,0.000816,0.000186,6.0649113818,125.1316611922,121.07413
PGEN,2023.8439,60253,2287,-0.090397,0.283697,0.001028,0.000934,0.025012,6.064911411,125.131661175,121.07749
PGEN,2023.8467,60254,2287,-0.089021,0.281118,0.000849,0.000748,-0.042151,6.0649113876,125.13166118749999,121.07865
PGEN,2023.8494,60255,2287,-0.085917,0.280394,0.000964,0.000831,0.045321,6.0649113811,125.1316612155,121.06848
PGEN,2023.8522,60256,2287,-0.088605,0.284866,0.000825,0.000729,-0.015746,6.0649114215,125.13166119120001,121.07162
PGEN,2023.8549,60257,2287,-0.090147,0.280436,0.000938,0.000818,0.00669,6.0649113815,125.1316611773,121.07318
PGEN,2023.8576,60258,2287,-0.090219,0.281646,0.000966,0.00083,-0.006951,6.0649113924,125.1316611766,121.07784
PGEN,2023.8823,60267,2289,-0.090511,0.280412,0.000823,0.000739,-0.007142,6.0649113813,125.13166117399999,121.07583
PGEN,2023.885,60268,2289,-0.089257,0.283176,0.00082,0.000759,-0.052318,6.0649114062,125.1316611853,121.08547
PGEN,2023.8877,60269,2289,-0.088327,0.283739,0.00082,0.000715,0.042335,6.0649114113,125.13166119370001,121.08369
PGEN,2023.8905,60270,2289,-0.091594,0.283018,0.000859,0.000775,-0.004855,6.0649114048,125.13166116420001,121.08032
PGEN,2023.8932,60271,2289,-0.089555,0.284754,0.000857,0.000773,-0.010356,6.0649114205,125.1316611826,121.07953
PGEN,2023.896,60272,2289,-0.092688,0.286058,0.000897,0.000836,-0.082434,6.0649114323,125.13166115429999,121.09813
PGEN,2023.8987,60273,2289,-0.091205,0.285718,0.00086,0.000795,0.063456,6.0649114292,125.1316611677,121.08461
PGEN,2023.9014,60274,2290,-0.090026,0.286175,0.000819,0.000776,0.013523,6.0649114334,125.13166117840001,121.09251
PGEN,2023.9042,60275,2290,-0.090238,0.284801,0.000938,0.00079,0.072258,6.0649114209,125.13166117649999,121.07639
PGEN,2023.9069,60276,2290,-0.089371,0.284259,0.000885,0.000801,-0.030454,6.064911416,125.13166118429999,121.08369
PGEN,2023.9097,60277,2290,-0.086733,0.280963,0.000959,0.000858,0.022784,6.0649113862,125.13166120810001,121.08059
PGEN,2023.9124,60278,2290,-0.089002,0.283611,0.000859,0.000763,0.0203,6.0649114102,125.1316611876,121.08644
PGEN,2023.9151,60279,2290,-0.09323,0.284624,0.001122,0.000972,-0.000888,6.0649114193,125.1316611494,121.0835
PGEN,2023.9179,60280,2290,-0.089095,0.285542,0.0009,0.000796,-0.013186,6.0649114276,125.13166118679999,121.08512
PGEN,2023.9206,60281,2291,-0.090777,0.286487,0.000872,0.000777,-0.011713,6.0649114362,125.1316611716,121.0825
PGEN,2023.9233,60282,2291,-0.089428,0.286634,0.000805,0.000744,0.013557,6.0649114375,125.13166118379999,121.08165
PGEN,2023.9261,60283,2291,-0.088791,0.284825,0.00082,0.000725,0.011958,6.0649114212,125.1316611895,121.0752
PGEN,2023.9288,60284,2291,-0.088448,0.28654,0.000812,0.000724,0.020011,6.0649114367,125.1316611926,121.0814
PGEN,2023.9589,60295,2293,-0.087876,0.282275,0.000834,0.000738,-0.007405,6.0649113981,125.13166119780001,121.0819
PGEN,2023.9644,60297,2293,-0.086354,0.283706,0.000816,0.000732,-0.006949,6.064911411,125.13166121149999,121.07779
PGEN,2023.9781,60302,2294,-0.090159,0.283804,0.000833,0.000736,0.004625,6.0649114119,125.13166117719999,121.09117
PGEN,2023.989,60306,2294,-0.088138,0.285569,0.00079,0.000699,0.002321,6.0649114279,125.1316611954,121.07709
PGEN,2023.9918,60307,2294,-0.088165,0.284355,0.000798,0.000697,-0.003863,6.0649114169,125.1316611952,121.08057
PGEN,2023.9945,60308,2294,-0.087039,0.281735,0.0008,0.000737,0.002225,6.0649113932,125.13166120540001,121.08394
PGEN,2023.9973,60309,2295,-0.089306,0.283753,0.000795,0.00073,0.021193,6.0649114115,125.1316611849,121.08243
PGEN,2024.0,60310,2295,-0.087647,0.284955,0.000845,0.000761,0.001841,6.0649114223,125.13166119990001,121.07573
PGEN,2024.0027,60311,2295,-0.088008,0.282974,0.000797,0.00074,-0.022068,6.0649114044,125.13166119659999,121.08125
PGEN,2024.0055,60312,2295,-0.087997,0.284196,0.000819,0.000742,0.039859,6.0649114155,125.13166119670001,121.08053
PGEN,2024.0082,60313,2295,-0.088741,0.283867,0.000832,0.000755,-0.023865,6.0649114125,125.13166118999999,121.07868
PGEN,2024.011,60314,2295,-0.088313,0.283017,0.000884,0.000777,-0.01565,6.0649114048,125.13166119389999,121.08167
PGEN,2024.0137,60315,2295,-0.087058,0.2827,0.000822,0.000767,-0.006303,6.0649114019,125.1316612052,121.08239
PGEN,2024.0164,60316,2296,-0.088132,0.285862,0.000862,0.000813,0.04028,6.0649114305,125.13166119549999,121.07994
PGEN,2024.0192,60317,2296,-0.088521,0.28407,0.000846,0.000765,0.039221,6.0649114143,125.131661192,121.09443
PGEN,2024.0219,60318,2296,-0.087539,0.283578,0.000835,0.000769,-0.016934,6.0649114099,125.13166120080001,121.08196
PGEN,2024.0246,60319,2296,-0.089299,0.284587,0.000851,0.000767,-0.010612,6.064911419,125.1316611849,121.07908
PGEN,2024.0274,60320,2296,-0.086001,0.283565,0.000828,0.000806,0.044665,6.0649114098,125.13166121469999,121.08023
PGEN,2024.0301,60321,2296,-0.088166,0.282741,0.000822,0.000751,0.018339,6.0649114023,125.1316611952,121.08885
PGEN,2024.0356,60323,2297,-0.088229,0.284866,0.000824,0.000725,0.015945,6.0649114215,125.13166119460001,121.08798
PGEN,2024.0383,60324,2297,-0.089509,0.281615,0.000826,0.000772,0.036351,6.0649113921,125.131661183,121.08138
PGEN,2024.0411,60325,2297,-0.086793,0.28044,0.000854,0.000758,0.002353,6.0649113815,125.13166120759999,121.08598
PGEN,2024.0438,60326,2297,-0.088079,0.282609,0.000867,0.000816,0.034647,6.0649114011,125.13166119600001,121.0966
PGEN,2024.0465,60327,2297,-0.084912,0.281808,0.000869,0.000772,0.010306,6.0649113939,125.13166122460001,121.0817
PGEN,2024.0493,60328,2297,-0.086615,0.280915,0.000826,0.000746,0.007963,6.0649113858,125.13166120919999,121.08207
PGEN,2024.052,60329,2297,-0.087547,0.281067,0.000858,0.000799,0.029737,6.0649113872,125.13166120080001,121.08728
PGEN,2024.0548,60330,2298,-0.087752,0.281103,0.000834,0.000771,0.054631,6.0649113875,125.13166119889999,121.07841
PGEN,2024.0575,60331,2298,-0.087233,0.281904,0.00079,0.000718,0.005195,6.0649113947,125.1316612036,121.08428
PGEN,2024.063,60333,2298,-0.088909,0.280668,0.000833,0.000757,0.003733,6.0649113836,125.1316611885,121.08091
PGEN,2024.0657,60334,2298,-0.090908,0.279482,0.000837,0.000762,0.021808,6.0649113728,125.13166117040001,121.08393
PGEN,2024.0684,60335,2298,-0.08597,0.281019,0.000839,0.000763,0.028648,6.0649113867,125.13166121500001,121.08424
PGEN,2024.0712,60336,2298,-0.087738,0.282863,0.000885,0.000796,0.029344,6.0649114034,125.131661199,121.07613
PGEN,2024.0739,60337,2299,-0.088129,0.281796,0.000799,0.000733,0.025418,6.0649113938,125.13166119549999,121.08353
PGEN,2024.0767,60338,2299,-0.08855,0.280216,0.000802,0.000728,0.035563,6.0649113795,125.1316611917,121.07454
PGEN,2024.0794,60339,2299,-0.088325,0.279439,0.000858,0.000801,0.010231,6.0649113725,125.13166119370001,121.07535
PGEN,2024.0821,60340,2299,-0.087325,0.28097,0.000811,0.000732,-0.0077,6.0649113863,125.13166120279999,121.07397
PGEN,2024.0849,60341,2299,-0.087362,0.282654,0.000867,0.000788,0.048554,6.0649114015,125.13166120240001,121.08233
PGEN,2024.0876,60342,2299,-0.086724,0.281036,0.000878,0.000792,0.004121,6.0649113869,125.1316612082,121.07689
PGEN,2024.0903,60343,2299,-0.088148,0.28223,0.000872,0.000789,0.041613,6.0649113977,125.13166119530001,121.06796
PGEN,2024.0931,60344,2300,-0.091112,0.28487,0.001013,0.000895,0.012409,6.0649114216,125.1316611686,121.08054
PGEN,2024.0958,60345,2300,-0.087468,0.281079,0.000889,0.000802,-0.020944,6.0649113873,125.13166120150001,121.0728
PGEN,2024.0986,60346,2300,-0.088344,0.280666,0.000851,0.000766,0.020071,6.0649113836,125.1316611936,121.08103
PGEN,2024.1013,60347,2300,-0.08843,0.280257,0.000848,0.000755,0.022916,6.0649113799,125.13166119280001,121.07814
PGEN,2024.104,60348,2300,-0.088687,0.281269,0.000908,0.000784,0.015321,6.064911389,125.13166119050001,121.07921
PGEN,2024.1068,60349,2300,-0.088683,0.280468,0.00092,0.000814,0.031747,6.0649113818,125.13166119050001,121.07792
PGEN,2024.1095,60350,2300,-0.087125,0.281772,0.000925,0.000881,-0.016633,6.0649113936,125.1316612046,121.07459
PGEN,2024.1123,60351,2301,-0.089214,0.281099,0.000843,0.00078,0.002815,6.0649113875,125.13166118570001,121.07829
PGEN,2024.1889,60379,2305,-0.091882,0.2808,0.000843,0.000741,-0.006295,6.0649113848,125.1316611616,121.07785
PGEN,2024.1916,60380,2305,-0.090066,0.279175,0.000921,0.000841,-0.049321,6.0649113701,125.131661178,121.07162
PGEN,2024.1944,60381,2305,-0.094043,0.27828,0.00091,0.000826,0.013814,6.064911362,125.1316611421,121.08422
PGEN,2024.5859,60524,2325,-0.097754,0.283886,0.000888,0.000804,0.01143,6.0649114127,125.13166110860001,121.08091
PGEN,2024.5886,60525,2325,-0.097606,0.283314,0.000873,0.000763,-0.00121,6.0649114075,125.1316611099,121.07925
PGEN,2024.5914,60526,2326,-0.096354,0.281697,0.001058,0.000889,0.021056,6.0649113929,125.13166112120001,121.08452
PGEN,2024.5941,60527,2326,-0.098281,0.282134,0.001007,0.000822,-0.014162,6.0649113968,125.13166110380001,121.08285
PGEN,2024.5969,60528,2326,-0.09765,0.282961,0.000999,0.000893,-0.006482,6.0649114043,125.13166110949999,121.08194
PGEN,2024.5996,60529,2326,-0.097239,0.283962,0.000956,0.00083,0.005379,6.0649114134,125.13166111320001,121.07549
PGEN,2024.6023,60530,2326,-0.095276,0.281493,0.001009,0.000942,0.043536,6.064911391,125.1316611309,121.07523
PGEN,2024.6051,60531,2326,-0.096915,0.284384,0.00098,0.000862,0.059321,6.0649114172,125.13166111609999,121.0833
PGEN,2024.6105,60533,2327,-0.097222,0.284499,0.001073,0.000952,-0.0177,6.0649114182,125.13166111340001,121.08194
PGEN,2024.6133,60534,2327,-0.097127,0.285044,0.001055,0.000956,0.01745,6.0649114231,125.1316611142,121.07327
PGEN,2024.616,60535,2327,-0.097064,0.28255,0.001268,0.001063,0.03339,6.0649114006,125.13166111480001,121.08604
PGEN,2024.6188,60536,2327,-0.095972,0.281902,0.00097,0.000835,0.039086,6.0649113947,125.1316611247,121.07688
PGEN,2024.6215,60537,2327,-0.097312,0.283878,0.001012,0.000875,-0.007678,6.0649114126,125.1316611126,121.08108
PGEN,2024.6242,60538,2327,-0.093688,0.282763,0.000874,0.000752,0.043705,6.0649114025,125.1316611453,121.07075
PGEN,2024.627,60539,2327,-0.09619,0.286946,0.001237,0.001075,0.041655,6.0649114403,125.1316611227,121.08137
PGEN,2024.6297,60540,2328,-0.096924,0.281226,0.000967,0.000836,-0.009604,6.0649113886,125.13166111609999,121.08087
PGEN,2024.6324,60541,2328,-0.098365,0.284797,0.001024,0.000866,0.012149,6.0649114209,125.131661103,121.09183
PGEN,2024.6352,60542,2328,-0.096406,0.280477,0.000887,0.000805,0.009133,6.0649113818,125.13166112069999,121.08175
PGEN,2024.668,60554,2330,-0.097674,0.282841,0.000971,0.000866,0.008346,6.0649114032,125.13166110930001,121.0808
PGEN,2024.6708,60555,2330,-0.100087,0.280997,0.000998,0.000872,-0.033084,6.0649113865,125.13166108749999,121.0661
PGEN,2024.6735,60556,2330,-0.097649,0.280681,0.000969,0.000862,-0.005073,6.0649113837,125.13166110949999,121.08025
PGEN,2024.6762,60557,2330,-0.096932,0.280208,0.001057,0.000878,0.01482,6.0649113794,125.131661116,121.07978
PGEN,2024.679,60558,2330,-0.09733,0.283469,0.001084,0.000917,0.018136,6.0649114089,125.1316611124,121.07944
PGEN,2024.6817,60559,2330,-0.097183,0.282168,0.000946,0.000806,0.035017,6.0649113971,125.1316611137,121.0756
PGEN,2024.6845,60560,2330,-0.098135,0.280602,0.001035,0.000899,-0.030806,6.064911383,125.1316611051,121.08391
PGEN,2024.6872,60561,2331,-0.096904,0.282013,0.00105,0.000904,0.041615,6.0649113957,125.13166111620001,121.0783
PGEN,2024.6899,60562,2331,-0.096553,0.27982,0.001081,0.000918,-0.011233,6.0649113759,125.13166111940001,121.08806
PGEN,2024.6927,60563,2331,-0.096656,0.280113,0.001085,0.000935,-0.021651,6.0649113786,125.1316611185,121.0798
PGEN,2024.6954,60564,2331,-0.095492,0.280021,0.00112,0.000943,-0.009935,6.0649113777,125.13166112900001,121.0846
PGEN,2024.6982,60565,2331,-0.097105,0.279712,0.000906,0.000797,0.057128,6.0649113749,125.1316611144,121.08339
PGEN,2024.7009,60566,2331,-0.095814,0.280532,0.000919,0.000843,0.006328,6.0649113823,125.1316611261,121.08947
PGEN,2024.7036,60567,2331,-0.100026,0.281854,0.001025,0.000939,0.006466,6.0649113943,125.13166108799999,121.0807
PGEN,2024.7091,60569,2332,-0.095651,0.280564,0.000882,0.000777,0.009676,6.0649113826,125.13166112760001,121.07699
PGEN,2024.7146,60571,2332,-0.096025,0.280812,0.001103,0.000952,-0.007797,6.0649113849,125.13166112420001,121.07471
PGEN,2024.7173,60572,2332,-0.096668,0.280436,0.000945,0.000814,0.014584,6.0649113815,125.13166111839999,121.07245
PGEN,2024.7201,60573,2332,-0.096398,0.280758,0.00101,0.000842,0.042354,6.0649113844,125.1316611208,121.08179
PGEN,2024.7228,60574,2332,-0.097125,0.280921,0.001005,0.000868,0.017466,6.0649113859,125.1316611142,121.08203
PGEN,2024.7255,60575,2333,-0.097732,0.278705,0.000946,0.000853,0.023102,6.0649113658,125.13166110879999,121.07459
PGEN,2024.7283,60576,2333,-0.095669,0.281196,0.001058,0.0009,0.045164,6.0649113883,125.13166112740001,121.07437
PGEN,2024.731,60577,2333,-0.098719,0.280527,0.001003,0.000907,0.00686,6.0649113823,125.1316610998,121.08613
PGEN,2024.7337,60578,2333,-0.097187,0.279447,0.000838,0.000744,-0.018953,6.0649113725,125.1316611137,121.07647
PGEN,2024.7365,60579,2333,-0.098403,0.279894,0.000962,0.000853,0.063467,6.0649113766,125.13166110270001,121.0715
PGEN,2024.7392,60580,2333,-0.098897,0.279212,0.001028,0.000878,0.048133,6.0649113704,125.1316610982,121.07294
PGEN,2024.742,60581,2333,-0.099095,0.277624,0.000994,0.000843,0.041473,6.064911356,125.1316610964,121.07634
PGEN,2024.7447,60582,2334,-0.097154,0.280597,0.000867,0.000763,0.061917,6.0649113829,125.131661114,121.07294
PGEN,2024.7474,60583,2334,-0.095041,0.279068,0.001082,0.000893,0.021348,6.0649113691,125.13166113310001,121.07288
PGEN,2024.7502,60584,2334,-0.096503,0.280598,0.001053,0.000932,-0.014181,6.0649113829,125.1316611199,121.07345
PGEN,2024.7529,60585,2334,-0.09627,0.279778,0.001051,0.000897,0.053153,6.0649113755,125.131661122,121.07181
PGEN,2024.7556,60586,2334,-0.098395,0.281297,0.001103,0.000971,0.105273,6.0649113893,125.1316611028,121.0797
PGEN,2024.7584,60587,2334,-0.098244,0.279766,0.001109,0.000942,0.06148,6.0649113754,125.1316611041,121.07598
PGEN,2024.7611,60588,2334,-0.097517,0.279906,0.001084,0.000894,-0.018572,6.0649113767,125.13166111070001,121.0773
PGEN,2024.7639,60589,2335,-0.096429,0.278504,0.000953,0.000831,0.028718,6.064911364,125.13166112050001,121.07475
PGEN,2024.7666,60590,2335,-0.096435,0.280319,0.001052,0.000907,0.047969,6.0649113804,125.13166112050001,121.07201
PGEN,2024.7693,60591,2335,-0.096534,0.278931,0.000851,0.000759,0.039283,6.0649113679,125.13166111960001,121.07083
PGEN,2024.7721,60592,2335,-0.097873,0.280646,0.000859,0.000738,0.024106,6.0649113834,125.13166110750001,121.07124
PGEN,2024.7748,60593,2335,-0.095695,0.280263,0.001052,0.000848,0.017088,6.0649113799,125.1316611272,121.08373
PGEN,2024.7775,60594,2335,-0.097338,0.279322,0.000881,0.000748,0.001993,6.0649113714,125.13166111230001,121.0788
PGEN,2024.7803,60595,2335,-0.097935,0.282246,0.000901,0.000821,0.001544,6.0649113978,125.1316611069,121.07481
PGEN,2024.783,60596,2336,-0.100477,0.279912,0.001009,0.000815,-0.018447,6.0649113767,125.131661084,121.07981
PGEN,2024.7885,60598,2336,-0.095961,0.279857,0.000833,0.000745,0.02541,6.0649113762,125.13166112479999,121.06616
PGEN,2024.7912,60599,2336,-0.098076,0.278604,0.000863,0.000754,0.0585,6.0649113649,125.1316611057,121.06366
PGEN,2024.794,60600,2336,-0.098415,0.279422,0.001021,0.000869,0.017389,6.0649113723,125.13166110259999,121.07062
PGEN,2024.8049,60604,2337,-0.098038,0.279059,0.000907,0.000818,0.001846,6.064911369,125.131661106,121.07402
PGEN,2024.8077,60605,2337,-0.097117,0.275667,0.000877,0.000775,-0.045416,6.0649113383,125.13166111429999,121.07812
PGEN,2024.8104,60606,2337,-0.098524,0.277517,0.001048,0.000905,-0.012953,6.0649113551,125.1316611016,121.06456
PGEN,2024.8131,60607,2337,-0.096404,0.277049,0.000842,0.000743,0.020748,6.0649113508,125.1316611208,121.08245
PGEN,2024.8214,60610,2338,-0.097443,0.278432,0.001016,0.000837,-0.010014,6.0649113633,125.1316611114,121.07796
PGEN,2024.8241,60611,2338,-0.097939,0.278558,0.000964,0.00091,-0.009907,6.0649113645,125.1316611069,121.06674
PGEN,2024.8268,60612,2338,-0.096308,0.280522,0.001071,0.000928,0.066675,6.0649113823,125.13166112159999,121.06859
PGEN,2024.8296,60613,2338,-0.097238,0.278861,0.000859,0.000731,0.062213,6.0649113672,125.13166111320001,121.07512
PGEN,2024.8323,60614,2338,-0.098332,0.277724,0.00104,0.000911,0.014085,6.0649113569,125.13166110329999,121.07278
PGEN,2024.835,60615,2338,-0.097005,0.279022,0.001064,0.000911,0.04436,6.0649113687,125.1316611153,121.06859
PGEN,2024.8378,60616,2338,-0.09751,0.27704,0.00087,0.000792,-0.033398,6.0649113508,125.1316611108,121.07926
PGEN,2024.8405,60617,2339,-0.098659,0.281049,0.000936,0.000806,-0.012003,6.064911387,125.13166110040001,121.06771
PGEN,2024.8433,60618,2339,-0.099137,0.277674,0.000881,0.000748,-0.016104,6.0649113565,125.1316610961,121.0717
PGEN,2024.846,60619,2339,-0.09751,0.279181,0.000995,0.000808,0.052829,6.0649113701,125.1316611108,121.07893
PGEN,2024.8487,60620,2339,-0.095951,0.277075,0.000837,0.000746,0.027822,6.0649113511,125.13166112479999,121.06896
PGEN,2024.8515,60621,2339,-0.099749,0.278992,0.000835,0.000745,0.01533,6.0649113684,125.13166109049999,121.07006
PGEN,2024.8542,60622,2339,-0.099412,0.279723,0.000939,0.000805,0.050823,6.064911375,125.1316610936,121.07739
PGEN,2024.8569,60623,2339,-0.098726,0.275536,0.000884,0.000786,0.021933,6.0649113372,125.1316610998,121.07392
PGEN,2024.8597,60624,2340,-0.098999,0.279695,0.001007,0.000838,0.043231,6.0649113748,125.1316610973,121.07798
PGEN,2024.8624,60625,2340,-0.097598,0.278048,0.000879,0.000772,-0.011031,6.0649113599,125.13166111000001,121.07881
PGEN,2024.8652,60626,2340,-0.099356,0.28006,0.000844,0.000731,-0.023552,6.0649113781,125.1316610941,121.06853
PGEN,2024.8679,60627,2340,-0.097166,0.278294,0.000877,0.000745,0.003467,6.0649113621,125.13166111390001,121.07588
PGEN,2024.8706,60628,2340,-0.096827,0.278819,0.000906,0.000755,-0.030185,6.0649113669,125.1316611169,121.07839
PGEN,2024.8734,60629,2340,-0.098706,0.27962,0.00086,0.000753,-0.03033,6.0649113741,125.1316611,121.07119
PGEN,2024.8761,60630,2340,-0.096961,0.28006,0.000895,0.000776,-0.040868,6.0649113781,125.13166111570001,121.07473
PGEN,2024.8789,60631,2341,-0.098515,0.279276,0.000876,0.000749,-0.008867,6.064911371,125.13166110169999,121.07684
PGEN,2024.8816,60632,2341,-0.098527,0.278296,0.000898,0.000768,-0.026623,6.0649113621,125.1316611016,121.08016
PGEN,2024.8843,60633,2341,-0.097542,0.27635,0.000876,0.000757,0.053923,6.0649113445,125.1316611105,121.08088
PGEN,2024.8871,60634,2341,-0.099268,0.280398,0.000885,0.000749,0.001857,6.0649113811,125.13166109490001,121.06953
PGEN,2024.8898,60635,2341,-0.096682,0.279538,0.000841,0.000733,0.014139,6.0649113734,125.13166111819999,121.08085
PGEN,2024.8925,60636,2341,-0.09622,0.27736,0.000871,0.000747,0.047232,6.0649113537,125.1316611224,121.07639
PGEN,2024.8953,60637,2341,-0.097489,0.277863,0.000834,0.000745,0.002922,6.0649113582,125.131661111,121.07154
PGEN,2024.898,60638,2342,-0.097752,0.276191,0.000837,0.000743,-0.000525,6.0649113431,125.13166110860001,121.08107
PGEN,2024.9008,60639,2342,-0.098714,0.27645,0.000953,0.000815,0.025666,6.0649113454,125.13166109989999,121.07772
PGEN,2024.9035,60640,2342,-0.101416,0.278882,0.00103,0.00089,-0.000891,6.0649113674,125.1316610755,121.07978
PGEN,2024.9062,60641,2342,-0.097435,0.276965,0.000911,0.000776,-0.010378,6.0649113501,125.1316611114,121.07587
PGEN,2024.909,60642,2342,-0.098011,0.277237,0.000838,0.000726,0.016237,6.0649113525,125.1316611062,121.07936
PGEN,2024.9117,60643,2342,-0.09681,0.276209,0.000846,0.000738,0.004553,6.0649113433,125.13166111710001,121.06887
PGEN,2024.9144,60644,2342,-0.09951,0.275451,0.000921,0.000761,-0.016458,6.0649113364,125.1316610927,121.0782
PGEN,2024.9172,60645,2343,-0.096773,0.279405,0.000919,0.000795,0.015103,6.0649113722,125.1316611174,121.07589
PGEN,2024.9199,60646,2343,-0.096832,0.277505,0.000922,0.00078,-0.040929,6.064911355,125.1316611169,121.07413
PGEN,2024.9227,60647,2343,-0.098169,0.278438,0.000855,0.000737,-0.005184,6.0649113634,125.1316611048,121.07634
PGEN,2024.9254,60648,2343,-0.09633,0.278296,0.000835,0.000733,-0.001615,6.0649113621,125.13166112139999,121.08022
PGEN,2024.9281,60649,2343,-0.098085,0.276663,0.00085,0.000738,-0.023523,6.0649113474,125.13166110559999,121.06947
PGEN,2024.9363,60652,2344,-0.096976,0.277273,0.000841,0.000739,-0.014394,6.0649113529,125.1316611156,121.07975
PGEN,2024.9391,60653,2344,-0.099652,0.277272,0.000829,0.000725,-0.004931,6.0649113529,125.13166109139999,121.08042
PGEN,2024.9418,60654,2344,-0.097525,0.277746,0.000857,0.00074,0.018573,6.0649113571,125.13166111059999,121.08285
PGEN,2024.9446,60655,2344,-0.097956,0.276417,0.000853,0.000743,0.023204,6.0649113451,125.1316611067,121.07925
PGEN,2024.9473,60656,2344,-0.098556,0.27814,0.000821,0.000736,0.000949,6.0649113607,125.13166110130001,121.07441
PGEN,2024.95,60657,2344,-0.097634,0.276633,0.000888,0.000775,0.043591,6.0649113471,125.1316611096,121.07779
PGEN,2024.9528,60658,2344,-0.095205,0.277359,0.000939,0.000809,0.094151,6.0649113537,125.1316611316,121.0736
PGEN,2024.9555,60659,2345,-0.095777,0.274706,0.000857,0.000767,-0.001324,6.0649113297,125.13166112639999,121.08038
PGEN,2024.9582,60660,2345,-0.09892,0.275847,0.000839,0.000743,0.03459,6.06491134,125.131661098,121.07652
PGEN,2024.961,60661,2345,-0.097066,0.275161,0.000853,0.000753,0.030284,6.0649113338,125.13166111480001,121.07678
PGEN,2024.9637,60662,2345,-0.095868,0.27466,0.000848,0.00075,-0.026697,6.0649113292,125.1316611256,121.06804
PGEN,2024.9665,60663,2345,-0.097566,0.274856,0.000829,0.000741,-0.003255,6.064911331,125.1316611103,121.07782
PGEN,2024.9692,60664,2345,-0.098751,0.278224,0.000814,0.000744,-0.005893,6.0649113615,125.1316610996,121.07555
PGEN,2024.9719,60665,2345,-0.0985,0.27618,0.000864,0.000751,0.026057,6.064911343,125.1316611018,121.07532
PGEN,2024.9747,60666,2346,-0.098525,0.277029,0.000819,0.000767,0.026246,6.0649113507,125.1316611016,121.07159
PGEN,2024.9774,60667,2346,-0.099754,0.277258,0.000857,0.000775,0.042987,6.0649113527,125.13166109049999,121.07533
PGEN,2024.9802,60668,2346,-0.097387,0.277029,0.000867,0.000787,0.017746,6.0649113507,125.1316611119,121.07557
PGEN,2024.9829,60669,2346,-0.097971,0.276574,0.000891,0.000783,-0.024323,6.0649113466,125.1316611066,121.07847
PGEN,2024.9856,60670,2346,-0.099316,0.274615,0.000894,0.000764,0.039532,6.0649113288,125.1316610945,121.07648
PGEN,2024.9884,60671,2346,-0.098567,0.275005,0.000796,0.000715,0.034925,6.0649113324,125.1316611012,121.07322
PGEN,2024.9911,60672,2346,-0.099255,0.275024,0.000891,0.000775,0.094383,6.0649113325,125.131661095,121.0821
PGEN,2024.9938,60673,2347,-0.096656,0.277802,0.000827,0.000723,0.01139,6.0649113577,125.1316611185,121.06843
PGEN,2024.9966,60674,2347,-0.098645,0.27368,0.000844,0.000756,0.035014,6.0649113204,125.1316611005,121.07472
PGEN,2024.9993,60675,2347,-0.098382,0.276089,0.000843,0.000754,0.012181,6.0649113422,125.13166110290001,121.06336
PGEN,2025.0021,60676,2347,-0.097707,0.277953,0.000943,0.000883,-0.045285,6.064911359,125.13166110899999,121.06731
PGEN,2025.0048,60677,2347,-0.098968,0.277168,0.000873,0.000778,0.00129,6.0649113519,125.13166109759999,121.07139
PGEN,2025.0075,60678,2347,-0.096992,0.277251,0.00085,0.000746,0.021618,6.0649113527,125.1316611154,121.07204
PGEN,2025.0103,60679,2347,-0.099586,0.27561,0.000811,0.000722,0.03604,6.0649113378,125.131661092,121.07731
PGEN,2025.0157,60681,2348,-0.09971,0.276291,0.000835,0.000752,-0.0132,6.064911344,125.1316610909,121.06424
PGEN,2025.0185,60682,2348,-0.100228,0.275982,0.000833,0.000759,0.019435,6.0649113412,125.13166108620001,121.07619
PGEN,2025.0212,60683,2348,-0.096903,0.275185,0.000868,0.000775,0.00873,6.064911334,125.13166111620001,121.07046
PGEN,2025.024,60684,2348,-0.099365,0.275355,0.000873,0.000798,0.007349,6.0649113355,125.13166109400001,121.08025
PGEN,2025.0267,60685,2348,-0.099401,0.276313,0.000825,0.000743,0.02695,6.0649113442,125.13166109369999,121.07456
PGEN,2025.0294,60686,2348,-0.097575,0.275958,0.000826,0.000736,0.041435,6.064911341,125.13166111020001,121.08085
PGEN,2025.0732,60702,2351,-0.098809,0.274362,0.000841,0.000749,0.001008,6.0649113265,125.13166109900001,121.06731
PGEN,2025.076,60703,2351,-0.09992,0.275368,0.000828,0.000735,-0.005618,6.0649113356,125.131661089,121.07323
PGEN,2025.0787,60704,2351,-0.101594,0.273565,0.000895,0.00079,-0.010019,6.0649113193,125.1316610739,121.06969
PGEN,2025.0815,60705,2351,-0.100434,0.272723,0.000903,0.00078,0.01046,6.0649113117,125.13166108440001,121.0821
PGEN,2025.0842,60706,2351,-0.098245,0.274799,0.000856,0.000755,0.033266,6.0649113305,125.1316611041,121.0676
PGEN,2025.0869,60707,2351,-0.097951,0.274077,0.000833,0.000741,0.032008,6.064911324,125.13166110680001,121.07179
PGEN,2025.0897,60708,2352,-0.095964,0.275155,0.000858,0.000767,0.016318,6.0649113337,125.1316611247,121.07441
PGEN,2025.0924,60709,2352,-0.097293,0.273413,0.000955,0.000806,-0.019917,6.064911318,125.13166111269999,121.07362
PGEN,2025.0951,60710,2352,-0.100337,0.272116,0.001049,0.000869,-0.046958,6.0649113062,125.1316610852,121.07231
PGEN,2025.0979,60711,2352,-0.09888,0.273322,0.000885,0.000784,0.039009,6.0649113171,125.1316610984,121.07349
PGEN,2025.1006,60712,2352,-0.099769,0.273253,0.001001,0.00086,0.035459,6.0649113165,125.1316610904,121.06766
PGEN,2025.1034,60713,2352,-0.099369,0.274028,0.000936,0.000816,0.029465,6.0649113235,125.13166109400001,121.073
PGEN,2025.1088,60715,2353,-0.099209,0.27466,0.000879,0.000795,0.005427,6.0649113292,125.1316610954,121.06726
PGEN,2025.1116,60716,2353,-0.100406,0.274572,0.000826,0.000736,0.039321,6.0649113284,125.13166108460001,121.07084
PGEN,2025.1143,60717,2353,-0.101269,0.273291,0.000834,0.000733,-0.007656,6.0649113169,125.13166107679999,121.07098
PGEN,2025.117,60718,2353,-0.099001,0.273305,0.000863,0.00075,0.006516,6.064911317,125.1316610973,121.07148
PGEN,2025.1198,60719,2353,-0.098736,0.272697,0.000825,0.000725,0.012984,6.0649113115,125.13166109970001,121.0777
PGEN,2025.1253,60721,2353,-0.101346,0.272934,0.000907,0.000778,-0.0108,6.0649113136,125.13166107609999,121.07948
PGEN,2025.128,60722,2354,-0.100524,0.272359,0.000866,0.000759,0.011173,6.0649113084,125.1316610835,121.07383
PGEN,2025.1307,60723,2354,-0.100519,0.274837,0.000927,0.000826,-0.011527,6.0649113308,125.1316610836,121.0762
PGEN,2025.1335,60724,2354,-0.100436,0.274489,0.000897,0.000797,-0.045753,6.0649113277,125.13166108429999,121.06575
PGEN,2025.1362,60725,2354,-0.100445,0.272856,0.000822,0.000736,0.011099,6.0649113129,125.13166108429999,121.06634
PGEN,2025.1417,60727,2354,-0.101249,0.271804,0.001022,0.000883,-0.034695,6.0649113034,125.13166107699999,121.06757
PGEN,2025.1444,60728,2354,-0.103673,0.273148,0.000932,0.000836,-0.002765,6.0649113156,125.13166105510001,121.07438
PGEN,2025.1472,60729,2355,-0.103216,0.275295,0.001025,0.00086,-0.00029,6.064911335,125.13166105920001,121.07891
PGEN,2025.1499,60730,2355,-0.101215,0.273695,0.000891,0.000803,0.034412,6.0649113205,125.13166107730001,121.07538
PGEN,2025.1526,60731,2355,-0.103442,0.269747,0.000946,0.000789,-0.00848,6.0649112848,125.1316610572,121.07458
PGEN,2025.1554,60732,2355,-0.101645,0.271197,0.000908,0.00078,-0.021613,6.0649112979,125.13166107340001,121.08392
PGEN,2025.1581,60733,2355,-0.100593,0.271679,0.00093,0.000811,0.035866,6.0649113023,125.1316610829,121.084
PGEN,2025.1636,60735,2355,-0.101654,0.273422,0.000839,0.00075,-0.00827,6.064911318,125.1316610733,121.076
PGEN,2025.1663,60736,2356,-0.102797,0.27125,0.000925,0.0008,-0.029675,6.0649112984,125.131661063,121.0839
PGEN,2025.1691,60737,2356,-0.100873,0.272468,0.000887,0.000772,-0.027141,6.0649113094,125.1316610804,121.07914
PGEN,2025.1718,60738,2356,-0.102195,0.272945,0.000983,0.000829,-0.048443,6.0649113137,125.1316610684,121.07478
PGEN,2025.1745,60739,2356,-0.100403,0.272021,0.000967,0.000838,-0.049026,6.0649113054,125.13166108460001,121.06857
PGEN,2025.1773,60740,2356,-0.102237,0.270253,0.001025,0.000914,-0.036006,6.0649112894,125.13166106809999,121.06983
PGEN,2025.18,60741,2356,-0.103527,0.271639,0.000974,0.000869,0.033239,6.0649113019,125.13166105639999,121.07941
PGEN,2025.1828,60742,2356,-0.101975,0.269144,0.001019,0.000897,-0.048458,6.0649112794,125.13166107040001,121.07882
PGEN,2025.1855,60743,2357,-0.102684,0.271783,0.000971,0.000872,0.041691,6.0649113032,125.13166106400001,121.06747
PGEN,2025.1882,60744,2357,-0.104041,0.272629,0.001052,0.000927,-0.001073,6.0649113109,125.1316610518,121.08066
PGEN,2025.191,60745,2357,-0.103177,0.268283,0.000957,0.000839,0.03342,6.0649112716,125.13166105959999,121.07843
PGEN,2025.1937,60746,2357,-0.102016,0.272601,0.000946,0.000832,0.023557,6.0649113106,125.1316610701,121.07771
PGEN,2025.1964,60747,2357,-0.105992,0.271769,0.000996,0.000883,-0.00634,6.0649113031,125.1316610341,121.07574
PGEN,2025.1992,60748,2357,-0.106194,0.271464,0.000933,0.000798,-0.040556,6.0649113003,125.1316610323,121.07575
PGEN,2025.2047,60750,2358,-0.103805,0.271803,0.001077,0.000926,-0.035355,6.0649113034,125.13166105389999,121.08457
PGEN,2025.2074,60751,2358,-0.103588,0.272633,0.000894,0.000786,0.002165,6.0649113109,125.1316610559,121.07803
PGEN,2025.2101,60752,2358,-0.104387,0.270085,0.000878,0.000757,-0.013491,6.0649112879,125.1316610486,121.07474
PGEN,2025.2129,60753,2358,-0.104395,0.272229,0.000921,0.000798,-0.009626,6.0649113073,125.1316610486,121.07567
PGEN,2025.2156,60754,2358,-0.105864,0.271538,0.00106,0.000925,-0.012904,6.064911301,125.1316610353,121.06883
PGEN,2025.2183,60755,2358,-0.103592,0.272091,0.000941,0.000824,-0.02708,6.064911306,125.13166105580001,121.07475
PGEN,2025.2211,60756,2358,-0.10201,0.271757,0.000839,0.000737,-0.017563,6.064911303,125.1316610701,121.07157
PGEN,2025.2238,60757,2359,-0.102495,0.269706,0.000815,0.000726,-0.007112,6.0649112844,125.1316610657,121.07362
PGEN,2025.2266,60758,2359,-0.102661,0.271195,0.000836,0.000749,-0.021749,6.0649112979,125.13166106419999,121.07602
PGEN,2025.2293,60759,2359,-0.10448,0.275051,0.000957,0.000778,-0.04908,6.0649113328,125.13166104780001,121.07655
PGEN,2025.232,60760,2359,-0.102042,0.272183,0.000935,0.000804,-0.01249,6.0649113068,125.1316610698,121.07648
PGEN,2025.2348,60761,2359,-0.101787,0.272786,0.000906,0.000794,-0.007081,6.0649113123,125.1316610721,121.06642
PGEN,2025.2375,60762,2359,-0.100926,0.273586,0.000894,0.000758,0.020575,6.0649113195,125.1316610799,121.07785
PGEN,2025.2402,60763,2359,-0.102269,0.271714,0.000968,0.000851,-0.050605,6.0649113026,125.1316610678,121.07915
PGEN,2025.243,60764,2360,-0.103424,0.270916,0.001003,0.000836,-0.036129,6.0649112954,125.1316610573,121.07889
PGEN,2025.2457,60765,2360,-0.102824,0.27374,0.000924,0.000838,-0.001212,6.0649113209,125.13166106279999,121.07748
PGEN,2025.2485,60766,2360,-0.10456,0.272361,0.000958,0.000819,-0.040108,6.0649113085,125.13166104710001,121.06807
PGEN,2025.2539,60768,2360,-0.104736,0.271804,0.000853,0.000758,-0.001377,6.0649113034,125.13166104550001,121.06912
PGEN,2025.2649,60772,2361,-0.102028,0.271746,0.000848,0.000733,-0.022893,6.0649113029,125.13166107,121.07124
PGEN,2025.2676,60773,2361,-0.103551,0.273857,0.00097,0.000861,-0.003628,6.064911322,125.13166105619999,121.07164
PGEN,2025.2704,60774,2361,-0.101784,0.271959,0.000857,0.00074,0.002729,6.0649113048,125.13166107219999,121.07168
PGEN,2025.2731,60775,2361,-0.100673,0.271548,0.000833,0.00073,0.000657,6.0649113011,125.1316610822,121.07599
PGEN,2025.2758,60776,2361,-0.103952,0.271067,0.00094,0.000806,-0.022323,6.0649112968,125.13166105260001,121.0847
PGEN,2025.2813,60778,2362,-0.104596,0.271783,0.000911,0.000805,-0.022124,6.0649113032,125.13166104679999,121.07383
PGEN,2025.2841,60779,2362,-0.102902,0.274676,0.000858,0.000747,0.007509,6.0649113294,125.1316610621,121.07577
PGEN,2025.2868,60780,2362,-0.101473,0.270638,0.00093,0.000816,-0.031634,6.0649112929,125.13166107500001,121.06917
PGEN,2025.2895,60781,2362,-0.102655,0.274659,0.000933,0.000797,0.009414,6.0649113292,125.1316610643,121.07418
PGEN,2025.2923,60782,2362,-0.104274,0.272293,0.001041,0.000884,-0.03811,6.0649113078,125.1316610497,121.06839
PGEN,2025.295,60783,2362,-0.100993,0.270858,0.000903,0.000783,-0.045133,6.0649112949,125.13166107929999,121.068
PGEN,2025.2977,60784,2362,-0.10659,0.272022,0.000917,0.000799,-0.020858,6.0649113054,125.1316610287,121.0819
PGEN,2025.3005,60785,2363,-0.106845,0.272754,0.000815,0.000718,0.023528,6.064911312,125.1316610264,121.07307
PGEN,2025.306,60787,2363,-0.104994,0.27258,0.000901,0.000796,-0.006463,6.0649113104,125.13166104320001,121.07989
PGEN,2025.3087,60788,2363,-0.103601,0.269844,0.000923,0.000768,0.021877,6.0649112857,125.1316610557,121.07279
PGEN,2025.3114,60789,2363,-0.104558,0.272803,0.000885,0.000759,-0.024285,6.0649113124,125.13166104710001,121.08348
PGEN,2025.3142,60790,2363,-0.104335,0.271287,0.000917,0.000835,-0.05342,6.0649112987,125.13166104909999,121.07644
PGEN,2025.3169,60791,2363,-0.105037,0.269773,0.000963,0.000857,0.025103,6.0649112851,125.1316610428,121.08337
PGEN,2025.3196,60792,2364,-0.105673,0.27292,0.000938,0.000826,-0.022389,6.0649113135,125.13166103699999,121.08071
PGEN,2025.3224,60793,2364,-0.105438,0.273214,0.00099,0.000919,0.014337,6.0649113162,125.13166103910001,121.08144
PGEN,2025.3251,60794,2364,-0.105587,0.273553,0.000891,0.000805,-0.006866,6.0649113192,125.1316610378,121.08178
PGEN,2025.3279,60795,2364,-0.104558,0.272322,0.000894,0.000794,-0.020653,6.0649113081,125.13166104710001,121.08242
PGEN,2025.3306,60796,2364,-0.107081,0.272574,0.000942,0.000834,-0.029013,6.0649113104,125.1316610243,121.07977
PGEN,2025.3333,60797,2364,-0.104228,0.270628,0.000918,0.000772,0.004717,6.0649112928,125.1316610501,121.07785
PGEN,2025.3361,60798,2364,-0.104407,0.272292,0.000885,0.000791,-0.023199,6.0649113078,125.1316610485,121.07902
PGEN,2025.3388,60799,2365,-0.106077,0.270778,0.000836,0.000727,0.005416,6.0649112941,125.13166103340001,121.06981
PGEN,2025.3415,60800,2365,-0.104277,0.274114,0.000861,0.000742,0.007341,6.0649113243,125.13166104960001,121.07736
PGEN,2025.3443,60801,2365,-0.107644,0.272174,0.000829,0.000719,-0.016441,6.0649113068,125.13166101920001,121.0731
PGEN,2025.347,60802,2365,-0.106636,0.273213,0.000842,0.000731,-0.010691,6.0649113162,125.13166102829999,121.07442
PGEN,2025.3498,60803,2365,-0.106025,0.272063,0.000932,0.000833,-0.062001,6.0649113058,125.13166103379999,121.08061
PGEN,2025.358,60806,2366,-0.107495,0.27108,0.000863,0.000757,0.00176,6.0649112969,125.1316610206,121.07196
PGEN,2025.3607,60807,2366,-0.109096,0.272484,0.000828,0.000752,-0.00756,6.0649113096,125.13166100609999,121.07373
PGEN,2025.9165,61010,2395,-0.097675,0.266556,0.000834,0.000778,-0.000408,6.064911256,125.13166110930001,121.06602
PGEN,2025.922,61012,2395,-0.096953,0.267565,0.000854,0.00079,-0.042358,6.0649112651,125.1316611158,121.0643
PGEN,2025.9329,61016,2396,-0.100742,0.26774,0.000804,0.000761,0.013433,6.0649112667,125.13166108159999,121.06933
PGEN,2025.9357,61017,2396,-0.100628,0.268085,0.000838,0.000792,0.001815,6.0649112698,125.1316610826,121.06181
PGEN,2025.9384,61018,2396,-0.100366,0.269156,0.000823,0.000784,0.009487,6.0649112795,125.13166108499999,121.07501
PGEN,2025.9603,61026,2397,-0.101604,0.266807,0.000892,0.000804,-0.013435,6.0649112582,125.13166107379999,121.06803
PGEN,2025.9713,61030,2398,-0.10063,0.268109,0.000851,0.000747,-0.001735,6.06491127,125.1316610826,121.06294
PGEN,2025.974,61031,2398,-0.102177,0.267119,0.000847,0.000764,-0.030129,6.0649112611,125.13166106860001,121.06369
PGEN,2025.9795,61033,2398,-0.099728,0.266528,0.000829,0.000789,-0.029119,6.0649112557,125.13166109069999,121.06519
PGEN,2025.9959,61039,2399,-0.102169,0.267694,0.000846,0.000773,0.006093,6.0649112662,125.1316610687,121.07781
PGEN,2026.0014,61041,2399,-0.101724,0.268236,0.000858,0.000784,-0.023079,6.0649112712,125.13166107270001,121.07732
PGEN,2026.0123,61045,2400,-0.101105,0.26732,0.000778,0.000745,-0.026686,6.0649112629,125.1316610783,121.07233
PGEN,2026.0151,61046,2400,-0.102849,0.266504,0.000821,0.000768,0.000963,6.0649112555,125.1316610625,121.07219
PGEN,2026.0233,61049,2400,-0.100902,0.267347,0.000878,0.000807,-0.028418,6.0649112631,125.1316610801,121.07099
PGEN,2026.026,61050,2400,-0.100675,0.269795,0.000867,0.000785,-0.012068,6.0649112853,125.1316610822,121.0673
PGEN,2026.0287,61051,2401,-0.102869,0.270354,0.000875,0.000802,-0.042802,6.0649112903,125.13166106240001,121.07071
PGEN,2026.0315,61052,2401,-0.101647,0.269826,0.000877,0.000787,0.018907,6.0649112855,125.13166107340001,121.07119
PGEN,2026.0342,61053,2401,-0.101467,0.269856,0.000856,0.000761,0.010375,6.0649112858,125.13166107500001,121.06738
PGEN,2026.037,61054,2401,-0.102454,0.268258,0.00081,0.000751,0.005108,6.0649112714,125.13166106610001,121.06801
PGEN,2026.0397,61055,2401,-0.102448,0.2676,0.000833,0.000759,-0.024015,6.0649112654,125.1316610662,121.07321
PGEN,2026.0424,61056,2401,-0.101667,0.268879,0.000896,0.00078,-0.026241,6.064911277,125.13166107320001,121.07439
PGEN,2026.0452,61057,2401,-0.101807,0.268488,0.000815,0.000775,-0.04848,6.0649112734,125.1316610719,121.07751
PGEN,2026.0479,61058,2402,-0.101794,0.271944,0.000874,0.000786,-0.007138,6.0649113047,125.1316610721,121.08247
PGEN,2026.0507,61059,2402,-0.099678,0.269194,0.000921,0.000813,-0.007533,6.0649112798,125.13166109119999,121.07351
PGEN,2026.0534,61060,2402,-0.101762,0.269398,0.000983,0.000881,-0.012383,6.0649112817,125.1316610724,121.0775
PGEN,2026.0589,61062,2402,-0.103667,0.268732,0.000878,0.000786,-0.077258,6.0649112756,125.13166105510001,121.07285
PGEN,2026.0616,61063,2402,-0.101619,0.270765,0.000859,0.000765,-0.021348,6.064911294,125.13166107359999,121.06838
PGEN,2026.0643,61064,2402,-0.101091,0.270744,0.000853,0.000772,-0.05082,6.0649112938,125.13166107839999,121.0763
PGEN,2026.0671,61065,2403,-0.103879,0.268232,0.000832,0.00076,-0.026795,6.0649112711,125.13166105319999,121.07781
PGEN,2026.0698,61066,2403,-0.102102,0.267054,0.000867,0.000764,-0.043745,6.0649112605,125.13166106930001,121.07918
PGEN,2026.0726,61067,2403,-0.103076,0.267806,0.000899,0.000809,0.01685,6.0649112673,125.1316610605,121.0756
PGEN,2026.078,61069,2403,-0.103761,0.268096,0.000918,0.000822,-0.085727,6.0649112699,125.1316610543,121.07275
PGEN,2026.0808,61070,2403,-0.100714,0.269925,0.000851,0.000746,-0.025237,6.0649112864,125.13166108179999,121.06554
PGEN,2026.0835,61071,2403,-0.103001,0.268743,0.00096,0.000823,-0.025821,6.0649112757,125.13166106119999,121.06671
PGEN,2026.0862,61072,2404,-0.103363,0.267058,0.000856,0.000766,-0.0031,6.0649112605,125.1316610579,121.06526
PGEN,2026.089,61073,2404,-0.10147,0.267152,0.000894,0.000791,-0.046138,6.0649112613,125.13166107500001,121.0747
PGEN,2026.0917,61074,2404,-0.100022,0.267015,0.000881,0.000785,-0.024101,6.0649112601,125.1316610881,121.07402
PGEN,2026.0945,61075,2404,-0.101673,0.269338,0.00098,0.000874,-0.030687,6.0649112811,125.13166107320001,121.07343
PGEN,2026.0972,61076,2404,-0.101456,0.267921,0.000902,0.000795,-0.015829,6.0649112683,125.1316610751,121.07828
PGEN,2026.0999,61077,2404,-0.104963,0.26669,0.000925,0.000793,-0.049933,6.0649112572,125.13166104339999,121.08102
PGEN,2026.1027,61078,2404,-0.10288,0.268079,0.000897,0.000788,-0.042915,6.0649112697,125.1316610623,121.06801
PGEN,2026.1054,61079,2405,-0.103487,0.267374,0.000885,0.000786,-0.049171,6.0649112634,125.1316610568,121.07336
PGEN,2026.1081,61080,2405,-0.104266,0.266003,0.000908,0.000801,-0.026591,6.064911251,125.1316610497,121.06622
PGEN,2026.1109,61081,2405,-0.103926,0.269811,0.000871,0.000793,-0.035654,6.0649112854,125.13166105280001,121.07131
PGEN,2026.1136,61082,2405,-0.104893,0.267484,0.000913,0.000806,-0.037162,6.0649112644,125.13166104410001,121.07547
PGEN,2026.1164,61083,2405,-0.102656,0.26564,0.000964,0.000845,-0.054596,6.0649112477,125.1316610643,121.07354
PGEN,2026.1191,61084,2405,-0.102793,0.265392,0.0009,0.00079,-0.011167,6.0649112454,125.131661063,121.0706
PGEN,2026.1218,61085,2405,-0.102544,0.265328,0.000895,0.000834,-0.010466,6.0649112449,125.1316610653,121.08181
PGEN,2026.1246,61086,2406,-0.103516,0.2654,0.000879,0.000793,-0.040541,6.0649112455,125.13166105650001,121.07534
PSUR,2011.6934,55815,1653,-0.388901,0.387539,0.000854,0.000725,-0.073669,9.7918085733,125.49369794219999,80.30216
PSUR,2011.6961,55816,1653,-0.38526,0.388634,0.000861,0.000767,-0.07945,9.7918085832,125.49369797540001,80.30378
PSUR,2011.6988,55817,1653,-0.387775,0.38887,0.000852,0.000741,-0.097085,9.7918085854,125.4936979524,80.31117
PSUR,2011.7016,55818,1653,-0.388122,0.388961,0.000828,0.000719,-0.114751,9.7918085862,125.49369794930001,80.30968
PSUR,2011.7043,55819,1653,-0.38772,0.387298,0.000887,0.000768,-0.075501,9.7918085711,125.49369795289999,80.30182
PSUR,2011.707,55820,1653,-0.388359,0.38751,0.000936,0.000765,-0.127367,9.7918085731,125.4936979471,80.29686
PSUR,2011.7098,55821,1653,-0.388741,0.389889,0.000887,0.000731,-0.134193,9.7918085946,125.49369794360001,80.30149
PSUR,2012.6899,56179,1705,-0.389945,0.413582,0.000881,0.000748,-0.080147,9.7918088088,125.49369793260001,80.29369
PSUR,2012.6927,56180,1705,-0.391372,0.415711,0.001012,0.000875,-0.136643,9.791808828,125.49369791960001,80.30513
PSUR,2012.6954,56181,1705,-0.389135,0.416088,0.00094,0.000799,-0.092011,9.7918088314,125.49369794,80.29311
PSUR,2012.7009,56183,1705,-0.392115,0.415393,0.000953,0.000835,-0.070262,9.7918088252,125.49369791289999,80.28448
PSUR,2012.7036,56184,1705,-0.390312,0.41672,0.00099,0.000811,-0.0593,9.7918088371,125.4936979293,80.28856
PSUR,2014.2615,56753,1787,-0.417676,0.456385,0.001166,0.000943,-0.078733,9.7918091958,125.49369767990001,80.32179
PSUR,2014.2642,56754,1787,-0.420652,0.45645,0.000855,0.000771,-0.096832,9.7918091964,125.4936976527,80.29389
PSUR,2014.2669,56755,1787,-0.4201,0.451366,0.001169,0.000996,-0.008192,9.7918091504,125.4936976578,80.29196
PSUR,2014.3053,56769,1789,-0.420159,0.454382,0.000802,0.00071,-0.073628,9.7918091777,125.49369765719999,80.3055
PSUR,2014.308,56770,1789,-0.419782,0.453891,0.000818,0.000701,-0.057294,9.7918091732,125.49369766070001,80.29696
PSUR,2014.3107,56771,1789,-0.418792,0.453347,0.000817,0.000709,-0.063238,9.7918091683,125.4936976697,80.29617
PSUR,2014.3135,56772,1789,-0.418274,0.454884,0.000824,0.000742,-0.059454,9.7918091822,125.49369767440001,80.28866
PSUR,2014.3162,56773,1789,-0.418418,0.458263,0.000807,0.000696,-0.079774,9.7918092127,125.4936976731,80.29518
PSUR,2014.319,56774,1790,-0.421011,0.456266,0.000866,0.000771,-0.057074,9.7918091947,125.4936976495,80.29383
PSUR,2014.3217,56775,1790,-0.418839,0.457411,0.000856,0.000742,-0.07276,9.791809205,125.49369766929999,80.29831
PSUR,2014.3244,56776,1790,-0.418158,0.456714,0.000819,0.000765,-0.068209,9.7918091987,125.49369767549999,80.29444
PSUR,2014.3272,56777,1790,-0.419464,0.457006,0.000855,0.000772,-0.074926,9.7918092014,125.49369766359999,80.29603
PSUR,2014.3299,56778,1790,-0.418509,0.456982,0.000821,0.000709,-0.027199,9.7918092012,125.49369767229999,80.2975
PSUR,2014.3326,56779,1790,-0.420885,0.455966,0.000804,0.000709,-0.07417,9.791809192,125.49369765060001,80.29327
PSUR,2014.3354,56780,1790,-0.417485,0.456612,0.000839,0.000725,-0.072244,9.7918091978,125.4936976816,80.29756
PSUR,2014.3381,56781,1791,-0.420207,0.457488,0.000844,0.000735,-0.059938,9.7918092057,125.49369765680001,80.30037
PSUR,2014.3409,56782,1791,-0.418701,0.456896,0.00084,0.000743,-0.096941,9.7918092004,125.49369767050001,80.30544
PSUR,2014.3436,56783,1791,-0.419915,0.455418,0.000894,0.000776,-0.12213,9.791809187,125.49369765949999,80.2995
PSUR,2014.3463,56784,1791,-0.420543,0.457811,0.000937,0.000776,-0.028415,9.7918092087,125.4936976537,80.29407
PSUR,2014.3491,56785,1791,-0.422159,0.461104,0.000836,0.000756,-0.112879,9.7918092384,125.493697639,80.29051
PSUR,2014.3518,56786,1791,-0.420391,0.459615,0.00091,0.000788,-0.060136,9.791809225,125.4936976551,80.30621
PSUR,2014.3546,56787,1791,-0.4199,0.458788,0.00081,0.000728,-0.073445,9.7918092175,125.4936976596,80.2976
PSUR,2014.3573,56788,1792,-0.420969,0.458707,0.000866,0.000765,-0.096725,9.7918092168,125.49369764990001,80.30381
PSUR,2014.36,56789,1792,-0.418834,0.461666,0.000817,0.000736,-0.063199,9.7918092435,125.49369766929999,80.29426
PSUR,2014.3628,56790,1792,-0.419855,0.457622,0.000845,0.000748,-0.071036,9.7918092069,125.49369766000001,80.29661
PSUR,2014.3655,56791,1792,-0.418078,0.459659,0.000833,0.00072,-0.067544,9.7918092254,125.49369767619999,80.30642
PSUR,2014.3682,56792,1792,-0.42022,0.454932,0.000917,0.000795,-0.038934,9.7918091826,125.4936976567,80.29634
PSUR,2014.371,56793,1792,-0.415215,0.456927,0.000986,0.000876,-0.092248,9.7918092007,125.49369770230001,80.29351
PSUR,2014.3792,56796,1793,-0.41934,0.459006,0.000912,0.000816,-0.059463,9.7918092195,125.4936976647,80.30485
PSUR,2014.3819,56797,1793,-0.421498,0.46226,0.000989,0.000831,-0.06834,9.7918092489,125.493697645,80.30458
PSUR,2014.3847,56798,1793,-0.421459,0.457763,0.001037,0.000868,0.029428,9.7918092082,125.4936976454,80.2958
PSUR,2014.3874,56799,1793,-0.41978,0.45923,0.000802,0.000717,-0.054156,9.7918092215,125.49369766070001,80.30258
PSUR,2014.3901,56800,1793,-0.422741,0.459983,0.001003,0.000804,-0.055835,9.7918092283,125.49369763370001,80.28948
PSUR,2014.3929,56801,1793,-0.422343,0.459983,0.001047,0.000902,-0.036903,9.7918092283,125.49369763729999,80.29833
PSUR,2014.3956,56802,1794,-0.419116,0.458715,0.000909,0.000768,-0.064794,9.7918092168,125.4936976667,80.29544
PSUR,2014.3984,56803,1794,-0.419871,0.458408,0.000831,0.000724,-0.079018,9.7918092141,125.4936976599,80.28711
PSUR,2014.4011,56804,1794,-0.420535,0.456895,0.000808,0.000706,-0.093365,9.7918092004,125.49369765380001,80.29679
PSUR,2014.4038,56805,1794,-0.420142,0.459898,0.000865,0.000749,-0.116702,9.7918092275,125.49369765739999,80.29036
PSUR,2014.4066,56806,1794,-0.419727,0.457682,0.000866,0.000736,-0.054308,9.7918092075,125.4936976612,80.28906
PSUR,2014.4093,56807,1794,-0.422735,0.460276,0.000813,0.000719,-0.112082,9.7918092309,125.4936976338,80.29609
PSUR,2014.412,56808,1794,-0.422023,0.46211,0.000829,0.000725,-0.059572,9.7918092475,125.4936976402,80.2947
PSUR,2014.4148,56809,1795,-0.421337,0.460415,0.000795,0.000717,-0.060619,9.7918092322,125.49369764650001,80.29959
PSUR,2014.4175,56810,1795,-0.423407,0.4586,0.000772,0.000693,-0.059853,9.7918092158,125.4936976276,80.29264
PSUR,2014.4203,56811,1795,-0.422244,0.458113,0.000899,0.000767,-0.104843,9.7918092114,125.49369763819999,80.28715
PSUR,2014.423,56812,1795,-0.423603,0.459887,0.0008,0.000702,-0.06142,9.7918092274,125.4936976258,80.29537
PSUR,2014.4257,56813,1795,-0.420621,0.46192,0.000801,0.000712,-0.058012,9.7918092458,125.493697653,80.2943
PSUR,2014.4285,56814,1795,-0.41876,0.463927,0.000829,0.000731,-0.047873,9.7918092639,125.49369766999999,80.29429
PSUR,2014.4312,56815,1795,-0.420923,0.462125,0.000821,0.000744,-0.086789,9.7918092477,125.49369765029999,80.28901
PSUR,2014.4339,56816,1796,-0.418401,0.460998,0.000851,0.000736,-0.054152,9.7918092375,125.4936976733,80.29089
PSUR,2014.4367,56817,1796,-0.416591,0.463968,0.000817,0.000729,-0.083807,9.7918092643,125.4936976898,80.29611
PSUR,2014.4394,56818,1796,-0.420878,0.461462,0.00081,0.000724,-0.065126,9.7918092417,125.4936976507,80.30383
PSUR,2014.4422,56819,1796,-0.42171,0.461797,0.000843,0.000745,-0.054648,9.7918092447,125.4936976431,80.29579
PSUR,2014.4449,56820,1796,-0.418924,0.461238,0.000841,0.000737,-0.088308,9.7918092396,125.4936976685,80.30191
PSUR,2014.4476,56821,1796,-0.421028,0.460272,0.000898,0.000783,-0.069963,9.7918092309,125.4936976493,80.30648
PSUR,2014.4504,56822,1796,-0.421018,0.462167,0.000823,0.000707,-0.057338,9.791809248,125.49369764939999,80.29776
PSUR,2014.4531,56823,1797,-0.421904,0.460149,0.000839,0.000746,-0.078105,9.7918092298,125.4936976413,80.28947
PSUR,2014.4559,56824,1797,-0.422673,0.460286,0.000793,0.000688,-0.090825,9.791809231,125.49369763429999,80.29749
PSUR,2014.4586,56825,1797,-0.422686,0.460613,0.000865,0.000772,-0.107481,9.791809234,125.4936976342,80.30066
PSUR,2014.4613,56826,1797,-0.420829,0.460832,0.000857,0.000729,-0.073261,9.791809236,125.4936976511,80.29527
PSUR,2014.4641,56827,1797,-0.419374,0.460855,0.000799,0.00074,-0.099739,9.7918092362,125.4936976644,80.29874
PSUR,2014.4668,56828,1797,-0.422518,0.46114,0.000858,0.000759,-0.069579,9.7918092388,125.49369763569999,80.29786
PSUR,2014.4695,56829,1797,-0.422496,0.462096,0.000825,0.000714,-0.088051,9.7918092474,125.49369763589999,80.29526
PSUR,2014.4723,56830,1798,-0.420721,0.463227,0.000814,0.000718,-0.087749,9.7918092576,125.4936976521,80.2958
PSUR,2014.475,56831,1798,-0.420646,0.464016,0.000796,0.000707,-0.072643,9.7918092648,125.4936976528,80.29801
PSUR,2014.4778,56832,1798,-0.42132000000000003,0.461003,0.000802,0.000702,-0.058172,9.7918092375,125.49369764670001,80.29895
PSUR,2014.4805,56833,1798,-0.420806,0.46157,0.000789,0.000692,-0.10872,9.7918092426,125.49369765130001,80.29495
PSUR,2014.4832,56834,1798,-0.422913,0.461737,0.000801,0.000694,-0.065322,9.7918092442,125.49369763210001,80.29411
PSUR,2014.486,56835,1798,-0.424495,0.462696,0.000824,0.00072,-0.063005,9.7918092528,125.49369761770001,80.30257
PSUR,2014.4887,56836,1798,-0.423796,0.463795,0.000789,0.000695,-0.107547,9.7918092628,125.49369762410001,80.29313
PSUR,2014.4914,56837,1799,-0.422315,0.461791,0.000857,0.000759,-0.075297,9.7918092446,125.49369763760001,80.29889
PSUR,2014.4942,56838,1799,-0.420571,0.463867,0.000761,0.000676,-0.095687,9.7918092634,125.49369765349999,80.2981
PSUR,2014.4969,56839,1799,-0.422969,0.465513,0.000778,0.000695,-0.02881,9.7918092783,125.49369763160001,80.29547
PSUR,2014.4997,56840,1799,-0.423885,0.465321,0.00082,0.000727,-0.080776,9.7918092766,125.4936976233,80.30553
PSUR,2014.5024,56841,1799,-0.425964,0.461923,0.000801,0.000713,-0.067439,9.7918092458,125.4936976043,80.29052
PSUR,2014.5051,56842,1799,-0.426161,0.464565,0.000823,0.00072,-0.060266,9.7918092697,125.49369760249999,80.29526
PSUR,2014.5079,56843,1799,-0.425124,0.462439,0.000779,0.00069,-0.053917,9.7918092505,125.493697612,80.29435
PSUR,2014.5106,56844,1800,-0.424307,0.463243,0.00078,0.000679,-0.082349,9.7918092578,125.4936976194,80.29794
PSUR,2014.5133,56845,1800,-0.423921,0.465332,0.000786,0.000683,-0.065166,9.7918092767,125.49369762289999,80.29842
PSUR,2014.5161,56846,1800,-0.422994,0.464297,0.000824,0.000703,-0.064837,9.7918092673,125.49369763140001,80.30067
PSUR,2014.5188,56847,1800,-0.42351,0.462562,0.000764,0.000682,-0.074504,9.7918092516,125.4936976267,80.29995
PSUR,2014.5216,56848,1800,-0.424934,0.465847,0.000809,0.000726,-0.074445,9.7918092813,125.4936976137,80.30616
PSUR,2014.5243,56849,1800,-0.42499,0.464193,0.000774,0.000691,-0.048743,9.7918092664,125.4936976132,80.29014
PSUR,2014.527,56850,1800,-0.4237,0.46398,0.000776,0.000687,-0.066574,9.7918092644,125.49369762500001,80.28943
PSUR,2014.5298,56851,1801,-0.42362,0.46426,0.000784,0.000697,-0.069348,9.791809267,125.49369762570001,80.29139
PSUR,2014.5325,56852,1801,-0.424856,0.463999,0.000813,0.000718,-0.038261,9.7918092646,125.49369761439999,80.28237
PSUR,2014.538,56854,1801,-0.422184,0.463865,0.000806,0.000702,-0.045436,9.7918092634,125.4936976388,80.29909
PSUR,2014.5407,56855,1801,-0.424428,0.464713,0.000792,0.0007,-0.085157,9.7918092711,125.49369761829999,80.29565
PSUR,2014.5435,56856,1801,-0.424693,0.463396,0.000793,0.000705,-0.096012,9.7918092592,125.4936976159,80.29328
PSUR,2014.5462,56857,1801,-0.42333,0.462509,0.000799,0.000702,-0.095673,9.7918092511,125.4936976283,80.29316
PSUR,2014.5489,56858,1802,-0.428179,0.458586,0.000767,0.000688,-0.030861,9.7918092157,125.4936975841,80.28937
PSUR,2014.5517,56859,1802,-0.42864,0.462135,0.000806,0.000696,-0.072323,9.7918092478,125.49369757989999,80.28847
PSUR,2014.5544,56860,1802,-0.425343,0.465752,0.000854,0.000741,-0.076489,9.7918092805,125.49369761,80.29091
PSUR,2014.5572,56861,1802,-0.425502,0.465715,0.000782,0.000687,-0.068989,9.7918092801,125.49369760850001,80.29403
PSUR,2014.5599,56862,1802,-0.425493,0.464376,0.000784,0.000692,-0.052881,9.791809268,125.4936976086,80.2962
PSUR,2014.5626,56863,1802,-0.424088,0.465035,0.000768,0.00068,-0.073936,9.791809274,125.4936976214,80.29489
PSUR,2014.5654,56864,1802,-0.424784,0.46776,0.00079,0.000693,-0.075754,9.7918092986,125.49369761509999,80.2947
PSUR,2014.5681,56865,1803,-0.429153,0.463827,0.000784,0.000696,-0.060246,9.7918092631,125.49369757529999,80.28532
PSUR,2014.5708,56866,1803,-0.42716,0.464443,0.000819,0.000724,-0.032018,9.7918092686,125.49369759339999,80.29254
PSUR,2014.5736,56867,1803,-0.428157,0.46712,0.000803,0.000705,-0.078927,9.7918092928,125.49369758430001,80.29189
PSUR,2014.5763,56868,1803,-0.422819,0.465961,0.000796,0.000701,-0.050321,9.7918092823,125.49369763300001,80.29244
PSUR,2014.5791,56869,1803,-0.424952,0.46518,0.000875,0.000743,-0.088275,9.7918092753,125.4936976136,80.28934
PSUR,2014.5818,56870,1803,-0.42562,0.465573,0.000815,0.000706,-0.066975,9.7918092788,125.4936976075,80.29215
PSUR,2014.5845,56871,1803,-0.42712,0.466613,0.000922,0.000783,-0.038792,9.7918092882,125.4936975938,80.2908
PSUR,2014.5873,56872,1804,-0.42612,0.464168,0.000878,0.000774,-0.032065,9.7918092661,125.4936976029,80.29044
PSUR,2014.59,56873,1804,-0.42477,0.46732,0.000882,0.000771,-0.015734,9.7918092946,125.4936976152,80.30234
PSUR,2014.5927,56874,1804,-0.424109,0.46571,0.00088,0.000759,-0.068983,9.7918092801,125.4936976212,80.29075
PSUR,2014.5955,56875,1804,-0.422846,0.465844,0.000936,0.000804,-0.079877,9.7918092813,125.49369763269999,80.29249
PSUR,2014.5982,56876,1804,-0.421957,0.46779,0.00095,0.000811,-0.109151,9.7918092989,125.49369764080001,80.29619
PSUR,2014.601,56877,1804,-0.42365,0.468863,0.000881,0.000764,-0.054731,9.7918093086,125.49369762539999,80.29368
PSUR,2014.6037,56878,1804,-0.424042,0.468008,0.000942,0.000783,-0.134982,9.7918093009,125.49369762180001,80.29684
PSUR,2014.6064,56879,1805,-0.425071,0.467965,0.00084,0.000747,-0.041346,9.7918093005,125.4936976125,80.29224
PSUR,2014.6092,56880,1805,-0.424696,0.466919,0.000854,0.000735,-0.040531,9.791809291,125.4936976159,80.29654
PSUR,2014.6119,56881,1805,-0.425734,0.465234,0.000795,0.000704,-0.048655,9.7918092758,125.49369760639999,80.28414
PSUR,2014.6146,56882,1805,-0.424731,0.465295,0.000798,0.000688,-0.086451,9.7918092763,125.49369761560001,80.29139
PSUR,2014.6174,56883,1805,-0.424726,0.467042,0.000824,0.000696,-0.086069,9.7918092921,125.49369761560001,80.29547
PSUR,2014.6201,56884,1805,-0.425687,0.468143,0.000826,0.00072,-0.031634,9.7918093021,125.4936976068,80.29658
PSUR,2014.6229,56885,1805,-0.423466,0.467969,0.000822,0.0007,-0.05998,9.7918093005,125.4936976271,80.28779
PSUR,2014.6256,56886,1806,-0.425026,0.469072,0.000904,0.000748,-0.091976,9.7918093105,125.49369761290001,80.28582
PSUR,2014.6283,56887,1806,-0.425492,0.46954,0.000828,0.000724,-0.056089,9.7918093147,125.4936976086,80.2966
PSUR,2014.6311,56888,1806,-0.425416,0.469315,0.000841,0.000706,-0.100773,9.7918093127,125.4936976093,80.29173
PSUR,2014.6338,56889,1806,-0.424918,0.4655,0.000906,0.000747,-0.08701,9.7918092782,125.4936976139,80.28939
PSUR,2014.6366,56890,1806,-0.423997,0.466878,0.000849,0.000733,-0.059119,9.7918092906,125.4936976223,80.29927
PSUR,2014.6393,56891,1806,-0.425416,0.468702,0.000845,0.000701,-0.094953,9.7918093071,125.4936976093,80.28939
PSUR,2014.642,56892,1806,-0.425943,0.468484,0.000854,0.000714,-0.065782,9.7918093051,125.4936976045,80.28888
PSUR,2014.6448,56893,1807,-0.422939,0.468147,0.000834,0.000698,-0.098968,9.7918093021,125.4936976319,80.28496
PSUR,2014.6475,56894,1807,-0.426244,0.466839,0.000846,0.000725,-0.092357,9.7918092903,125.4936976018,80.29337
PSUR,2014.6502,56895,1807,-0.425974,0.467509,0.000861,0.000725,-0.027388,9.7918092963,125.49369760420001,80.28929
PSUR,2014.653,56896,1807,-0.424321,0.468741,0.00094,0.00079,-0.11837,9.7918093075,125.49369761930001,80.29735
PSUR,2014.6557,56897,1807,-0.42631,0.467753,0.000868,0.000737,-0.028557,9.7918092985,125.49369760120001,80.28899
PSUR,2014.6585,56898,1807,-0.425266,0.468916,0.000838,0.000726,-0.07764,9.7918093091,125.4936976107,80.28549
PSUR,2014.6612,56899,1807,-0.425662,0.467584,0.00087,0.000721,-0.056578,9.791809297,125.49369760709999,80.28705
PSUR,2014.6639,56900,1808,-0.425297,0.46604,0.000855,0.000726,-0.063019,9.7918092831,125.4936976104,80.2957
PSUR,2014.6667,56901,1808,-0.425985,0.466721,0.000821,0.000703,-0.073813,9.7918092892,125.49369760409999,80.29033
PSUR,2014.6694,56902,1808,-0.427598,0.469881,0.000875,0.000742,-0.055193,9.7918093178,125.4936975894,80.2972
PSUR,2014.6721,56903,1808,-0.427311,0.465547,0.000949,0.000799,-0.032091,9.7918092786,125.49369759199999,80.28414
PSUR,2014.6749,56904,1808,-0.428483,0.465712,0.000887,0.000759,-0.0212,9.7918092801,125.4936975814,80.28551
PSUR,2014.6776,56905,1808,-0.425332,0.467535,0.000887,0.000758,-0.034613,9.7918092966,125.49369761010001,80.28942
PSUR,2014.6804,56906,1808,-0.426267,0.468515,0.00095,0.000802,-0.07412,9.7918093054,125.49369760159999,80.29394
PSUR,2014.6831,56907,1809,-0.427819,0.468773,0.000827,0.00071,-0.035354,9.7918093078,125.49369758739999,80.28992
PSUR,2014.6858,56908,1809,-0.426116,0.468145,0.000906,0.00077,-0.069933,9.7918093021,125.4936976029,80.29301
PSUR,2014.6886,56909,1809,-0.428068,0.465971,0.000926,0.000796,-0.07041,9.7918092824,125.4936975851,80.28392
PSUR,2014.6913,56910,1809,-0.426152,0.469628,0.000904,0.000765,-0.127074,9.7918093155,125.49369760260001,80.2915
PSUR,2014.694,56911,1809,-0.425523,0.46975,0.000842,0.000709,-0.084719,9.7918093166,125.49369760830001,80.29218
PSUR,2014.6968,56912,1809,-0.428284,0.467998,0.000832,0.000712,-0.076474,9.7918093008,125.4936975832,80.29133
PSUR,2014.6995,56913,1809,-0.426331,0.467897,0.000916,0.000787,-0.063713,9.7918092998,125.49369760100001,80.28831
PSUR,2014.7023,56914,1810,-0.427436,0.468612,0.000917,0.000785,-0.121431,9.7918093063,125.49369759090001,80.29441
PSUR,2014.705,56915,1810,-0.424754,0.468456,0.000953,0.000792,-0.092443,9.7918093049,125.49369761540001,80.29323
PSUR,2014.7077,56916,1810,-0.424601,0.468849,0.000827,0.00071,-0.086175,9.7918093085,125.49369761669999,80.29399
PSUR,2014.7105,56917,1810,-0.425591,0.465322,0.000923,0.000776,-0.104874,9.7918092766,125.4936976077,80.29824
PSUR,2014.7132,56918,1810,-0.429035,0.465123,0.000936,0.000798,-0.104828,9.7918092748,125.49369757630001,80.29549
PSUR,2014.7159,56919,1810,-0.425175,0.467881,0.000832,0.00071,-0.062202,9.7918092997,125.49369761150001,80.30312
PSUR,2014.7187,56920,1810,-0.427699,0.469406,0.000882,0.000724,-0.11686,9.7918093135,125.4936975885,80.29011
PSUR,2014.7214,56921,1811,-0.427804,0.46819500000000003,0.000892,0.00075,-0.102778,9.7918093025,125.49369758750001,80.28546
PSUR,2014.7242,56922,1811,-0.424798,0.468563,0.000931,0.000764,-0.088258,9.7918093059,125.493697615,80.29314
PSUR,2014.7269,56923,1811,-0.427475,0.467559,0.00088,0.000745,-0.082992,9.7918092968,125.4936975905,80.29071
PSUR,2014.7296,56924,1811,-0.424366,0.466885,0.000815,0.000699,-0.079152,9.7918092907,125.4936976189,80.29401
PSUR,2014.7324,56925,1811,-0.428683,0.466922,0.000815,0.000694,-0.038015,9.791809291,125.49369757950001,80.29054
PSUR,2014.7351,56926,1811,-0.424911,0.466362,0.000826,0.000704,-0.078954,9.791809286,125.4936976139,80.28566
PSUR,2014.7379,56927,1811,-0.426958,0.46645,0.000838,0.000729,-0.04956,9.7918092868,125.4936975953,80.28928
PSUR,2014.7406,56928,1812,-0.426828,0.468564,0.000924,0.000786,-0.077688,9.7918093059,125.4936975965,80.29329
PSUR,2014.7433,56929,1812,-0.428243,0.46824,0.000926,0.000777,-0.075138,9.7918093029,125.49369758360001,80.28918
PSUR,2014.7461,56930,1812,-0.426734,0.465931,0.000919,0.00079,-0.085485,9.7918092821,125.49369759730001,80.29525
PSUR,2014.7488,56931,1812,-0.428059,0.466576,0.000874,0.000747,-0.071984,9.7918092879,125.49369758520001,80.27998
PSUR,2014.7515,56932,1812,-0.430957,0.467162,0.000931,0.000806,-0.11087,9.7918092932,125.4936975588,80.28293
PSUR,2014.7543,56933,1812,-0.429065,0.467279,0.000912,0.000752,-0.073249,9.7918092943,125.4936975761,80.28984
PSUR,2014.757,56934,1812,-0.431405,0.468994,0.000937,0.000784,-0.113893,9.7918093098,125.49369755469999,80.28043
PSUR,2014.7598,56935,1813,-0.429172,0.466471,0.000881,0.000731,-0.077776,9.791809287,125.49369757509999,80.2837
PSUR,2014.7625,56936,1813,-0.426411,0.468037,0.000872,0.000737,-0.077856,9.7918093011,125.49369760030001,80.29132
PSUR,2014.7652,56937,1813,-0.430689,0.469384,0.000886,0.000752,-0.080492,9.7918093133,125.4936975613,80.27925
PSUR,2014.9459,57003,1822,-0.428166,0.469405,0.00102,0.000876,-0.114074,9.7918093135,125.49369758430001,80.28451
PSUR,2014.9487,57004,1822,-0.428508,0.469731,0.000851,0.000739,-0.097144,9.7918093164,125.49369758110001,80.28381
PSUR,2014.9514,57005,1823,-0.429951,0.472371,0.000935,0.000777,-0.073604,9.7918093403,125.49369756799999,80.27901
PSUR,2014.9596,57008,1823,-0.430357,0.470698,0.000901,0.0008,-0.092291,9.7918093252,125.49369756429999,80.28054
PSUR,2014.9624,57009,1823,-0.431902,0.470977,0.00082,0.0007,-0.103791,9.7918093277,125.49369755020001,80.28846
PSUR,2014.9706,57012,1824,-0.430285,0.470053,0.001075,0.000911,-0.128614,9.7918093193,125.4936975649,80.27076
PSUR,2014.9788,57015,1824,-0.42815,0.471379,0.000994,0.000839,-0.061017,9.7918093313,125.4936975844,80.29695
PSUR,2014.9815,57016,1824,-0.427941,0.473847,0.00089,0.000738,-0.089572,9.7918093536,125.49369758629999,80.28385
PSUR,2014.9952,57021,1825,-0.428243,0.472478,0.000827,0.000715,-0.080597,9.7918093413,125.49369758360001,80.28719
PSUR,2014.9979,57022,1825,-0.430334,0.472243,0.000843,0.000722,-0.091124,9.7918093391,125.4936975645,80.28462
PSUR,2015.0007,57023,1825,-0.429631,0.473123,0.00084,0.000698,-0.075917,9.7918093471,125.4936975709,80.29021
PSUR,2015.0034,57024,1825,-0.42816,0.473349,0.000974,0.00082,-0.047588,9.7918093491,125.49369758430001,80.28239
PSUR,2015.0089,57026,1826,-0.432179,0.475614,0.001049,0.000846,-0.074388,9.7918093696,125.49369754770001,80.29203
PSUR,2015.0116,57027,1826,-0.433095,0.471927,0.001016,0.000862,-0.085626,9.7918093363,125.4936975393,80.30223
PSUR,2015.0198,57030,1826,-0.434454,0.47358,0.000942,0.000801,-0.054367,9.7918093512,125.49369752690001,80.30203
PSUR,2015.0226,57031,1826,-0.430625,0.47159,0.000922,0.000812,-0.016125,9.7918093332,125.49369756179999,80.2826
PSUR,2015.0281,57033,1827,-0.424441,0.472444,0.000924,0.000813,-0.064123,9.791809341,125.4936976182,80.28979
PSUR,2015.0308,57034,1827,-0.43015,0.472098,0.000839,0.000705,-0.118403,9.7918093378,125.49369756620001,80.29054
PSUR,2015.039,57037,1827,-0.432035,0.472661,0.00087,0.000762,-0.097423,9.7918093429,125.49369754899999,80.28815
PSUR,2015.0418,57038,1827,-0.432034,0.471834,0.000831,0.000697,-0.088204,9.7918093354,125.49369754899999,80.28515
PSUR,2015.0445,57039,1827,-0.432256,0.472431,0.000978,0.000847,-0.035305,9.7918093408,125.49369754700001,80.28849
PSUR,2015.05,57041,1828,-0.429762,0.479295,0.000974,0.000811,-0.098297,9.7918094029,125.4936975697,80.30135
PSUR,2015.0527,57042,1828,-0.432085,0.473117,0.000787,0.000694,-0.068824,9.791809347,125.4936975485,80.28843
PSUR,2015.0554,57043,1828,-0.431872,0.473852,0.000792,0.000703,-0.080632,9.7918093537,125.4936975505,80.28099
PSUR,2015.0582,57044,1828,-0.433578,0.473937,0.00088,0.00076,-0.067326,9.7918093544,125.49369753490001,80.2733
PSUR,2015.0664,57047,1829,-0.432558,0.472512,0.00087,0.000751,-0.016409,9.7918093416,125.49369754419999,80.28958
PSUR,2015.0691,57048,1829,-0.432506,0.471417,0.000833,0.000716,-0.068348,9.7918093317,125.49369754470001,80.28659
PSUR,2015.0719,57049,1829,-0.431647,0.47326,0.000809,0.000691,-0.095324,9.7918093483,125.49369755250001,80.27519
PSUR,2015.0746,57050,1829,-0.433585,0.47184,0.000886,0.000753,-0.125364,9.7918093355,125.49369753490001,80.28573
PSUR,2015.0801,57052,1829,-0.434457,0.469836,0.000953,0.000818,-0.045201,9.7918093174,125.49369752690001,80.29331
PSUR,2015.0828,57053,1829,-0.432234,0.47269,0.000812,0.000712,-0.069541,9.7918093432,125.49369754719999,80.2889
PSUR,2015.0856,57054,1830,-0.433373,0.474281,0.000908,0.000774,-0.062657,9.7918093576,125.4936975368,80.27786
PSUR,2015.0883,57055,1830,-0.432824,0.476577,0.001566,0.0014,0.076803,9.7918093783,125.4936975418,80.28918
PSUR,2015.0938,57057,1830,-0.431449,0.472008,0.000876,0.000741,-0.077384,9.791809337,125.49369755430001,80.28369
PSUR,2015.0965,57058,1830,-0.431085,0.472372,0.000807,0.000689,-0.089265,9.7918093403,125.4936975576,80.28146
PSUR,2015.0992,57059,1830,-0.432451,0.473652,0.000827,0.000704,-0.082928,9.7918093519,125.4936975452,80.28745
PSUR,2015.102,57060,1830,-0.432864,0.473847,0.000802,0.000694,-0.071527,9.7918093536,125.4936975414,80.2779
PSUR,2015.1047,57061,1831,-0.431974,0.47079,0.000789,0.000695,-0.056361,9.791809326,125.49369754950001,80.27811
PSUR,2015.1075,57062,1831,-0.430903,0.472415,0.000831,0.000704,-0.121863,9.7918093407,125.49369755929999,80.28439
PSUR,2015.1102,57063,1831,-0.431774,0.473603,0.000978,0.000792,-0.086661,9.7918093514,125.4936975514,80.28979
PSUR,2015.1129,57064,1831,-0.430692,0.470741,0.000871,0.000753,-0.08272,9.7918093256,125.49369756120001,80.27847
PSUR,2015.1157,57065,1831,-0.431931,0.473515,0.001814,0.001748,0.019584,9.7918093506,125.49369754989999,80.28347
PSUR,2015.1266,57069,1832,-0.432652,0.472904,0.001031,0.000885,-0.074347,9.7918093451,125.4936975434,80.28762
PSUR,2015.1294,57070,1832,-0.431561,0.473033,0.000814,0.000712,-0.051323,9.7918093463,125.4936975533,80.29247
PSUR,2015.1321,57071,1832,-0.432793,0.474856,0.000902,0.000774,-0.083906,9.7918093628,125.4936975421,80.28094
PSUR,2015.1348,57072,1832,-0.434086,0.475952,0.000969,0.000825,-0.097305,9.7918093727,125.49369753030001,80.29332
PSUR,2015.1376,57073,1832,-0.431719,0.471782,0.000863,0.000743,-0.059237,9.791809335,125.4936975519,80.29239
PSUR,2015.1403,57074,1832,-0.43022,0.473526,0.000799,0.000691,-0.078121,9.7918093507,125.49369756550001,80.29085
PSUR,2015.1431,57075,1833,-0.430876,0.476189,0.000823,0.000702,-0.068636,9.7918093748,125.49369755949999,80.29277
PSUR,2015.1458,57076,1833,-0.433161,0.473339,0.000806,0.0007,-0.067239,9.791809349,125.49369753869999,80.28563
PSUR,2015.1485,57077,1833,-0.432848,0.473501,0.00082,0.000701,-0.096141,9.7918093505,125.4936975416,80.28482
PSUR,2015.1513,57078,1833,-0.433338,0.473743,0.000825,0.000714,-0.0812,9.7918093527,125.49369753709999,80.29344
PSUR,2015.154,57079,1833,-0.433761,0.473516,0.000858,0.000723,-0.050969,9.7918093506,125.49369753330001,80.29084
PSUR,2015.1567,57080,1833,-0.432276,0.475339,0.000923,0.000798,-0.045781,9.7918093671,125.4936975468,80.30175
PSUR,2015.1595,57081,1833,-0.434616,0.474965,0.000897,0.000769,-0.023996,9.7918093637,125.49369752550001,80.28752
PSUR,2015.1622,57082,1834,-0.432556,0.473914,0.000823,0.000702,-0.035102,9.7918093542,125.49369754419999,80.29028
PSUR,2015.165,57083,1834,-0.433242,0.472903,0.000894,0.000759,-0.079892,9.7918093451,125.49369753799999,80.29506
PSUR,2015.1677,57084,1834,-0.434348,0.474118,0.000903,0.000755,-0.041871,9.7918093561,125.4936975279,80.2973
PSUR,2015.1704,57085,1834,-0.432452,0.473197,0.000892,0.00076,-0.092106,9.7918093478,125.4936975452,80.28427
PSUR,2015.1732,57086,1834,-0.435706,0.473977,0.000909,0.000768,-0.036588,9.7918093548,125.4936975155,80.29646
PSUR,2015.1759,57087,1834,-0.433557,0.472654,0.000913,0.000799,-0.081631,9.7918093428,125.49369753510001,80.29338
PSUR,2015.1786,57088,1834,-0.43287,0.47584,0.000832,0.00073,-0.04974,9.7918093717,125.4936975414,80.29533
PSUR,2015.1814,57089,1835,-0.435581,0.471449,0.000839,0.000731,-0.048857,9.791809332,125.4936975167,80.2842
PSUR,2015.1841,57090,1835,-0.433236,0.474078,0.000824,0.000708,-0.08328,9.7918093557,125.49369753799999,80.29229
PSUR,2015.1869,57091,1835,-0.433938,0.474627,0.00085,0.000746,-0.047245,9.7918093607,125.49369753159999,80.29791
PSUR,2015.1896,57092,1835,-0.432796,0.470028,0.000954,0.000825,-0.061962,9.7918093191,125.493697542,80.29605
PSUR,2015.1923,57093,1835,-0.432099,0.474114,0.000965,0.000834,-0.019063,9.7918093561,125.49369754840001,80.2895
PSUR,2015.1951,57094,1835,-0.435405,0.475679,0.000925,0.000801,-0.031125,9.7918093702,125.4936975183,80.28833
PSUR,2015.1978,57095,1835,-0.433177,0.476769,0.000967,0.000829,-0.02303,9.7918093801,125.4936975386,80.29204
PSUR,2015.2005,57096,1836,-0.435307,0.476579,0.000853,0.000746,-0.057041,9.7918093783,125.4936975192,80.29944
PSUR,2015.2033,57097,1836,-0.439986,0.476414,0.00094,0.000791,0.008314,9.7918093768,125.49369747649999,80.2868
PSUR,2015.206,57098,1836,-0.4353,0.47527200000000003,0.000829,0.000741,-0.018183,9.7918093665,125.4936975192,80.29295
PSUR,2015.2088,57099,1836,-0.434388,0.475179,0.000784,0.000688,-0.080913,9.7918093657,125.49369752749999,80.28785
PSUR,2015.2115,57100,1836,-0.434741,0.475397,0.000791,0.000685,-0.061362,9.7918093677,125.49369752429999,80.29211
PSUR,2015.2142,57101,1836,-0.435693,0.473634,0.000831,0.000697,-0.079754,9.7918093517,125.49369751559999,80.28158
PSUR,2015.217,57102,1836,-0.434198,0.477138,0.000844,0.000726,-0.093111,9.7918093834,125.4936975293,80.28445
PSUR,2015.2197,57103,1837,-0.433781,0.474082,0.000815,0.000699,-0.06854,9.7918093558,125.4936975331,80.28472
PSUR,2015.2225,57104,1837,-0.4352,0.473025,0.000819,0.0007,-0.087197,9.7918093462,125.4936975201,80.29178
PSUR,2015.2252,57105,1837,-0.43355,0.472102,0.000943,0.000814,-0.078454,9.7918093379,125.4936975352,80.27938
PSUR,2015.2279,57106,1837,-0.436083,0.471455,0.00089,0.000767,-0.076361,9.791809332,125.4936975121,80.29271
PSUR,2015.2307,57107,1837,-0.43666,0.470826,0.000953,0.000815,-0.07243,9.7918093263,125.4936975068,80.29162
PSUR,2015.2334,57108,1837,-0.436989,0.471813,0.000968,0.00079,-0.038017,9.7918093353,125.4936975038,80.28577
PSUR,2015.2361,57109,1837,-0.437008,0.472505,0.000869,0.000764,-0.087723,9.7918093415,125.49369750369999,80.29463
PSUR,2015.2389,57110,1838,-0.437286,0.473071,0.000894,0.000754,-0.07603,9.7918093466,125.4936975011,80.29592
PSUR,2015.2416,57111,1838,-0.436595,0.47681,0.000923,0.000804,-0.061858,9.7918093804,125.49369750739999,80.29801
PSUR,2015.2444,57112,1838,-0.435356,0.476291,0.000977,0.000817,-0.084412,9.7918093757,125.4936975187,80.28393
PSUR,2015.2471,57113,1838,-0.436753,0.474818,0.001016,0.000846,-0.070464,9.7918093624,125.49369750599999,80.29605
PSUR,2015.2498,57114,1838,-0.436973,0.473186,0.000924,0.000811,-0.060686,9.7918093477,125.49369750400001,80.29693
PSUR,2015.2526,57115,1838,-0.435967,0.476539,0.000908,0.000805,-0.042485,9.791809378,125.49369751309999,80.30151
PSUR,2015.2553,57116,1838,-0.437336,0.475856,0.000906,0.000765,-0.042389,9.7918093718,125.4936975007,80.29175
PSUR,2015.258,57117,1839,-0.43524,0.478212,0.000953,0.000818,-0.045926,9.7918093931,125.49369751980001,80.29286
PSUR,2015.2608,57118,1839,-0.435113,0.475447,0.000944,0.000814,-0.06905,9.7918093681,125.49369752090001,80.30917
PSUR,2015.2635,57119,1839,-0.436467,0.474512,0.000968,0.000819,-0.063087,9.7918093596,125.49369750860001,80.29886
PSUR,2015.2663,57120,1839,-0.435112,0.472527,0.000923,0.000803,-0.041639,9.7918093417,125.49369752090001,80.29818
PSUR,2015.269,57121,1839,-0.437961,0.47384,0.000826,0.000714,-0.105253,9.7918093536,125.49369749499999,80.29152
PSUR,2015.2717,57122,1839,-0.434489,0.472822,0.000859,0.000748,-0.054821,9.7918093444,125.49369752659999,80.29855
PSUR,2015.2745,57123,1839,-0.437854,0.471226,0.000841,0.000759,-0.078107,9.7918093299,125.4936974959,80.29147
PSUR,2015.2772,57124,1840,-0.440003,0.475529,0.000944,0.000795,-0.080798,9.7918093688,125.4936974764,80.30672
PSUR,2015.2799,57125,1840,-0.437909,0.47373,0.000856,0.000726,-0.097695,9.7918093526,125.4936974954,80.29378
PSUR,2015.2827,57126,1840,-0.439714,0.47379,0.000899,0.000801,-0.019183,9.7918093531,125.49369747899999,80.29258
PSUR,2015.2854,57127,1840,-0.438854,0.474451,0.000972,0.00083,-0.077566,9.7918093591,125.49369748679999,80.29603
PSUR,2015.2882,57128,1840,-0.437162,0.47578,0.00085,0.000759,-0.05854,9.7918093711,125.4936975023,80.29593
PSUR,2015.2909,57129,1840,-0.438569,0.473841,0.000865,0.000741,-0.065479,9.7918093536,125.4936974894,80.3006
PSUR,2015.2936,57130,1840,-0.438641,0.475276,0.000835,0.000736,-0.080165,9.7918093666,125.4936974888,80.29417
PSUR,2015.2964,57131,1841,-0.436744,0.476996,0.000832,0.000774,-0.066968,9.7918093821,125.4936975061,80.30704
PSUR,2015.2991,57132,1841,-0.434866,0.476946,0.000911,0.000782,-0.043778,9.7918093817,125.49369752320001,80.29899
PSUR,2015.3018,57133,1841,-0.437002,0.475961,0.001042,0.000868,-0.030338,9.7918093728,125.49369750369999,80.28691
PSUR,2015.3046,57134,1841,-0.437128,0.477807,0.000948,0.000782,-0.14249,9.7918093894,125.49369750260001,80.29495
PSUR,2015.3073,57135,1841,-0.436316,0.474764,0.000877,0.000759,-0.077716,9.7918093619,125.49369751,80.29145
PSUR,2015.3101,57136,1841,-0.438084,0.475566,0.0009,0.000757,-0.04823,9.7918093692,125.4936974938,80.28494
PSUR,2015.3128,57137,1841,-0.440719,0.477957,0.001052,0.000929,-0.035426,9.7918093908,125.4936974698,80.30212
PSUR,2015.3155,57138,1842,-0.43906,0.475806,0.000848,0.000755,-0.053321,9.7918093714,125.4936974849,80.29052
PSUR,2015.3183,57139,1842,-0.438402,0.4767,0.000904,0.000781,-0.016958,9.7918093794,125.49369749089999,80.29242
PSUR,2015.321,57140,1842,-0.436569,0.478752,0.000812,0.000721,-0.06263,9.791809398,125.4936975077,80.29432
PSUR,2015.3238,57141,1842,-0.438327,0.476175,0.000837,0.000735,-0.09892,9.7918093747,125.49369749159999,80.31304
PSUR,2015.3265,57142,1842,-0.438556,0.474132,0.000788,0.000709,-0.088642,9.7918093562,125.4936974895,80.30287
PSUR,2015.3292,57143,1842,-0.436316,0.477326,0.000834,0.000761,-0.110447,9.7918093851,125.49369751,80.29543
PSUR,2015.332,57144,1842,-0.439725,0.476958,0.000805,0.000707,-0.06968,9.7918093818,125.4936974789,80.29765
PSUR,2015.3347,57145,1843,-0.438148,0.477195,0.000879,0.000768,-0.09959,9.7918093839,125.4936974933,80.29144
PSUR,2015.3374,57146,1843,-0.441441,0.478725,0.000932,0.000801,-0.085357,9.7918093977,125.4936974632,80.29927
PSUR,2015.3402,57147,1843,-0.439505,0.476945,0.000822,0.000748,-0.046593,9.7918093816,125.49369748090001,80.29962
PSUR,2015.3429,57148,1843,-0.438103,0.476783,0.000779,0.000695,-0.082179,9.7918093802,125.49369749370001,80.30472
PSUR,2015.3457,57149,1843,-0.437036,0.478684,0.000905,0.000787,-0.091941,9.7918093974,125.4936975034,80.2937
PSUR,2015.3484,57150,1843,-0.437578,0.477178,0.000909,0.000801,0.009919,9.7918093838,125.49369749850001,80.30695
PSUR,2015.3511,57151,1843,-0.437266,0.47968,0.000927,0.000781,-0.046628,9.7918094064,125.4936975013,80.29892
PSUR,2015.3539,57152,1844,-0.43795,0.47837,0.000876,0.000762,-0.002241,9.7918093945,125.49369749510001,80.29923
PSUR,2015.3566,57153,1844,-0.438428,0.477393,0.000796,0.000716,-0.080116,9.7918093857,125.49369749069999,80.28886
PSUR,2015.3593,57154,1844,-0.440075,0.477897,0.000782,0.000717,-0.078408,9.7918093903,125.4936974757,80.3068
PSUR,2015.3621,57155,1844,-0.438499,0.475605,0.00081,0.000739,-0.073842,9.7918093695,125.4936974901,80.29123
PSUR,2015.3648,57156,1844,-0.436993,0.480736,0.000892,0.000795,-0.057415,9.7918094159,125.4936975038,80.29986
PSUR,2015.3676,57157,1844,-0.440871,0.476977,0.000785,0.000693,-0.076275,9.7918093819,125.4936974684,80.29333
PSUR,2015.3703,57158,1844,-0.43904,0.476426,0.000799,0.000716,-0.035802,9.791809377,125.4936974851,80.2944
PSUR,2015.373,57159,1845,-0.437877,0.477592,0.000837,0.000754,-0.058321,9.7918093875,125.49369749569999,80.29876
PSUR,2015.3758,57160,1845,-0.439631,0.480071,0.000806,0.000704,-0.067472,9.7918094099,125.49369747969999,80.29341
PSUR,2015.3785,57161,1845,-0.437624,0.479062,0.000813,0.000703,-0.1027,9.7918094008,125.49369749799999,80.29295
PSUR,2015.3812,57162,1845,-0.438264,0.476805,0.000768,0.000689,-0.063293,9.7918093804,125.4936974922,80.29674
PSUR,2015.384,57163,1845,-0.439781,0.479393,0.000799,0.000697,-0.034431,9.7918094038,125.49369747840001,80.29958
PSUR,2015.3867,57164,1845,-0.441348,0.478776,0.000782,0.000692,-0.069082,9.7918093982,125.4936974641,80.2949
PSUR,2015.3895,57165,1845,-0.441958,0.47795,0.000762,0.00068,-0.060058,9.7918093907,125.49369745850001,80.29148
PSUR,2015.3922,57166,1846,-0.438099,0.479287,0.000779,0.000716,-0.043125,9.7918094028,125.49369749370001,80.30054
PSUR,2015.3949,57167,1846,-0.439804,0.477911,0.000773,0.000687,-0.052259,9.7918093904,125.4936974782,80.29222
PSUR,2015.3977,57168,1846,-0.441015,0.477027,0.000756,0.000679,-0.055052,9.7918093824,125.49369746709999,80.29584
PSUR,2015.4004,57169,1846,-0.439256,0.476898,0.000821,0.000733,-0.002396,9.7918093812,125.49369748320001,80.30026
PSUR,2015.4031,57170,1846,-0.441367,0.478564,0.000834,0.000715,-0.022533,9.7918093963,125.49369746389999,80.29078
PSUR,2015.4059,57171,1846,-0.440366,0.476996,0.000818,0.000715,-0.093634,9.7918093821,125.493697473,80.29343
PSUR,2015.4086,57172,1846,-0.443193,0.479824,0.00084,0.000721,-0.066007,9.7918094077,125.49369744730001,80.29899
PSUR,2015.4114,57173,1847,-0.440604,0.478756,0.000784,0.000693,-0.044086,9.791809398,125.4936974709,80.30338
PSUR,2015.4141,57174,1847,-0.439321,0.478571,0.000767,0.000678,-0.040411,9.7918093964,125.4936974826,80.28788
PSUR,2015.4168,57175,1847,-0.439328,0.479627,0.000792,0.000721,-0.062114,9.7918094059,125.49369748250001,80.29582
PSUR,2015.4196,57176,1847,-0.441428,0.481811,0.000785,0.000694,-0.057724,9.7918094256,125.4936974634,80.29689
PSUR,2015.4223,57177,1847,-0.436478,0.479997,0.00193,0.001618,-0.049434,9.7918094092,125.49369750849999,80.28003
PSUR,2015.5729,57232,1855,-0.441059,0.485776,0.001001,0.000861,-0.070636,9.7918094615,125.49369746670001,80.29192
PSUR,2015.5756,57233,1855,-0.440817,0.48468,0.001334,0.001106,0.04299,9.7918094516,125.4936974689,80.28589
PSUR,2015.6003,57242,1856,-0.439127,0.488583,0.001317,0.001149,-0.036175,9.7918094869,125.49369748429999,80.29033
PSUR,2015.603,57243,1857,-0.440208,0.489094,0.00083,0.000712,-0.054445,9.7918094915,125.49369747450001,80.29366
PSUR,2015.6057,57244,1857,-0.441277,0.490097,0.000842,0.000753,-0.05611,9.7918095006,125.4936974647,80.29072
PSUR,2015.6085,57245,1857,-0.442959,0.487038,0.000783,0.000699,-0.054982,9.7918094729,125.4936974494,80.28837
PSUR,2015.6112,57246,1857,-0.440026,0.489145,0.000911,0.000787,-0.060892,9.791809492,125.49369747610001,80.29422
PSUR,2015.614,57247,1857,-0.442095,0.487716,0.000959,0.000821,-0.027058,9.791809479,125.49369745729999,80.29202
PSUR,2015.6249,57251,1858,-0.441525,0.488265,0.000994,0.000877,-0.015401,9.791809484,125.4936974625,80.29336
PSUR,2015.6277,57252,1858,-0.442828,0.488498,0.000785,0.000705,-0.051963,9.7918094861,125.4936974506,80.28374
PSUR,2015.6304,57253,1858,-0.442422,0.488193,0.000751,0.000686,-0.01613,9.7918094833,125.49369745429999,80.28412
PSUR,2015.6331,57254,1858,-0.442706,0.490063,0.000824,0.00074,-0.074525,9.7918095003,125.4936974517,80.29242
PSUR,2015.6359,57255,1858,-0.442844,0.489319,0.000788,0.000701,-0.024392,9.7918094935,125.49369745050001,80.28479
PSUR,2015.6386,57256,1858,-0.442767,0.489093,0.000761,0.000678,-0.027525,9.7918094915,125.4936974512,80.28941
PSUR,2015.6413,57257,1859,-0.442756,0.487912,0.000764,0.000679,-0.054054,9.7918094808,125.4936974513,80.28969
PSUR,2015.6441,57258,1859,-0.441116,0.488861,0.000767,0.000674,-0.059221,9.7918094894,125.49369746619999,80.28938
PSUR,2015.6468,57259,1859,-0.439863,0.489215,0.000776,0.000687,-0.020632,9.7918094926,125.4936974776,80.28327
PSUR,2015.6496,57260,1859,-0.441672,0.488019,0.00079,0.000704,-0.028854,9.7918094818,125.4936974611,80.29271
PSUR,2015.6523,57261,1859,-0.442134,0.486369,0.000773,0.00068,-0.044173,9.7918094669,125.49369745690001,80.29157
PSUR,2015.6715,57268,1860,-0.441003,0.489581,0.000986,0.000869,-0.06556,9.7918094959,125.49369746720001,80.29367
PSUR,2015.6742,57269,1860,-0.440916,0.489928,0.000782,0.000698,-0.013411,9.791809499,125.493697468,80.29142
PSUR,2015.6797,57271,1861,-0.441858,0.490772,0.000809,0.00073,-0.042338,9.7918095067,125.49369745940001,80.30596
PSUR,2015.6824,57272,1861,-0.444323,0.489682,0.000771,0.000704,-0.008119,9.7918094968,125.49369743700001,80.28034
PSUR,2015.6851,57273,1861,-0.442357,0.488443,0.000802,0.000695,-0.049173,9.7918094856,125.4936974549,80.28773
PSUR,2015.6879,57274,1861,-0.445094,0.490191,0.00077,0.000689,-0.019618,9.7918095014,125.49369743,80.28819
PSUR,2015.6906,57275,1861,-0.443175,0.486851,0.000919,0.000843,-0.081277,9.7918094712,125.4936974474,80.29575
PSUR,2015.6934,57276,1861,-0.443324,0.488733,0.000777,0.000696,-0.022438,9.7918094882,125.49369744609999,80.28655
PSUR,2015.6961,57277,1861,-0.441229,0.489083,0.000767,0.000689,-0.029964,9.7918094914,125.4936974652,80.28971
PSUR,2015.707,57281,1862,-0.443743,0.487117,0.001493,0.001291,-0.10217,9.7918094736,125.4936974423,80.29773
PSUR,2015.7098,57282,1862,-0.440858,0.488674,0.000756,0.00069,-0.05753,9.7918094877,125.4936974686,80.29095
PSUR,2015.7125,57283,1862,-0.439102,0.490383,0.000803,0.000718,-0.039437,9.7918095031,125.4936974846,80.28733
PSUR,2015.7153,57284,1862,-0.441557,0.487947,0.000771,0.000689,-0.057852,9.7918094811,125.4936974622,80.28834
PSUR,2015.718,57285,1863,-0.442015,0.489001,0.00082,0.00074,-0.036464,9.7918094906,125.49369745800001,80.28934
PSUR,2015.7235,57287,1863,-0.446133,0.488689,0.000951,0.000819,-0.010178,9.7918094878,125.49369742050001,80.28375
PSUR,2015.7262,57288,1863,-0.447055,0.488023,0.000804,0.000717,-0.034499,9.7918094818,125.4936974121,80.27377
PSUR,2015.729,57289,1863,-0.446121,0.491322,0.000785,0.000717,-0.038954,9.7918095116,125.4936974206,80.28448
PSUR,2015.7317,57290,1863,-0.444724,0.489109,0.000836,0.000783,-0.073362,9.7918094916,125.49369743330001,80.28651
PSUR,2015.7344,57291,1863,-0.445728,0.489145,0.000861,0.00078,-0.078936,9.791809492,125.49369742420001,80.27874
PSUR,2015.7372,57292,1864,-0.445855,0.487146,0.000898,0.000831,-0.018105,9.7918094739,125.49369742299999,80.28935
PSUR,2015.7399,57293,1864,-0.443056,0.490797,0.000903,0.000781,-0.087229,9.7918095069,125.4936974485,80.28957
PSUR,2015.7426,57294,1864,-0.443705,0.491469,0.000855,0.000785,-0.022489,9.791809513,125.4936974426,80.29896
PSUR,2015.7454,57295,1864,-0.441415,0.49001,0.000934,0.000833,-0.084577,9.7918094998,125.49369746350001,80.30172
PSUR,2015.7481,57296,1864,-0.444076,0.488897,0.000851,0.000766,-0.053014,9.7918094897,125.49369743919999,80.28304
PSUR,2015.7509,57297,1864,-0.443587,0.488577,0.000826,0.000744,-0.056582,9.7918094868,125.4936974437,80.29037
PSUR,2015.7536,57298,1864,-0.445218,0.489572,0.000785,0.000721,-0.024666,9.7918094958,125.4936974288,80.29531
PSUR,2015.7563,57299,1865,-0.443967,0.49069,0.000792,0.00071,-0.03878,9.7918095059,125.49369744020001,80.29775
PSUR,2015.7591,57300,1865,-0.443394,0.488641,0.000767,0.000695,-0.034364,9.7918094874,125.49369744539999,80.29166
PSUR,2015.7618,57301,1865,-0.443209,0.486578,0.0008,0.000733,-0.034194,9.7918094687,125.4936974471,80.29926
PSUR,2015.7645,57302,1865,-0.44228,0.492019,0.000789,0.000714,-0.054107,9.7918095179,125.4936974556,80.2824
PSUR,2015.7673,57303,1865,-0.442829,0.489744,0.000779,0.000692,-0.026585,9.7918094974,125.4936974506,80.27709
PSUR,2015.77,57304,1865,-0.439311,0.489952,0.000856,0.000762,-0.037074,9.7918094992,125.49369748269999,80.29287
PSUR,2015.7728,57305,1865,-0.440648,0.492805,0.000839,0.00076,-0.100338,9.791809525,125.4936974705,80.28145
PSUR,2015.7755,57306,1866,-0.443084,0.491172,0.000776,0.00069,-0.000397,9.7918095103,125.4936974483,80.28548
PSUR,2015.7782,57307,1866,-0.442917,0.490443,0.000833,0.000744,-0.053115,9.7918095037,125.49369744980001,80.29391
PSUR,2015.781,57308,1866,-0.439466,0.490149,0.000781,0.000701,-0.054723,9.791809501,125.49369748129999,80.28503
PSUR,2015.7837,57309,1866,-0.444941,0.494219,0.000875,0.000792,-0.073764,9.7918095378,125.4936974313,80.28644
PSUR,2015.7864,57310,1866,-0.444197,0.491158,0.000837,0.000754,-0.039991,9.7918095101,125.49369743810001,80.29218
PSUR,2015.7892,57311,1866,-0.444734,0.48773,0.000817,0.000736,-0.024018,9.7918094792,125.4936974332,80.28242
PSUR,2015.7919,57312,1866,-0.449406,0.491055,0.000803,0.000719,-0.032408,9.7918095092,125.4936973906,80.28411
PSUR,2015.7947,57313,1867,-0.444261,0.490354,0.000791,0.000709,-0.043157,9.7918095029,125.4936974375,80.28766
PSUR,2015.7974,57314,1867,-0.446757,0.488834,0.000919,0.000819,-0.067429,9.7918094891,125.49369741480001,80.28882
PSUR,2015.8001,57315,1867,-0.445693,0.490779,0.000902,0.000827,-0.012023,9.7918095067,125.4936974245,80.28962
PSUR,2015.8029,57316,1867,-0.443197,0.491062,0.000809,0.000776,-0.050323,9.7918095093,125.49369744719999,80.28855
PSUR,2015.8056,57317,1867,-0.440371,0.490892,0.000866,0.000783,-0.069469,9.7918095077,125.493697473,80.29671
PSUR,2015.8084,57318,1867,-0.441993,0.490455,0.000731,0.000673,-0.035448,9.7918095038,125.49369745819999,80.28893
PSUR,2015.8111,57319,1867,-0.441345,0.489362,0.000864,0.00082,-0.039198,9.7918094939,125.4936974641,80.28628
PSUR,2015.8166,57321,1868,-0.439184,0.494998,0.001307,0.001155,-0.013786,9.7918095449,125.49369748379999,80.31533
PSUR,2015.8193,57322,1868,-0.445094,0.488803,0.000855,0.000761,-0.064315,9.7918094889,125.49369742990001,80.27945
PSUR,2015.822,57323,1868,-0.445983,0.492265,0.000895,0.000828,-0.033601,9.7918095202,125.4936974218,80.29471
PSUR,2015.8248,57324,1868,-0.443181,0.491697,0.000851,0.000775,-0.020605,9.791809515,125.4936974474,80.29002
PSUR,2015.8275,57325,1868,-0.445034,0.488192,0.000883,0.000763,-0.085502,9.7918094833,125.49369743049999,80.2802
PSUR,2015.8303,57326,1868,-0.445549,0.490476,0.000967,0.000903,-0.063985,9.791809504,125.49369742580001,80.29131
PSUR,2015.833,57327,1869,-0.441991,0.490767,0.000918,0.000821,-0.045312,9.7918095066,125.49369745819999,80.28365
PSUR,2015.8357,57328,1869,-0.441957,0.489963,0.000836,0.000765,-0.058647,9.7918094993,125.49369745850001,80.28648
PSUR,2015.8385,57329,1869,-0.440705,0.489529,0.000799,0.000739,0.00865,9.7918094954,125.49369746990001,80.29189
PSUR,2015.8412,57330,1869,-0.443224,0.488781,0.000878,0.000799,-0.029022,9.7918094887,125.49369744699999,80.28686
PSUR,2015.8439,57331,1869,-0.440769,0.496388,0.000828,0.000764,-0.045458,9.7918095574,125.49369746939999,80.29888
PSUR,2015.8467,57332,1869,-0.44052,0.48793,0.000821,0.00076,-0.063594,9.791809481,125.4936974716,80.28084
PSUR,2015.8494,57333,1869,-0.44063,0.493864,0.000831,0.000775,-0.043868,9.7918095346,125.49369747060001,80.29592
PSUR,2015.8522,57334,1870,-0.445296,0.490742,0.00091,0.000841,-0.045291,9.7918095064,125.4936974281,80.29036
PSUR,2015.8549,57335,1870,-0.4439,0.492417,0.000816,0.000773,-0.036308,9.7918095215,125.49369744079999,80.2988
PSUR,2015.8576,57336,1870,-0.442264,0.490279,0.00082,0.000753,-0.024677,9.7918095022,125.49369745569999,80.29585
PSUR,2015.8604,57337,1870,-0.445818,0.49427,0.000828,0.000755,-0.099139,9.7918095383,125.4936974233,80.28819
PSUR,2015.8631,57338,1870,-0.442234,0.489347,0.000861,0.000808,-0.021823,9.7918094938,125.493697456,80.28386
PSUR,2015.8658,57339,1870,-0.440058,0.491893,0.000828,0.000771,-0.089939,9.7918095168,125.4936974759,80.28922
PSUR,2015.8686,57340,1870,-0.442391,0.489711,0.000796,0.00075,-0.054151,9.7918094971,125.49369745460001,80.28997
PSUR,2015.8713,57341,1871,-0.439318,0.491391,0.00084,0.000747,-0.022874,9.7918095123,125.4936974826,80.29503
PSUR,2015.8741,57342,1871,-0.44206,0.492269,0.000868,0.000797,-0.060073,9.7918095202,125.4936974576,80.29054
PSUR,2015.8823,57345,1871,-0.441063,0.489987,0.000978,0.000881,-0.082329,9.7918094996,125.49369746670001,80.27458
PSUR,2015.885,57346,1871,-0.442884,0.490221,0.000864,0.000781,-0.040986,9.7918095017,125.4936974501,80.28604
PSUR,2015.8932,57349,1872,-0.441525,0.495158,0.000906,0.000819,-0.031201,9.7918095463,125.4936974625,80.28686
PSUR,2015.896,57350,1872,-0.444739,0.494632,0.000754,0.00069,-0.045595,9.7918095416,125.4936974332,80.28983
PSUR,2015.9042,57353,1872,-0.442916,0.492133,0.000882,0.000815,-0.048684,9.791809519,125.49369744980001,80.27921
PSUR,2015.9124,57356,1873,-0.444394,0.494936,0.000897,0.000794,-0.074739,9.7918095443,125.49369743630001,80.28034
PSUR,2015.9206,57359,1873,-0.444883,0.490846,0.00094,0.000827,-0.028586,9.7918095073,125.49369743189999,80.28912
PSUR,2015.9316,57363,1874,-0.440819,0.493058,0.000917,0.000862,-0.053549,9.7918095273,125.4936974689,80.30269
PSUR,2015.9425,57367,1874,-0.441341,0.494,0.000907,0.000889,0.062338,9.7918095358,125.49369746420001,80.28774
PSUR,2015.9535,57371,1875,-0.44527,0.493282,0.000919,0.000819,-0.010758,9.7918095293,125.49369742830001,80.29934
PSUR,2016.0383,57402,1879,-0.444086,0.49673,0.000839,0.000801,-0.030615,9.7918095605,125.4936974391,80.29139
PSUR,2016.0465,57405,1880,-0.446658,0.492591,0.000935,0.000859,-0.031347,9.7918095231,125.49369741570001,80.29062
PSUR,2016.0548,57408,1880,-0.447706,0.496515,0.000945,0.000869,-0.054221,9.7918095586,125.49369740610001,80.28906
PSUR,2016.063,57411,1881,-0.446665,0.496831,0.000848,0.000783,-0.079298,9.7918095614,125.4936974156,80.29124
PSUR,2016.0712,57414,1881,-0.446286,0.494906,0.000941,0.000836,-0.048556,9.791809544,125.49369741909999,80.28433
PSUR,2016.0794,57417,1881,-0.445511,0.496322,0.000891,0.000818,-0.023804,9.7918095568,125.4936974261,80.28174
PSUR,2016.0876,57420,1882,-0.443624,0.4936,0.000951,0.000842,-0.067145,9.7918095322,125.4936974433,80.29288
PSUR,2016.0958,57423,1882,-0.444929,0.496692,0.0008,0.000749,-0.022151,9.7918095602,125.49369743150001,80.2835
PSUR,2016.104,57426,1883,-0.446228,0.497037,0.00085,0.00078,-0.029829,9.7918095633,125.49369741960001,80.29223
PSUR,2016.1068,57427,1883,-0.44587,0.498533,0.000823,0.000734,-0.005523,9.7918095768,125.4936974229,80.29328
PSUR,2016.115,57430,1883,-0.446167,0.496276,0.000829,0.00076,-0.058398,9.7918095564,125.4936974202,80.2857
PSUR,2016.1232,57433,1884,-0.446859,0.498722,0.000888,0.000803,-0.017098,9.7918095785,125.49369741390001,80.29833
PSUR,2016.1259,57434,1884,-0.444782,0.499338,0.000847,0.000772,-0.049226,9.7918095841,125.49369743279999,80.28385
PSUR,2016.1287,57435,1884,-0.447379,0.492916,0.000916,0.000845,0.04114,9.791809526,125.49369740910001,80.29636
PSUR,2016.1314,57436,1884,-0.448016,0.493324,0.000792,0.00072,-0.02434,9.7918095297,125.49369740329999,80.29542
PSUR,2016.1342,57437,1884,-0.446358,0.49694,0.000819,0.000722,-0.035665,9.7918095624,125.49369741839999,80.28712
PSUR,2016.1369,57438,1884,-0.446542,0.499896,0.000823,0.000734,0.011195,9.7918095891,125.4936974167,80.28843
PSUR,2016.1396,57439,1885,-0.446791,0.499939,0.000849,0.000754,-0.055249,9.7918095895,125.49369741449999,80.29953
PSUR,2016.1451,57441,1885,-0.447784,0.497721,0.001053,0.000982,-0.107601,9.7918095695,125.49369740540001,80.28511
PSUR,2016.1478,57442,1885,-0.450496,0.500057,0.000847,0.000746,-0.030915,9.7918095906,125.49369738070001,80.29014
PSUR,2016.1506,57443,1885,-0.447571,0.497966,0.000839,0.000749,-0.02499,9.7918095717,125.49369740739999,80.28729
PSUR,2016.1533,57444,1885,-0.449527,0.497604,0.000835,0.000752,-0.062717,9.7918095684,125.4936973895,80.27942
PSUR,2016.1588,57446,1886,-0.447299,0.497821,0.001034,0.000928,-0.066133,9.7918095704,125.4936974098,80.28836
PSUR,2016.1615,57447,1886,-0.44875,0.495351,0.000792,0.000722,-0.026773,9.7918095481,125.4936973966,80.28684
PSUR,2016.1643,57448,1886,-0.447661,0.494,0.000816,0.000729,-0.017183,9.7918095358,125.49369740649999,80.28128
PSUR,2016.167,57449,1886,-0.447929,0.49761,0.000804,0.000719,-0.028203,9.7918095685,125.4936974041,80.28329
PSUR,2016.1697,57450,1886,-0.445891,0.50536,0.001052,0.00095,-0.042077,9.7918096385,125.4936974227,80.30929
PSUR,2016.1725,57451,1886,-0.447892,0.500952,0.001116,0.000978,-0.109785,9.7918095987,125.4936974044,80.29026
PSUR,2016.1752,57452,1886,-0.448658,0.501227,0.000862,0.000738,-0.011699,9.7918096012,125.4936973975,80.28678
PSUR,2016.178,57453,1887,-0.44895,0.500567,0.000884,0.000778,0.003452,9.7918095952,125.4936973948,80.28206
PSUR,2016.1807,57454,1887,-0.451705,0.500765,0.000868,0.000773,-0.044809,9.791809597,125.49369736969999,80.28711
PSUR,2016.1834,57455,1887,-0.449575,0.501056,0.000842,0.000782,-0.009374,9.7918095996,125.49369738909999,80.2805
PSUR,2016.1862,57456,1887,-0.448568,0.502226,0.000905,0.000758,-0.025746,9.7918096102,125.49369739829999,80.28447
PSUR,2016.1889,57457,1887,-0.449519,0.502111,0.000894,0.000774,-0.027386,9.7918096092,125.49369738959999,80.28588
PSUR,2016.1916,57458,1887,-0.448997,0.502317,0.000802,0.000718,-0.025544,9.791809611,125.49369739439999,80.28936
PSUR,2016.1944,57459,1887,-0.450033,0.500466,0.000798,0.000716,-0.037464,9.7918095943,125.4936973849,80.29148
PSUR,2016.1971,57460,1888,-0.449445,0.500991,0.000855,0.000752,-0.035215,9.7918095991,125.49369739030001,80.28261
PSUR,2016.1999,57461,1888,-0.449357,0.499828,0.000878,0.00077,-0.001314,9.7918095885,125.4936973911,80.28709
PSUR,2016.2026,57462,1888,-0.451661,0.502984,0.000804,0.000728,-0.049393,9.7918096171,125.4936973701,80.2948
PSUR,2016.2053,57463,1888,-0.451547,0.502028,0.000849,0.000754,0.022251,9.7918096084,125.49369737110001,80.29864
PSUR,2016.2081,57464,1888,-0.451157,0.501976,0.000797,0.00073,-0.001222,9.791809608,125.49369737469999,80.30061
PSUR,2016.2108,57465,1888,-0.45333,0.502376,0.000879,0.000767,-0.040283,9.7918096116,125.49369735490001,80.28746
PSUR,2016.2163,57467,1889,-0.45031,0.502892,0.001385,0.001109,-0.014905,9.7918096162,125.4936973824,80.28611
PSUR,2016.219,57468,1889,-0.447721,0.502871,0.000843,0.000721,-0.023759,9.791809616,125.493697406,80.29336
PSUR,2016.2218,57469,1889,-0.45154,0.501754,0.00079,0.000701,-0.020642,9.7918096059,125.4936973712,80.29652
PSUR,2016.2245,57470,1889,-0.450852,0.503447,0.000885,0.000773,-0.029679,9.7918096213,125.49369737750001,80.29312
PSUR,2016.2272,57471,1889,-0.449606,0.501196,0.001373,0.001158,-0.018292,9.7918096009,125.4936973888,80.28563
PSUR,2016.23,57472,1889,-0.449319,0.502126,0.000848,0.000742,0.015652,9.7918096093,125.49369739139999,80.28934
PSUR,2016.2327,57473,1889,-0.450439,0.506306,0.000899,0.000784,-0.019068,9.7918096471,125.49369738120001,80.29686
PSUR,2016.2355,57474,1890,-0.448187,0.502477,0.001396,0.001309,-0.057148,9.7918096125,125.4936974018,80.29084
PSUR,2016.2382,57475,1890,-0.448879,0.501097,0.000792,0.000714,-0.007178,9.7918096,125.4936973954,80.29303
PSUR,2016.2409,57476,1890,-0.450145,0.50794,0.002544,0.002029,0.114056,9.7918096619,125.49369738390001,80.30178
PSUR,2016.2437,57477,1890,-0.451168,0.49937,0.000777,0.000708,0.012972,9.7918095844,125.4936973746,80.29205
PSUR,2016.2464,57478,1890,-0.450327,0.501479,0.000814,0.000733,0.009158,9.7918096035,125.49369738230001,80.29197
PSUR,2016.2491,57479,1890,-0.449004,0.501826,0.000828,0.000724,-0.023111,9.7918096066,125.4936973943,80.28866
PSUR,2016.2519,57480,1890,-0.44967,0.502929,0.000845,0.000766,0.009735,9.7918096166,125.49369738819999,80.29772
PSUR,2016.2546,57481,1891,-0.449987,0.50206,0.000812,0.000734,0.018368,9.7918096087,125.49369738530001,80.29971
PSUR,2016.7146,57649,1915,-0.459084,0.517575,0.000829,0.000725,0.004017,9.791809749,125.4936973024,80.30068
PSUR,2016.7173,57650,1915,-0.459778,0.51737,0.000806,0.000697,-0.003913,9.7918097471,125.49369729610001,80.29361
PSUR,2016.7201,57651,1915,-0.460221,0.51604,0.000795,0.000678,-0.012155,9.7918097351,125.4936972921,80.2935
PSUR,2016.7228,57652,1915,-0.459573,0.519673,0.000805,0.000696,0.003269,9.791809768,125.493697298,80.28746
PSUR,2016.7255,57653,1915,-0.459662,0.519707,0.000859,0.000726,0.031964,9.7918097683,125.49369729719999,80.30064
PSUR,2016.7283,57654,1915,-0.459693,0.519137,0.000881,0.000776,0.018123,9.7918097631,125.4936972969,80.29453
PSUR,2016.731,57655,1915,-0.458977,0.518049,0.000876,0.000772,0.01521,9.7918097533,125.49369730340001,80.28346
PSUR,2016.8871,57712,1924,-0.469543,0.51553,0.001857,0.001722,0.019596,9.7918097305,125.49369720710001,80.31711
PSUR,2016.8953,57715,1924,-0.464392,0.52001,0.001966,0.001702,-0.00176,9.791809771,125.49369725400001,80.3178
PSUR,2016.9144,57722,1925,-0.461418,0.520653,0.001463,0.001334,-0.034466,9.7918097768,125.49369728120001,80.27867
PSUR,2016.9336,57729,1926,-0.45711,0.522036,0.001442,0.001351,-0.088767,9.7918097893,125.4936973204,80.30346
PSUR,2016.9391,57731,1926,-0.458966,0.520633,0.000938,0.000821,-0.02645,9.7918097766,125.4936973035,80.29667
PSUR,2016.9473,57734,1927,-0.458043,0.522875,0.001448,0.001308,-0.044688,9.7918097969,125.49369731190001,80.29366
PSUR,2016.9555,57737,1927,-0.4649,0.513879,0.002126,0.001839,0.094218,9.7918097156,125.49369724939999,80.29333
PSUR,2016.9582,57738,1927,-0.458019,0.512901,0.004472,0.002956,-0.353614,9.7918097067,125.49369731210001,80.27965
PSUR,2016.961,57739,1927,-0.469862,0.526768,0.001745,0.001571,-0.0828,9.7918098321,125.4936972042,80.30369
PSUR,2016.9637,57740,1928,-0.456928,0.523795,0.002173,0.002146,0.238426,9.7918098052,125.49369732209999,80.29022
PSUR,2016.9692,57742,1928,-0.460692,0.522084,0.001295,0.001307,0.031601,9.7918097897,125.49369728779999,80.29312
PSUR,2016.9774,57745,1928,-0.464919,0.517508,0.000986,0.000841,0.03119,9.7918097484,125.49369724920001,80.27701
PSUR,2016.9802,57746,1928,-0.463391,0.521385,0.000826,0.000715,0.008986,9.7918097834,125.4936972632,80.28438
PSUR,2016.9829,57747,1929,-0.461484,0.519619,0.00083,0.000708,0.020073,9.7918097675,125.4936972806,80.29564
PSUR,2016.9856,57748,1929,-0.461164,0.523384,0.00081,0.000717,-0.01983,9.7918098015,125.49369728350001,80.2974
PSUR,2016.9884,57749,1929,-0.461786,0.520942,0.000777,0.000692,0.016446,9.7918097794,125.49369727780001,80.28673
PSUR,2016.9911,57750,1929,-0.460173,0.520729,0.000794,0.000708,0.015754,9.7918097775,125.4936972925,80.29049
PSUR,2016.9938,57751,1929,-0.460385,0.520957,0.000838,0.000737,0.000772,9.7918097796,125.49369729060001,80.2868
PSUR,2016.9966,57752,1929,-0.463178,0.521026,0.000883,0.000778,-0.001505,9.7918097802,125.4936972651,80.29872
PSUR,2016.9993,57753,1929,-0.462197,0.522114,0.000818,0.000725,0.010898,9.79180979,125.493697274,80.3019
PSUR,2017.0021,57754,1930,-0.46116,0.520585,0.000848,0.000767,0.05773,9.7918097762,125.49369728350001,80.2968
PSUR,2017.0048,57755,1930,-0.459778,0.521597,0.000868,0.000756,-0.003726,9.7918097853,125.49369729610001,80.28652
PSUR,2017.0075,57756,1930,-0.462752,0.519575,0.000832,0.000729,0.004217,9.7918097671,125.493697269,80.29092
PSUR,2017.0103,57757,1930,-0.460831,0.519881,0.000887,0.000778,0.013763,9.7918097698,125.49369728650001,80.29109
PSUR,2017.013,57758,1930,-0.461268,0.521309,0.000822,0.000738,0.000905,9.7918097827,125.4936972825,80.28506
PSUR,2017.0157,57759,1930,-0.459983,0.521518,0.00083,0.000727,-0.025306,9.7918097846,125.49369729419999,80.2977
PSUR,2017.0185,57760,1930,-0.461223,0.522261,0.000814,0.000734,0.010176,9.7918097914,125.4936972829,80.29651
PSUR,2017.0212,57761,1931,-0.461208,0.52009,0.000803,0.000703,0.018785,9.7918097717,125.4936972831,80.29285
PSUR,2017.024,57762,1931,-0.460832,0.519988,0.000826,0.000727,0.004168,9.7918097708,125.49369728650001,80.29735
PSUR,2017.0267,57763,1931,-0.460697,0.519935,0.000882,0.000754,-0.007528,9.7918097703,125.4936972877,80.29102
PSUR,2017.0294,57764,1931,-0.464433,0.517719,0.000836,0.000741,0.023605,9.7918097503,125.49369725369999,80.28625
PSUR,2017.0322,57765,1931,-0.463052,0.520133,0.00078,0.00068,0.002628,9.7918097721,125.49369726629999,80.29255
PSUR,2017.0349,57766,1931,-0.461144,0.519934,0.000783,0.000682,-0.007385,9.7918097703,125.4936972836,80.2959
PSUR,2017.0376,57767,1931,-0.459448,0.520228,0.00078,0.000681,-0.007969,9.791809773,125.4936972991,80.29544
PSUR,2017.0404,57768,1932,-0.459943,0.52559,0.000814,0.000734,0.066485,9.7918098215,125.4936972946,80.28765
PSUR,2017.0431,57769,1932,-0.458323,0.522515,0.000838,0.000741,0.017712,9.7918097936,125.4936973094,80.28827
PSUR,2017.0459,57770,1932,-0.463786,0.519119,0.000875,0.000762,-0.009335,9.7918097629,125.4936972596,80.29302
PSUR,2017.0486,57771,1932,-0.462132,0.520828,0.000925,0.000788,-0.013778,9.7918097784,125.49369727460001,80.28904
PSUR,2017.0513,57772,1932,-0.459455,0.516067,0.000862,0.000769,0.015529,9.7918097354,125.49369729899999,80.29649
PSUR,2017.0541,57773,1932,-0.462187,0.520334,0.000842,0.000748,0.047841,9.7918097739,125.49369727409999,80.29343
PSUR,2017.0568,57774,1932,-0.462544,0.520759,0.000864,0.000762,0.040076,9.7918097778,125.49369727089999,80.2823
PSUR,2017.0595,57775,1933,-0.462203,0.522167,0.000821,0.000729,0.025235,9.7918097905,125.493697274,80.29211
PSUR,2017.0623,57776,1933,-0.46056,0.518204,0.000815,0.000721,0.011596,9.7918097547,125.49369728900001,80.29403
PSUR,2017.065,57777,1933,-0.459879,0.522219,0.000818,0.000722,0.014324,9.791809791,125.49369729520001,80.29624
PSUR,2017.0678,57778,1933,-0.460151,0.520518,0.00088,0.000778,0.012404,9.7918097756,125.4936972927,80.30179
PSUR,2017.0705,57779,1933,-0.464333,0.523031,0.000801,0.000703,0.002002,9.7918097983,125.4936972546,80.29496
PSUR,2017.0732,57780,1933,-0.46249,0.521748,0.000799,0.000706,-0.009174,9.7918097867,125.49369727140001,80.29575
PSUR,2017.076,57781,1933,-0.462817,0.522228,0.000824,0.000745,0.020231,9.7918097911,125.49369726840001,80.29663
PSUR,2017.0787,57782,1934,-0.462032,0.521783,0.000787,0.000689,0.017983,9.791809787,125.49369727550001,80.29222
PSUR,2017.0815,57783,1934,-0.462413,0.523308,0.000791,0.000714,-0.011199,9.7918098008,125.49369727210001,80.29054
PSUR,2017.0842,57784,1934,-0.461009,0.524983,0.000819,0.000731,0.01428,9.791809816,125.49369728490001,80.29807
PSUR,2017.0869,57785,1934,-0.463289,0.522448,0.000831,0.000752,0.020881,9.791809793,125.4936972641,80.30348
PSUR,2017.0897,57786,1934,-0.466119,0.522355,0.000878,0.000763,-0.005351,9.7918097922,125.4936972383,80.30383
PSUR,2017.0924,57787,1934,-0.462482,0.524078,0.000819,0.000718,0.004387,9.7918098078,125.49369727140001,80.30035
PSUR,2017.0951,57788,1934,-0.462115,0.522759,0.000787,0.000704,0.020175,9.7918097959,125.49369727480001,80.29457
PSUR,2017.0979,57789,1935,-0.463985,0.521459,0.000793,0.000691,-0.001288,9.7918097841,125.4936972578,80.29457
PSUR,2017.1006,57790,1935,-0.462651,0.523323,0.000806,0.000716,-0.005316,9.791809801,125.4936972699,80.30141
PSUR,2017.1034,57791,1935,-0.46374,0.523519,0.00078,0.000676,0.000663,9.7918098027,125.49369726,80.29238
PSUR,2017.1061,57792,1935,-0.461343,0.524077,0.000823,0.000709,-0.008997,9.7918098078,125.4936972818,80.29433
PSUR,2017.1088,57793,1935,-0.465211,0.524374,0.000781,0.00068,0.007948,9.7918098105,125.4936972466,80.29863
PSUR,2017.1116,57794,1935,-0.460911,0.533228,0.00102,0.000884,-0.026371,9.7918098905,125.49369728580001,80.27336
PSUR,2017.1143,57795,1935,-0.538461,0.624256,0.0008,0.000686,-0.016471,9.7918107135,125.4936965789,80.26174
PSUR,2017.117,57796,1936,-0.540077,0.625447,0.000863,0.000714,0.004005,9.7918107243,125.49369656409999,80.26367
PSUR,2017.1198,57797,1936,-0.539329,0.629471,0.000795,0.000692,0.000261,9.7918107606,125.49369657099999,80.26629
PSUR,2017.1225,57798,1936,-0.538764,0.632348,0.000828,0.00071,0.060065,9.7918107867,125.4936965761,80.25689
PSUR,2017.1253,57799,1936,-0.540667,0.630307,0.000782,0.000689,0.013888,9.7918107682,125.4936965588,80.25776
PSUR,2017.128,57800,1936,-0.540045,0.630362,0.000833,0.00072,-0.013244,9.7918107687,125.49369656440001,80.25793
PSUR,2017.1307,57801,1936,-0.54046,0.632231,0.000805,0.000707,0.015373,9.7918107856,125.49369656069999,80.25099
PSUR,2017.1335,57802,1936,-0.540909,0.634057,0.000837,0.000748,0.02091,9.7918108021,125.49369655660001,80.25235
PSUR,2017.1362,57803,1937,-0.540455,0.63694,0.000831,0.000725,-0.01357,9.7918108282,125.49369656069999,80.26155
PSUR,2017.1389,57804,1937,-0.544592,0.634993,0.000797,0.000694,0.003243,9.7918108106,125.49369652300001,80.25433
PSUR,2017.1417,57805,1937,-0.542222,0.638374,0.000802,0.000708,0.014794,9.7918108411,125.4936965446,80.26194
PSUR,2017.1444,57806,1937,-0.542692,0.637676,0.000855,0.00074,0.012733,9.7918108348,125.4936965403,80.24347
PSUR,2017.1472,57807,1937,-0.54384,0.638672,0.000935,0.000765,-0.043175,9.7918108438,125.49369652979999,80.25424
PSUR,2017.1499,57808,1937,-0.541352,0.64032,0.000868,0.000762,0.034842,9.7918108587,125.49369655250001,80.26169
PSUR,2017.1526,57809,1937,-0.544072,0.639092,0.000862,0.000752,0.034185,9.7918108476,125.4936965277,80.25911
PSUR,2017.1554,57810,1938,-0.544673,0.636244,0.000977,0.000838,0.005622,9.7918108219,125.49369652230001,80.25526
PSUR,2017.1581,57811,1938,-0.543638,0.637823,0.000896,0.000776,-0.010132,9.7918108362,125.49369653170001,80.25634
PSUR,2017.1608,57812,1938,-0.545438,0.639312,0.000906,0.000779,-0.016566,9.7918108496,125.4936965153,80.25514
PSUR,2017.1636,57813,1938,-0.542718,0.636804,0.000968,0.000822,-0.050459,9.7918108269,125.49369654009999,80.25136
PSUR,2017.1773,57818,1939,-0.549537,0.64238,0.000882,0.000744,-0.031549,9.7918108774,125.49369647789999,80.25597
PSUR,2017.18,57819,1939,-0.552471,0.643574,0.000875,0.000751,-0.000993,9.7918108882,125.49369645120001,80.26138
PSUR,2017.1828,57820,1939,-0.552892,0.643088,0.000888,0.000733,-0.022516,9.7918108838,125.49369644730001,80.25857
PSUR,2017.1855,57821,1939,-0.548822,0.643341,0.000797,0.000711,0.002336,9.791810886,125.4936964844,80.2565
PSUR,2017.1882,57822,1939,-0.549873,0.641777,0.000849,0.000734,0.027423,9.7918108719,125.49369647489999,80.24841
PSUR,2017.191,57823,1939,-0.549721,0.643569,0.000802,0.000699,0.000987,9.7918108881,125.4936964762,80.25314
PSUR,2017.1937,57824,1940,-0.550136,0.645709,0.000802,0.0007,-0.014818,9.7918109075,125.4936964725,80.24989
PSUR,2017.1964,57825,1940,-0.550787,0.645329,0.000808,0.000705,-0.023853,9.791810904,125.49369646650001,80.25043
PSUR,2017.1992,57826,1940,-0.551724,0.646977,0.000866,0.000732,0.002955,9.7918109189,125.49369645799999,80.25425
PSUR,2017.2019,57827,1940,-0.551062,0.650288,0.000835,0.00075,0.014592,9.7918109489,125.49369646400001,80.25555
PSUR,2017.2047,57828,1940,-0.549345,0.646812,0.001253,0.001079,-0.000126,9.7918109174,125.49369647969999,80.26318
PSUR,2017.2074,57829,1940,-0.551199,0.647709,0.000869,0.000723,-0.033679,9.7918109255,125.49369646279999,80.26281
PSUR,2017.2101,57830,1940,-0.55257,0.64983,0.000824,0.000704,-0.009431,9.7918109447,125.4936964503,80.25886
PSUR,2017.2129,57831,1941,-0.552864,0.64939,0.000806,0.000691,-0.002523,9.7918109407,125.4936964476,80.25375
PSUR,2017.2156,57832,1941,-0.552698,0.646403,0.000807,0.000695,0.000405,9.7918109137,125.49369644910001,80.25201
PSUR,2017.2183,57833,1941,-0.552317,0.650613,0.000864,0.000736,-0.020758,9.7918109518,125.4936964526,80.25285
PSUR,2017.2211,57834,1941,-0.552139,0.64903,0.000904,0.000766,-0.032392,9.7918109375,125.4936964542,80.24441
PSUR,2017.2238,57835,1941,-0.55242,0.646848,0.000905,0.000768,-0.047065,9.7918109178,125.49369645159999,80.25755
PSUR,2017.2266,57836,1941,-0.553497,0.649713,0.000867,0.000755,-0.000652,9.7918109437,125.49369644180001,80.24385
PSUR,2017.2293,57837,1941,-0.553547,0.652553,0.000885,0.000764,0.009209,9.7918109693,125.4936964414,80.2472
PSUR,2017.232,57838,1942,-0.551541,0.647565,0.000906,0.00079,0.021125,9.7918109242,125.4936964597,80.25182
PSUR,2017.2348,57839,1942,-0.552818,0.649339,0.000935,0.000825,-0.033529,9.7918109403,125.49369644800001,80.25594
PSUR,2017.2375,57840,1942,-0.553015,0.648644,0.000941,0.000815,0.003539,9.791810934,125.4936964462,80.25129
PSUR,2017.2567,57847,1943,-0.554826,0.650624,0.000908,0.000793,-0.025732,9.7918109519,125.49369642970001,80.24028
PSUR,2017.2594,57848,1943,-0.556023,0.650552,0.000889,0.00077,-0.032881,9.7918109512,125.4936964188,80.26799
PSUR,2017.2621,57849,1943,-0.552122,0.651412,0.000853,0.000755,-0.016108,9.791810959,125.49369645440001,80.24857
PSUR,2017.2649,57850,1943,-0.555265,0.654037,0.000844,0.000735,-0.003467,9.7918109827,125.4936964257,80.26168
PSUR,2017.2676,57851,1943,-0.553546,0.653822,0.000819,0.000712,-0.011184,9.7918109808,125.4936964414,80.24838
PSUR,2017.2704,57852,1944,-0.555093,0.652873,0.000795,0.000699,0.017423,9.7918109722,125.4936964273,80.25
PSUR,2017.2731,57853,1944,-0.553646,0.653418,0.000793,0.0007,0.02038,9.7918109772,125.4936964405,80.25285
PSUR,2017.2758,57854,1944,-0.555075,0.654464,0.000808,0.000699,0.000414,9.7918109866,125.49369642740001,80.24645
PSUR,2017.2786,57855,1944,-0.556892,0.650956,0.000889,0.000783,-0.005939,9.7918109549,125.49369641089999,80.2467
PSUR,2017.2813,57856,1944,-0.556512,0.656553,0.001088,0.00095,0.011327,9.7918110055,125.49369641429999,80.24852
PSUR,2017.2841,57857,1944,-0.554846,0.656214,0.000881,0.000739,0.003103,9.7918110024,125.4936964295,80.24622
PSUR,2017.2868,57858,1944,-0.557997,0.652849,0.000822,0.000725,-0.003374,9.791810972,125.49369640079999,80.26111
PSUR,2017.2895,57859,1945,-0.556866,0.654715,0.000794,0.000696,-0.028077,9.7918109889,125.49369641109999,80.25292
PSUR,2017.2923,57860,1945,-0.555585,0.656766,0.000815,0.00071,-0.003728,9.7918110074,125.49369642280001,80.2509
PSUR,2017.295,57861,1945,-0.555125,0.6541129999999999,0.000826,0.000718,-0.01275,9.7918109834,125.493696427,80.24836
PSUR,2017.2977,57862,1945,-0.557352,0.654149,0.000803,0.000704,-0.015283,9.7918109838,125.4936964067,80.25305
PSUR,2017.3005,57863,1945,-0.556681,0.655066,0.000806,0.000716,0.008487,9.7918109921,125.4936964128,80.25492
PSUR,2017.3032,57864,1945,-0.555916,0.657662,0.000812,0.000718,0.022163,9.7918110155,125.49369641979999,80.2489
PSUR,2017.306,57865,1945,-0.558139,0.65634,0.000841,0.000738,0.01794,9.7918110036,125.49369639950001,80.24767
PSUR,2017.3087,57866,1946,-0.558927,0.658718,0.000845,0.000728,-0.015278,9.7918110251,125.4936963923,80.26403
PSUR,2017.3114,57867,1946,-0.559561,0.658682,0.000859,0.000755,-0.036754,9.7918110247,125.4936963865,80.24977
PSUR,2017.3142,57868,1946,-0.557083,0.658166,0.000899,0.00078,-0.058141,9.7918110201,125.49369640910001,80.25909
PSUR,2017.3169,57869,1946,-0.556444,0.659342,0.000816,0.0007,-0.017564,9.7918110307,125.49369641499999,80.24895
PSUR,2017.3196,57870,1946,-0.55842,0.658902,0.000827,0.000732,-0.023164,9.7918110267,125.49369639689999,80.25244
PSUR,2017.3224,57871,1946,-0.556437,0.658458,0.000827,0.000734,0.024917,9.7918110227,125.49369641499999,80.24624
PSUR,2017.3251,57872,1946,-0.558089,0.65898,0.000804,0.0007,0.004604,9.7918110274,125.4936964,80.24753
PSUR,2017.3279,57873,1947,-0.558675,0.658249,0.000828,0.000719,-0.008622,9.7918110208,125.4936963946,80.24867
PSUR,2017.3306,57874,1947,-0.559036,0.660143,0.000886,0.00077,-0.033641,9.791811038,125.4936963913,80.26059
PSUR,2017.3333,57875,1947,-0.558699,0.657697,0.000829,0.000717,-0.001416,9.7918110158,125.49369639439999,80.24983
PSUR,2017.3361,57876,1947,-0.559248,0.659273,0.000842,0.000736,0.002705,9.7918110301,125.49369638939999,80.24919
PSUR,2017.3388,57877,1947,-0.557388,0.659615,0.000836,0.000726,-0.010534,9.7918110332,125.49369640629999,80.24551
PSUR,2017.3415,57878,1947,-0.559571,0.660146,0.000957,0.000797,-0.050256,9.791811038,125.4936963865,80.2574
PSUR,2017.3443,57879,1947,-0.558564,0.658882,0.00085,0.000739,-0.023038,9.7918110266,125.49369639560001,80.24632
PSUR,2017.347,57880,1948,-0.558974,0.66217,0.000843,0.000751,0.006004,9.7918110563,125.49369639189999,80.24941
PSUR,2017.3498,57881,1948,-0.560182,0.661203,0.000836,0.000744,0.036082,9.7918110475,125.49369638089999,80.25644
PSUR,2017.3525,57882,1948,-0.558631,0.66148,0.000868,0.00075,-0.035472,9.79181105,125.493696395,80.24586
PSUR,2017.3552,57883,1948,-0.558003,0.658935,0.000853,0.000749,0.000154,9.791811027,125.4936964007,80.24464
PSUR,2017.358,57884,1948,-0.560475,0.661372,0.00085,0.000768,0.017392,9.7918110491,125.49369637820001,80.25404
PSUR,2017.3607,57885,1948,-0.559632,0.659239,0.00089,0.000767,0.006616,9.7918110298,125.4936963859,80.25795
PSUR,2017.3634,57886,1948,-0.560185,0.663652,0.000797,0.000702,0.000184,9.7918110697,125.49369638089999,80.25739
PSUR,2017.3662,57887,1949,-0.558851,0.661827,0.000831,0.000711,-0.006279,9.7918110532,125.493696393,80.25878
PSUR,2017.3689,57888,1949,-0.559866,0.663465,0.000812,0.000711,0.031857,9.791811068,125.4936963838,80.25928
PSUR,2017.3717,57889,1949,-0.560079,0.664552,0.000821,0.000712,-0.017651,9.7918110778,125.49369638179999,80.24777
PSUR,2017.3744,57890,1949,-0.561456,0.663944,0.000846,0.000723,0.023657,9.7918110723,125.49369636930001,80.25451
PSUR,2017.3771,57891,1949,-0.561529,0.664021,0.000823,0.00073,0.028856,9.791811073,125.49369636860001,80.2511
PSUR,2017.3799,57892,1949,-0.561077,0.6632,0.000846,0.000757,0.05125,9.7918110656,125.49369637269999,80.25641
PSUR,2017.3826,57893,1949,-0.558001,0.666025,0.000874,0.000768,-0.000571,9.7918110911,125.49369640079999,80.24702
PSUR,2017.3854,57894,1950,-0.559395,0.666089,0.000822,0.000719,0.02581,9.7918110917,125.4936963881,80.25179
PSUR,2017.3881,57895,1950,-0.561435,0.666899,0.000812,0.000716,-0.023143,9.791811099,125.49369636949999,80.24793
PSUR,2017.3908,57896,1950,-0.560544,0.665587,0.000814,0.000707,-0.021483,9.7918110872,125.4936963776,80.26753
PSUR,2017.3936,57897,1950,-0.559296,0.662067,0.000837,0.000735,-0.008183,9.7918110553,125.49369638900001,80.2569
PSUR,2017.3963,57898,1950,-0.558522,0.664122,0.000797,0.000696,0.00088,9.7918110739,125.49369639599999,80.24493
PSUR,2017.399,57899,1950,-0.557946,0.666904,0.000886,0.000755,-0.030006,9.7918110991,125.49369640130001,80.24574
PSUR,2017.4018,57900,1950,-0.559676,0.664526,0.000824,0.000723,-0.017978,9.7918110776,125.49369638549999,80.25279
PSUR,2017.4045,57901,1951,-0.559448,0.666146,0.00084,0.00074,-0.009363,9.7918110922,125.49369638760001,80.24447
PSUR,2017.4073,57902,1951,-0.561028,0.666617,0.000841,0.000752,0.011944,9.7918110965,125.49369637320001,80.256
PSUR,2017.41,57903,1951,-0.560386,0.667652,0.000861,0.000746,-0.005317,9.7918111058,125.493696379,80.24333
PSUR,2017.4127,57904,1951,-0.558279,0.667635,0.000811,0.000711,0.010615,9.7918111057,125.4936963982,80.2494
PSUR,2017.4182,57906,1951,-0.559033,0.668516,0.000808,0.000716,-0.034747,9.7918111137,125.4936963914,80.25396
PSUR,2017.4209,57907,1951,-0.560516,0.667305,0.000833,0.000714,-0.011174,9.7918111027,125.4936963778,80.24179
PSUR,2017.4237,57908,1952,-0.561061,0.667789,0.000832,0.000706,-0.001231,9.7918111071,125.49369637289999,80.25407
PSUR,2017.4264,57909,1952,-0.561539,0.667912,0.000826,0.000733,-0.003323,9.7918111082,125.4936963685,80.2441
PSUR,2017.4292,57910,1952,-0.561026,0.666793,0.000815,0.000707,-0.039035,9.7918110981,125.49369637320001,80.25285
PSUR,2017.4319,57911,1952,-0.560567,0.666758,0.000817,0.000709,-0.018759,9.7918110978,125.4936963774,80.2489
PSUR,2017.4346,57912,1952,-0.560566,0.667007,0.000816,0.000708,-0.006955,9.7918111,125.4936963774,80.25333
PSUR,2017.4374,57913,1952,-0.560258,0.666271,0.000792,0.000697,-0.002812,9.7918110934,125.49369638019999,80.25365
PSUR,2017.4401,57914,1952,-0.563402,0.668161,0.000784,0.000694,-0.014836,9.7918111104,125.4936963515,80.25391
PSUR,2017.4428,57915,1953,-0.563348,0.666984,0.0008,0.000705,-0.018899,9.7918110998,125.493696352,80.24669
PSUR,2017.4456,57916,1953,-0.561885,0.668724,0.000841,0.000741,-0.019524,9.7918111155,125.49369636540001,80.24382
PSUR,2017.4483,57917,1953,-0.56298,0.667484,0.000836,0.000727,-0.01742,9.7918111043,125.4936963554,80.24258
PSUR,2017.4511,57918,1953,-0.562788,0.667791,0.000827,0.000746,0.017443,9.7918111071,125.49369635709999,80.25042
PSUR,2017.4538,57919,1953,-0.562355,0.668342,0.000933,0.000827,-0.010089,9.7918111121,125.4936963611,80.24732
PSUR,2017.4565,57920,1953,-0.562472,0.669509,0.000846,0.000725,-0.01943,9.7918111226,125.49369636,80.24644
PSUR,2017.4593,57921,1953,-0.563245,0.668727,0.000854,0.000746,-0.035798,9.7918111156,125.49369635299999,80.24268
PSUR,2017.462,57922,1954,-0.561938,0.670347,0.000854,0.000739,-0.069516,9.7918111302,125.49369636489999,80.24609
PSUR,2017.4648,57923,1954,-0.561929,0.670093,0.000818,0.000717,0.011406,9.7918111279,125.493696365,80.25294
PSUR,2017.7112,58013,1967,-0.567492,0.681953,0.000846,0.000727,0.009586,9.7918112351,125.49369631420001,80.24535
PSUR,2017.7139,58014,1967,-0.569864,0.684056,0.000851,0.000724,0.008392,9.7918112542,125.49369629259999,80.24069
PSUR,2017.7166,58015,1967,-0.568475,0.681649,0.000823,0.000727,0.010509,9.7918112324,125.4936963053,80.24439
PSUR,2017.7194,58016,1967,-0.570463,0.684093,0.000832,0.000734,-0.019409,9.7918112545,125.49369628720001,80.2405
PSUR,2017.7221,58017,1967,-0.568241,0.681779,0.000816,0.000699,-0.000133,9.7918112336,125.4936963074,80.24682
PSUR,2017.7248,58018,1967,-0.568582,0.682513,0.000859,0.000752,-0.019663,9.7918112402,125.49369630429999,80.24647
PSUR,2017.7276,58019,1967,-0.568783,0.682835,0.00081,0.000717,-0.015243,9.7918112431,125.49369630250001,80.24356
PSUR,2018.7077,58377,2019,-0.592177,0.717982,0.000822,0.000719,-0.013975,9.7918115609,125.4936960892,80.2392
PSUR,2018.7132,58379,2019,-0.594062,0.718848,0.000845,0.000723,-0.055472,9.7918115687,125.4936960721,80.24321
PSUR,2018.7159,58380,2019,-0.591369,0.718553,0.000853,0.000731,-0.045953,9.791811566,125.49369609659999,80.23846
PSUR,2018.7187,58381,2019,-0.595548,0.716788,0.000884,0.000742,-0.025179,9.7918115501,125.4936960585,80.24202
PSUR,2018.7214,58382,2019,-0.593409,0.720001,0.000862,0.000725,0.028983,9.7918115791,125.493696078,80.23797
PSUR,2018.7242,58383,2019,-0.596014,0.717611,0.000836,0.000704,-0.019595,9.7918115575,125.49369605429999,80.23431
PSUR,2019.7043,58741,2071,-0.609235,0.748022,0.000836,0.000712,-0.019887,9.7918118325,125.4936959337,80.23263
PSUR,2019.707,58742,2071,-0.607595,0.748348,0.000833,0.000733,0.00842,9.7918118354,125.49369594870001,80.2337
PSUR,2019.7098,58743,2071,-0.611467,0.750325,0.000856,0.000738,-0.00656,9.7918118533,125.49369591339999,80.24192
PSUR,2019.7125,58744,2071,-0.609449,0.749018,0.000842,0.000735,-0.000718,9.7918118415,125.4936959318,80.23214
PSUR,2019.7153,58745,2071,-0.610768,0.749843,0.000835,0.000722,-0.016032,9.7918118489,125.49369591979999,80.2406
PSUR,2019.718,58746,2071,-0.607443,0.749491,0.000832,0.000757,0.002853,9.7918118458,125.4936959501,80.24496
PSUR,2019.7207,58747,2071,-0.611554,0.748705,0.001086,0.000998,0.017341,9.7918118386,125.4936959126,80.2413
PTGO,2015.0007,57023,1825,-0.106679,0.335487,0.000837,0.00071,-0.099549,8.5259230139,124.755029753,93.13321
PTGO,2015.0034,57024,1825,-0.107846,0.333567,0.00083,0.000733,-0.044549,8.5259229965,124.75502974240001,93.13567
PTGO,2015.0062,57025,1825,-0.106597,0.334092,0.000869,0.000733,-0.123512,8.5259230013,124.75502975379999,93.13288
PTGO,2015.0089,57026,1826,-0.107833,0.332185,0.000857,0.000745,-0.036623,8.525922984,124.7550297425,93.13829
PTGO,2015.0116,57027,1826,-0.106294,0.331985,0.000835,0.000719,-0.059019,8.5259229822,124.7550297565,93.12718
PTGO,2015.0144,57028,1826,-0.107527,0.332776,0.000865,0.000744,-0.025526,8.5259229894,124.75502974529999,93.13032
PTGO,2015.0171,57029,1826,-0.108038,0.332159,0.000884,0.00076,-0.050628,8.5259229838,124.7550297407,93.12993
PTGO,2015.0198,57030,1826,-0.107593,0.333902,0.000884,0.000772,-0.065396,8.5259229996,124.75502974470001,93.1311
PTGO,2015.0226,57031,1826,-0.107402,0.332971,0.000915,0.000801,-0.031909,8.5259229911,124.75502974649999,93.13074
PTGO,2015.0253,57032,1826,-0.108366,0.332959,0.000826,0.000706,-0.057489,8.525922991,124.7550297377,93.13389
PTGO,2015.0281,57033,1827,-0.106418,0.332656,0.0008,0.000718,-0.050651,8.5259229883,124.75502975539999,93.132
PTGO,2015.0308,57034,1827,-0.107897,0.334769,0.000831,0.0007,-0.059644,8.5259230074,124.755029742,93.1301
PTGO,2015.0335,57035,1827,-0.108544,0.333175,0.000837,0.000719,-0.092005,8.525922993,124.7550297361,93.13122
PTGO,2015.0363,57036,1827,-0.10855,0.332578,0.000809,0.00069,-0.080816,8.5259229876,124.75502973600001,93.12701
PTGO,2015.039,57037,1827,-0.108385,0.33336,0.000873,0.000757,-0.080035,8.5259229947,124.7550297375,93.13248
PTGO,2015.0418,57038,1827,-0.109434,0.331736,0.000851,0.000717,-0.07367,8.52592298,124.75502972800001,93.12531
PTGO,2015.0445,57039,1827,-0.108954,0.333081,0.000798,0.000699,-0.082481,8.5259229921,124.7550297324,93.1289
PTGO,2015.0472,57040,1828,-0.110583,0.331561,0.000851,0.000739,-0.077862,8.5259229784,124.7550297176,93.13194
PTGO,2015.05,57041,1828,-0.107601,0.331682,0.000871,0.000753,-0.050012,8.5259229795,124.7550297446,93.13928
PTGO,2015.0527,57042,1828,-0.10944,0.331891,0.000811,0.000715,-0.04559,8.5259229814,124.7550297279,93.12651
PTGO,2015.0554,57043,1828,-0.108789,0.330472,0.000845,0.000748,-0.055441,8.5259229685,124.75502973389999,93.14247
PTGO,2015.0582,57044,1828,-0.110092,0.33232,0.00085,0.000723,-0.050167,8.5259229853,124.75502972199999,93.13445
PTGO,2015.0609,57045,1828,-0.108898,0.33203,0.000924,0.000747,-0.101177,8.5259229826,124.7550297329,93.13656
PTGO,2015.0637,57046,1828,-0.107867,0.331475,0.000912,0.000749,-0.073636,8.5259229776,124.75502974220001,93.1395
PTGO,2015.0664,57047,1829,-0.110954,0.332884,0.000841,0.000717,-0.05984,8.5259229903,124.75502971419999,93.13556
PTGO,2015.0691,57048,1829,-0.110029,0.331194,0.000834,0.000739,-0.08213,8.5259229751,124.7550297226,93.13676
PTGO,2015.0719,57049,1829,-0.109699,0.333707,0.000838,0.000723,-0.057754,8.5259229978,124.7550297256,93.13119
PTGO,2015.0746,57050,1829,-0.108801,0.331409,0.000818,0.000711,-0.084271,8.525922977,124.75502973370001,93.12632
PTGO,2015.0773,57051,1829,-0.111907,0.334392,0.000898,0.000767,-0.033947,8.525923004,124.7550297055,93.13908
PTGO,2015.0801,57052,1829,-0.110094,0.331513,0.000934,0.000803,-0.026274,8.525922978,124.75502972199999,93.1354
PTGO,2015.0828,57053,1829,-0.111031,0.330041,0.000816,0.000711,-0.033627,8.5259229646,124.7550297135,93.12651
PTGO,2015.0856,57054,1830,-0.108256,0.329771,0.000896,0.000816,0.005744,8.5259229622,124.75502973869999,93.1382
PTGO,2015.0883,57055,1830,-0.109996,0.331715,0.000859,0.000722,-0.073934,8.5259229798,124.75502972289999,93.13737
PTGO,2015.091,57056,1830,-0.108518,0.330955,0.000813,0.000721,-0.056855,8.5259229729,124.7550297363,93.12851
PTGO,2015.0938,57057,1830,-0.109577,0.330163,0.000827,0.000714,-0.035294,8.5259229657,124.7550297267,93.13001
PTGO,2015.0965,57058,1830,-0.10877,0.332585,0.00083,0.000717,-0.055746,8.5259229877,124.755029734,93.13575
PTGO,2015.0992,57059,1830,-0.109247,0.331055,0.000823,0.000706,-0.075092,8.5259229738,124.7550297297,93.13166
PTGO,2015.102,57060,1830,-0.107753,0.331862,0.000802,0.000711,-0.060305,8.5259229811,124.75502974330001,93.13699
PTGO,2015.1047,57061,1831,-0.106306,0.330683,0.000823,0.000719,-0.057655,8.5259229704,124.7550297564,93.12884
PTGO,2015.1075,57062,1831,-0.107581,0.329672,0.000853,0.000743,-0.030141,8.5259229613,124.7550297448,93.13031
PTGO,2015.1102,57063,1831,-0.110132,0.332402,0.001021,0.000829,-0.044677,8.525922986,124.7550297217,93.13484
PTGO,2015.1129,57064,1831,-0.108174,0.331032,0.000895,0.000765,-0.081898,8.5259229736,124.75502973939999,93.12906
PTGO,2015.1157,57065,1831,-0.107129,0.329323,0.00082,0.00071,-0.067695,8.5259229582,124.7550297489,93.12603
PTGO,2015.1184,57066,1831,-0.109886,0.329409,0.00087,0.000742,-0.062933,8.5259229589,124.75502972390001,93.13336
PTGO,2015.1211,57067,1831,-0.108353,0.330358,0.000973,0.000863,-0.047974,8.5259229675,124.75502973779999,93.13304
PTGO,2015.1239,57068,1832,-0.104992,0.329499,0.00089,0.000745,-0.06358,8.5259229597,124.7550297683,93.133
PTGO,2015.1266,57069,1832,-0.107489,0.332162,0.000976,0.000814,-0.069998,8.5259229838,124.7550297457,93.13448
PTGO,2015.1294,57070,1832,-0.108593,0.331724,0.000897,0.000747,-0.031132,8.5259229799,124.7550297356,93.13689
PTGO,2015.1321,57071,1832,-0.110429,0.332504,0.000869,0.000753,-0.056759,8.5259229869,124.75502971899999,93.13897
PTGO,2015.1348,57072,1832,-0.110689,0.332733,0.000925,0.000819,-0.042801,8.525922989,124.7550297166,93.13955
PTGO,2015.1376,57073,1832,-0.108388,0.331994,0.000855,0.000759,-0.017566,8.5259229823,124.7550297375,93.13676
PTGO,2015.1403,57074,1832,-0.108141,0.331903,0.000838,0.000721,-0.060045,8.5259229815,124.7550297397,93.13609
PTGO,2015.1431,57075,1833,-0.109524,0.334181,0.000821,0.000709,-0.052215,8.5259230021,124.7550297272,93.13756
PTGO,2015.1458,57076,1833,-0.109157,0.331739,0.000829,0.000731,-0.08184,8.52592298,124.75502973050001,93.13306
PTGO,2015.1485,57077,1833,-0.109011,0.330588,0.000806,0.000722,-0.045478,8.5259229696,124.7550297318,93.13139
PTGO,2015.1513,57078,1833,-0.109277,0.331258,0.000835,0.00073,-0.03985,8.5259229756,124.75502972940001,93.13059
PTGO,2015.154,57079,1833,-0.108816,0.332105,0.000882,0.000752,-0.044379,8.5259229833,124.7550297336,93.1302
PTGO,2015.1567,57080,1833,-0.108473,0.331,0.000971,0.000828,-0.049316,8.5259229733,124.75502973670001,93.14233
PTGO,2015.1595,57081,1833,-0.111914,0.32883,0.000911,0.000772,-0.014928,8.5259229537,124.7550297055,93.12396
PTGO,2015.1622,57082,1834,-0.109673,0.32997,0.000885,0.000748,-0.041975,8.525922964,124.7550297258,93.13645
PTGO,2015.165,57083,1834,-0.108652,0.333195,0.000851,0.00074,-0.080813,8.5259229932,124.75502973510001,93.14046
PTGO,2015.1677,57084,1834,-0.111365,0.332519,0.000933,0.000772,-0.05055,8.5259229871,124.7550297105,93.12971
PTGO,2015.1704,57085,1834,-0.112104,0.331391,0.000894,0.000762,-0.031735,8.5259229768,124.75502970369999,93.13235
PTGO,2015.1732,57086,1834,-0.109322,0.33055,0.00091,0.000775,-0.03789,8.5259229692,124.755029729,93.13004
PTGO,2015.1759,57087,1834,-0.109851,0.330357,0.000946,0.000811,-0.033776,8.5259229675,124.7550297242,93.13035
PTGO,2015.1786,57088,1834,-0.109661,0.332222,0.000877,0.000759,-0.021236,8.5259229844,124.75502972589999,93.14244
PTGO,2015.1814,57089,1835,-0.109079,0.330569,0.000866,0.000776,-0.018984,8.5259229694,124.75502973120001,93.12755
PTGO,2015.1841,57090,1835,-0.109725,0.331152,0.000854,0.00073,-0.029765,8.5259229747,124.7550297254,93.13163
PTGO,2015.1869,57091,1835,-0.113774,0.331026,0.000858,0.000726,-0.036118,8.5259229735,124.75502968859999,93.13027
PTGO,2015.1896,57092,1835,-0.10993,0.33071,0.000941,0.000824,0.018321,8.5259229707,124.7550297235,93.12756
PTGO,2015.1923,57093,1835,-0.110654,0.332049,0.000947,0.000813,-0.045296,8.5259229828,124.7550297169,93.13518
PTGO,2015.1951,57094,1835,-0.110549,0.332994,0.000906,0.000794,-0.069862,8.5259229913,124.75502971789999,93.13394
PTGO,2015.1978,57095,1835,-0.11203,0.33263,0.000931,0.000801,-0.042611,8.5259229881,124.75502970439999,93.13778
PTGO,2015.2005,57096,1836,-0.111431,0.33282,0.000873,0.00076,-0.065554,8.5259229898,124.75502970989999,93.13568
PTGO,2015.2033,57097,1836,-0.112649,0.332866,0.000929,0.000853,0.033332,8.5259229902,124.7550296988,93.13213
PTGO,2015.206,57098,1836,-0.111612,0.332751,0.000863,0.000755,-0.04324,8.5259229891,124.7550297082,93.13146
PTGO,2015.2088,57099,1836,-0.11141,0.333226,0.000795,0.000709,-0.047132,8.5259229934,124.75502971,93.13144
PTGO,2015.2115,57100,1836,-0.11107,0.331816,0.000836,0.000718,-0.026898,8.5259229807,124.75502971309999,93.13848
PTGO,2015.2142,57101,1836,-0.113178,0.331529,0.000831,0.000706,-0.049319,8.5259229781,124.755029694,93.13229
PTGO,2015.217,57102,1836,-0.111375,0.332501,0.000906,0.000786,-0.047891,8.5259229869,124.75502971040001,93.13652
PTGO,2015.2197,57103,1837,-0.111115,0.331649,0.000865,0.000735,-0.07702,8.5259229792,124.75502971270001,93.13121
PTGO,2015.2225,57104,1837,-0.112433,0.331562,0.000833,0.000727,-0.040545,8.5259229784,124.75502970080001,93.12171
PTGO,2015.2252,57105,1837,-0.112301,0.329848,0.000948,0.000798,-0.066806,8.5259229629,124.755029702,93.13014
PTGO,2015.2279,57106,1837,-0.114616,0.330706,0.000909,0.000767,-0.021352,8.5259229707,124.75502968090001,93.13532
PTGO,2015.2307,57107,1837,-0.110668,0.329481,0.000983,0.000829,-0.108958,8.5259229596,124.75502971680001,93.1525
PTGO,2015.2334,57108,1837,-0.113482,0.330355,0.000882,0.000747,-0.047152,8.5259229675,124.75502969120001,93.14448
PTGO,2015.2361,57109,1837,-0.112972,0.329564,0.000913,0.000749,-0.03754,8.5259229603,124.75502969589999,93.13571
PTGO,2015.2389,57110,1838,-0.112771,0.329332,0.000915,0.000747,-0.039651,8.5259229582,124.7550296977,93.13758
PTGO,2015.2416,57111,1838,-0.110943,0.332589,0.000962,0.000795,-0.09145,8.5259229877,124.75502971430001,93.13979
PTGO,2015.2444,57112,1838,-0.110274,0.334176,0.000959,0.00081,0.022407,8.525923002,124.75502972039999,93.14441
PTGO,2015.2471,57113,1838,-0.113127,0.332151,0.001034,0.000881,-0.012432,8.5259229837,124.7550296945,93.14695
PTGO,2015.2498,57114,1838,-0.113853,0.33126,0.000952,0.00085,-0.052914,8.5259229757,124.75502968789999,93.13997
PTGO,2015.2526,57115,1838,-0.115733,0.330967,0.000987,0.000858,0.015225,8.525922973,124.75502967080001,93.13616
PTGO,2015.2553,57116,1838,-0.114067,0.33478,0.000987,0.000856,-0.047878,8.5259230075,124.75502968590001,93.15051
PTGO,2015.258,57117,1839,-0.112979,0.33211,0.001006,0.000877,-0.02073,8.5259229834,124.7550296958,93.144
PTGO,2015.2608,57118,1839,-0.114181,0.33233,0.001046,0.000872,-0.022169,8.5259229853,124.7550296849,93.14665
PTGO,2015.2635,57119,1839,-0.114793,0.333106,0.000958,0.000848,-0.007205,8.5259229924,124.75502967930001,93.14928
PTGO,2015.2663,57120,1839,-0.112859,0.330977,0.00102,0.000855,-0.028264,8.5259229731,124.75502969690001,93.13286
PTGO,2015.269,57121,1839,-0.114934,0.331496,0.000895,0.000767,-0.053277,8.5259229778,124.755029678,93.14245
PTGO,2015.2717,57122,1839,-0.114922,0.330902,0.000848,0.000744,-0.0618,8.5259229724,124.7550296782,93.13828
PTGO,2015.2745,57123,1839,-0.116689,0.328683,0.000886,0.000753,-0.045359,8.5259229524,124.75502966209999,93.1412
PTGO,2015.2772,57124,1840,-0.116522,0.33111,0.000967,0.000815,-0.087833,8.5259229743,124.7550296636,93.13061
PTGO,2015.2799,57125,1840,-0.113785,0.33271,0.000849,0.000742,-0.067161,8.5259229888,124.7550296885,93.14004
PTGO,2015.2827,57126,1840,-0.115465,0.329937,0.000949,0.000846,-0.005332,8.5259229637,124.7550296732,93.12814
PTGO,2015.2854,57127,1840,-0.113407,0.332473,0.000972,0.000817,-0.083191,8.5259229866,124.7550296919,93.13018
PTGO,2015.2882,57128,1840,-0.113593,0.331972,0.000878,0.000763,-0.064205,8.5259229821,124.75502969019999,93.14484
PTGO,2015.2909,57129,1840,-0.115821,0.331663,0.000836,0.000743,-0.040468,8.5259229793,124.75502967,93.14144
PTGO,2015.2936,57130,1840,-0.115604,0.330599,0.000855,0.00076,-0.081314,8.5259229697,124.755029672,93.1354
PTGO,2015.2964,57131,1841,-0.111104,0.333007,0.000883,0.000771,-0.047246,8.5259229915,124.7550297128,93.15751
PTGO,2015.2991,57132,1841,-0.114403,0.332391,0.000992,0.000841,-0.060867,8.5259229859,124.75502968289999,93.13901
PTGO,2015.3018,57133,1841,-0.113868,0.334924,0.001005,0.000839,-0.040678,8.5259230088,124.75502968769999,93.14977
PTGO,2015.3046,57134,1841,-0.114527,0.330628,0.000987,0.000806,-0.035102,8.52592297,124.7550296817,93.138
PTGO,2015.3073,57135,1841,-0.113608,0.331015,0.000909,0.000783,-0.080812,8.5259229734,124.7550296901,93.13479
PTGO,2015.3101,57136,1841,-0.111931,0.332566,0.000867,0.000776,-0.051823,8.5259229875,124.75502970529999,93.13973
PTGO,2015.3128,57137,1841,-0.111001,0.331484,0.001002,0.000885,-0.069922,8.5259229777,124.75502971380001,93.14745
PTGO,2015.3155,57138,1842,-0.113323,0.333552,0.000928,0.000806,-0.054858,8.5259229964,124.75502969269999,93.1424
PTGO,2015.3183,57139,1842,-0.116124,0.33089,0.000934,0.000797,-0.052283,8.5259229723,124.7550296672,93.13235
PTGO,2015.321,57140,1842,-0.115897,0.33262,0.000854,0.000734,-0.027689,8.525922988,124.7550296693,93.13962
PTGO,2015.3265,57142,1842,-0.115261,0.332497,0.000844,0.000737,-0.067506,8.5259229869,124.75502967509999,93.1443
PTGO,2015.332,57144,1842,-0.116142,0.336101,0.000861,0.000747,-0.035192,8.5259230194,124.75502966709999,93.1405
PTGO,2015.3347,57145,1843,-0.116755,0.331607,0.000882,0.000763,-0.068613,8.5259229788,124.7550296615,93.13356
PTGO,2015.3374,57146,1843,-0.115483,0.332587,0.000944,0.000811,-0.095082,8.5259229877,124.75502967310001,93.13454
PTGO,2015.3402,57147,1843,-0.115674,0.333755,0.000886,0.000796,-0.02815,8.5259229982,124.75502967130001,93.14237
PTGO,2015.3429,57148,1843,-0.115043,0.332779,0.000832,0.000737,-0.030644,8.5259229894,124.75502967700001,93.14607
PTGO,2015.3457,57149,1843,-0.114182,0.333926,0.00091,0.000803,-0.043484,8.5259229998,124.7550296849,93.14576
PTGO,2015.3484,57150,1843,-0.115172,0.334988,0.000967,0.000808,-0.016561,8.5259230094,124.7550296759,93.14305
PTGO,2015.3511,57151,1843,-0.115071,0.334032,0.000933,0.000814,-0.088962,8.5259230007,124.7550296768,93.14437
PTGO,2015.3539,57152,1844,-0.111588,0.334917,0.000914,0.00082,0.023724,8.5259230087,124.7550297084,93.13731
PTGO,2015.3566,57153,1844,-0.113266,0.33451,0.000829,0.000722,-0.076674,8.5259230051,124.75502969319999,93.14
PTGO,2015.3593,57154,1844,-0.115056,0.333927,0.000855,0.000764,-0.058288,8.5259229998,124.7550296769,93.13108
PTGO,2015.3621,57155,1844,-0.11553,0.331645,0.00087,0.00075,-0.053172,8.5259229792,124.75502967259999,93.14132
PTGO,2015.3648,57156,1844,-0.114621,0.333624,0.000856,0.000761,-0.023333,8.525922997,124.75502968090001,93.14818
PTGO,2015.3676,57157,1844,-0.114008,0.333851,0.00084,0.000742,-0.029626,8.5259229991,124.7550296865,93.14686
PTGO,2015.3703,57158,1844,-0.114819,0.332048,0.000895,0.000758,-0.002328,8.5259229828,124.7550296791,93.15238
PTGO,2015.373,57159,1845,-0.114077,0.333044,0.000924,0.000779,-0.057651,8.5259229918,124.7550296858,93.14185
PTGO,2015.3758,57160,1845,-0.114321,0.332217,0.000892,0.000796,-0.037758,8.5259229843,124.75502968359999,93.14789
PTGO,2015.3785,57161,1845,-0.112098,0.337167,0.00084,0.000747,-0.060145,8.5259230291,124.7550297038,93.15686
PTGO,2015.3812,57162,1845,-0.114409,0.332095,0.000837,0.000729,-0.066742,8.5259229832,124.7550296828,93.14586
PTGO,2015.384,57163,1845,-0.115846,0.334974,0.00086,0.000739,-0.034938,8.5259230093,124.7550296698,93.14934
PTGO,2015.3867,57164,1845,-0.115653,0.334553,0.000826,0.000719,-0.039615,8.5259230054,124.75502967150001,93.14365
PTGO,2015.3895,57165,1845,-0.114152,0.335047,0.000872,0.000731,-0.021644,8.5259230099,124.7550296851,93.14288
PTGO,2015.3922,57166,1846,-0.11683,0.33461,0.00086,0.000772,-0.040514,8.525923006,124.7550296608,93.14092
PTGO,2015.3949,57167,1846,-0.115176,0.334513,0.000892,0.000767,-0.021679,8.5259230051,124.75502967579999,93.15641
PTGO,2015.3977,57168,1846,-0.113142,0.334412,0.000879,0.000768,-0.044282,8.5259230042,124.75502969429999,93.13976
PTGO,2015.4004,57169,1846,-0.117076,0.333917,0.000902,0.000793,-0.019972,8.5259229997,124.7550296586,93.13906
PTGO,2015.4031,57170,1846,-0.108958,0.335056,0.000929,0.000767,-0.047395,8.52592301,124.75502973229999,93.15257
PTGO,2015.4059,57171,1846,-0.11636,0.335741,0.000892,0.000742,-0.109966,8.5259230162,124.75502966510001,93.14806
PTGO,2015.4086,57172,1846,-0.114683,0.333709,0.000865,0.000752,-0.04948,8.5259229978,124.7550296803,93.1396
PTGO,2015.4114,57173,1847,-0.11631,0.334691,0.000877,0.000733,-0.046145,8.5259230067,124.75502966549999,93.13589
PTGO,2015.4141,57174,1847,-0.116697,0.332654,0.000854,0.000724,-0.058653,8.5259229883,124.755029662,93.13539
PTGO,2015.6797,57271,1861,-0.119389,0.339281,0.000833,0.000739,-0.011187,8.5259230482,124.75502963759999,93.13285
PTGO,2015.6824,57272,1861,-0.119573,0.334978,0.000838,0.000743,-0.070323,8.5259230093,124.7550296359,93.13397
PTGO,2015.6851,57273,1861,-0.118375,0.33788,0.00083,0.000726,-0.025128,8.5259230355,124.75502964680001,93.1383
PTGO,2015.6879,57274,1861,-0.118844,0.338415,0.000807,0.000723,-0.027273,8.5259230404,124.7550296425,93.1335
PTGO,2015.6906,57275,1861,-0.117009,0.337105,0.000819,0.00073,-0.001497,8.5259230285,124.7550296592,93.13467
PTGO,2015.6934,57276,1861,-0.117189,0.33848,0.000829,0.000747,-0.012797,8.525923041,124.7550296576,93.12351
PTGO,2015.6961,57277,1861,-0.117938,0.337187,0.000777,0.000692,-0.040274,8.5259230293,124.75502965070001,93.13422
PTGO,2016.7146,57649,1915,-0.131409,0.339279,0.000801,0.000694,0.0035,8.5259230482,124.7550295284,93.13602
PTGO,2016.7173,57650,1915,-0.127953,0.338492,0.0008,0.000692,0.01232,8.5259230411,124.7550295598,93.13676
PTGO,2016.7201,57651,1915,-0.130207,0.337258,0.000786,0.000683,0.014645,8.5259230299,124.75502953930001,93.13724
PTGO,2016.7228,57652,1915,-0.129681,0.339088,0.000788,0.00071,0.034052,8.5259230464,124.75502954410001,93.13385
PTGO,2016.7255,57653,1915,-0.132721,0.340353,0.000838,0.000706,0.008809,8.5259230579,124.7550295165,93.13335
PTGO,2016.7283,57654,1915,-0.128866,0.339162,0.000845,0.000729,0.026747,8.5259230471,124.7550295515,93.13313
PTGO,2016.731,57655,1915,-0.131446,0.340252,0.000846,0.000749,0.029668,8.525923057,124.75502952810001,93.13016
PTGO,2017.2375,57840,1942,-0.13372,0.333403,0.000956,0.000792,0.016978,8.525922995,124.7550295074,93.12992
PTGO,2017.2402,57841,1942,-0.134874,0.332743,0.000833,0.000717,-0.012842,8.5259229891,124.7550294969,93.13212
PTGO,2017.243,57842,1942,-0.135334,0.331959,0.00082,0.000714,0.029774,8.525922982,124.75502949279999,93.13843
PTGO,2017.2457,57843,1942,-0.136427,0.333417,0.000794,0.000698,0.025829,8.5259229952,124.75502948280001,93.13837
PTGO,2017.2485,57844,1942,-0.135823,0.334299,0.000798,0.000696,0.044092,8.5259230031,124.75502948830001,93.12959
PTGO,2017.2512,57845,1943,-0.136138,0.334225,0.000785,0.00071,0.018962,8.5259230025,124.7550294854,93.1469
PTGO,2017.2539,57846,1943,-0.13749,0.332878,0.000814,0.000706,0.012036,8.5259229903,124.75502947320001,93.13593
PTGO,2017.2567,57847,1943,-0.1365,0.333993,0.000841,0.000737,0.039367,8.5259230004,124.7550294822,93.14201
PTGO,2017.2594,57848,1943,-0.134436,0.335639,0.000829,0.000728,0.012196,8.5259230153,124.75502950090001,93.12406
PTGO,2017.2621,57849,1943,-0.134352,0.333859,0.000824,0.000724,0.015826,8.5259229992,124.7550295017,93.14252
PTGO,2017.2649,57850,1943,-0.133819,0.330431,0.000798,0.000711,0.001276,8.5259229682,124.7550295065,93.13208
PTGO,2017.2676,57851,1943,-0.132096,0.332468,0.000816,0.000721,0.044956,8.5259229866,124.7550295222,93.13418
PTGO,2017.2704,57852,1944,-0.136376,0.33303,0.000787,0.000704,0.021572,8.5259229917,124.7550294833,93.13928
PTGO,2017.2731,57853,1944,-0.134083,0.331704,0.0008,0.00069,0.010236,8.5259229797,124.75502950410001,93.12945
PTGO,2017.2758,57854,1944,-0.133899,0.331618,0.000796,0.000701,0.031833,8.5259229789,124.7550295058,93.1323
PTGO,2017.2786,57855,1944,-0.136078,0.329092,0.000841,0.000743,0.040059,8.5259229561,124.75502948600001,93.14153
PTGO,2017.2813,57856,1944,-0.13369,0.332761,0.000813,0.000707,0.032725,8.5259229892,124.75502950769999,93.14032
PTGO,2017.2841,57857,1944,-0.132898,0.335561,0.000825,0.000718,0.019654,8.5259230146,124.7550295149,93.13788
PTGO,2017.2868,57858,1944,-0.135132,0.334623,0.000836,0.000715,0.015054,8.5259230061,124.7550294946,93.1371
PTGO,2017.2895,57859,1945,-0.13836,0.329575,0.000826,0.000713,0.041685,8.5259229604,124.7550294653,93.13704
PTGO,2017.2923,57860,1945,-0.136549,0.332568,0.000807,0.0007,0.001608,8.5259229875,124.7550294817,93.14188
PTGO,2017.295,57861,1945,-0.13701,0.33256,0.000811,0.00072,0.027812,8.5259229874,124.75502947749999,93.14474
PTGO,2017.2977,57862,1945,-0.135166,0.332507,0.000808,0.000714,0.031444,8.5259229869,124.7550294943,93.1459
PTGO,2017.3005,57863,1945,-0.139096,0.331599,0.000804,0.000701,0.021177,8.5259229787,124.7550294586,93.14248
PTGO,2017.3032,57864,1945,-0.135137,0.334488,0.000805,0.000707,0.023524,8.5259230049,124.75502949450001,93.13912
PTGO,2017.306,57865,1945,-0.138773,0.33295,0.000841,0.000754,0.019679,8.525922991,124.75502946149999,93.1331
PTGO,2017.3087,57866,1946,-0.136037,0.334512,0.000828,0.000722,0.007471,8.5259230051,124.75502948639999,93.1334
PTGO,2017.3114,57867,1946,-0.139171,0.332518,0.000864,0.000754,-0.011862,8.525922987,124.75502945790001,93.14185
PTGO,2017.3142,57868,1946,-0.137298,0.334019,0.000849,0.00076,0.025144,8.5259230006,124.7550294749,93.12897
PTGO,2017.3169,57869,1946,-0.134463,0.33422,0.000811,0.0007,-0.017573,8.5259230024,124.7550295007,93.13083
PTGO,2017.3196,57870,1946,-0.137521,0.333271,0.000837,0.000749,0.074014,8.5259229938,124.75502947289999,93.1351
PTGO,2017.3224,57871,1946,-0.135865,0.333649,0.00083,0.000716,0.061776,8.5259229973,124.7550294879,93.13429
PTGO,2017.3251,57872,1946,-0.137972,0.334414,0.000824,0.000716,0.061184,8.5259230042,124.75502946879999,93.14172
PTGO,2017.3279,57873,1947,-0.137662,0.331644,0.000823,0.000732,0.026459,8.5259229791,124.75502947160001,93.13659
PTGO,2017.3306,57874,1947,-0.13646,0.334425,0.00089,0.000759,0.043725,8.5259230043,124.75502948249999,93.13936
PTGO,2017.3333,57875,1947,-0.137176,0.334841,0.000806,0.000707,0.02619,8.525923008,124.755029476,93.13941
PTGO,2017.3361,57876,1947,-0.140068,0.333744,0.000826,0.000727,0.040049,8.5259229981,124.75502944979999,93.13196
PTGO,2017.3388,57877,1947,-0.135444,0.33227,0.000831,0.00073,0.015083,8.5259229848,124.75502949169999,93.1293
PTGO,2017.3415,57878,1947,-0.137739,0.334069,0.000855,0.000729,0.046312,8.5259230011,124.75502947090001,93.14416
PTGO,2017.3443,57879,1947,-0.135384,0.334519,0.000801,0.000694,0.004093,8.5259230051,124.7550294923,93.14429
PTGO,2017.347,57880,1948,-0.136047,0.332941,0.000818,0.000715,0.057812,8.5259229909,124.7550294863,93.13926
PTGO,2017.3498,57881,1948,-0.135425,0.333238,0.000836,0.000742,0.051978,8.5259229935,124.75502949189999,93.13709
PTGO,2017.3525,57882,1948,-0.136967,0.335128,0.000825,0.000717,0.02648,8.5259230106,124.7550294779,93.1385
PTGO,2017.3552,57883,1948,-0.137957,0.336888,0.000804,0.000696,0.030824,8.5259230266,124.7550294689,93.14276
PTGO,2017.358,57884,1948,-0.137043,0.33512,0.000793,0.00071,0.031128,8.5259230106,124.7550294772,93.13881
PTGO,2017.3607,57885,1948,-0.138464,0.336646,0.0008,0.000703,0.027523,8.5259230244,124.75502946430001,93.14858
PTGO,2017.3634,57886,1948,-0.13904,0.335806,0.000784,0.000686,0.029565,8.5259230168,124.7550294591,93.14333
PTGO,2017.3662,57887,1949,-0.137917,0.334388,0.000794,0.000702,0.036755,8.525923004,124.75502946930001,93.13717
PTGO,2017.3689,57888,1949,-0.137151,0.335171,0.000791,0.0007,0.023827,8.525923011,124.75502947620001,93.14084
PTGO,2017.3717,57889,1949,-0.137293,0.336627,0.000801,0.000704,0.010595,8.5259230242,124.75502947499999,93.13848
PTGO,2017.3744,57890,1949,-0.139565,0.333977,0.000848,0.000757,0.071196,8.5259230002,124.7550294543,93.13158
PTGO,2017.3771,57891,1949,-0.139541,0.335692,0.000836,0.000725,0.048926,8.5259230157,124.7550294545,93.14054
PTGO,2017.3799,57892,1949,-0.141077,0.334966,0.000876,0.00077,0.098227,8.5259230092,124.7550294406,93.14101
PTGO,2017.3826,57893,1949,-0.137797,0.336624,0.00082,0.00073,0.025619,8.5259230242,124.75502947039999,93.14024
PTGO,2017.3854,57894,1950,-0.136066,0.337329,0.00079,0.00072,0.009382,8.5259230305,124.7550294861,93.13748
PTGO,2017.3881,57895,1950,-0.138315,0.334116,0.000804,0.0007,0.016193,8.5259230015,124.7550294657,93.13837
PTGO,2017.3908,57896,1950,-0.140494,0.334208,0.000824,0.000704,0.045202,8.5259230023,124.75502944589999,93.13553
PTGO,2017.3936,57897,1950,-0.136593,0.334085,0.000823,0.000715,-0.001445,8.5259230012,124.7550294813,93.13226
PTGO,2017.3963,57898,1950,-0.138781,0.332923,0.000816,0.000711,0.019285,8.5259229907,124.7550294614,93.14233
PTGO,2017.399,57899,1950,-0.136813,0.336489,0.000843,0.000718,0.049594,8.5259230229,124.75502947929999,93.13932
PTGO,2017.4018,57900,1950,-0.137393,0.336922,0.000815,0.000715,-0.030311,8.5259230269,124.755029474,93.13278
PTGO,2017.4045,57901,1951,-0.13733,0.335963,0.000826,0.000735,0.049102,8.5259230182,124.75502947460001,93.13128
PTGO,2017.4073,57902,1951,-0.139081,0.336499,0.000822,0.000727,-0.003501,8.525923023,124.7550294587,93.13468
PTGO,2017.41,57903,1951,-0.137434,0.333209,0.000832,0.00076,0.033429,8.5259229933,124.7550294737,93.13495
PTGO,2017.4127,57904,1951,-0.136313,0.336896,0.000795,0.000701,0.048543,8.5259230266,124.75502948389999,93.13958
PTGO,2017.4155,57905,1951,-0.136978,0.335963,0.0008,0.000707,0.034111,8.5259230182,124.75502947780001,93.13757
PTGO,2017.4182,57906,1951,-0.137883,0.337768,0.000851,0.000735,0.004735,8.5259230345,124.7550294696,93.13197
PTGO,2017.4209,57907,1951,-0.139181,0.337721,0.000894,0.000743,0.018641,8.5259230341,124.75502945779999,93.15038
PTGO,2017.4237,57908,1952,-0.138094,0.335874,0.000811,0.000713,0.025777,8.5259230174,124.75502946770001,93.12871
PTGO,2017.4264,57909,1952,-0.138232,0.336441,0.000844,0.000725,0.029413,8.5259230225,124.7550294664,93.13994
PTGO,2017.4292,57910,1952,-0.137995,0.336543,0.000808,0.000692,0.031604,8.5259230234,124.75502946859999,93.1422
PTGO,2017.4319,57911,1952,-0.138133,0.33694,0.000757,0.000674,0.025695,8.525923027,124.7550294673,93.13679
PTGO,2017.4346,57912,1952,-0.138633,0.33768,0.000799,0.00069,0.016867,8.5259230337,124.7550294628,93.13695
PTGO,2017.4374,57913,1952,-0.139382,0.335593,0.000809,0.000707,0.031966,8.5259230148,124.75502945599999,93.13348
PTGO,2017.4401,57914,1952,-0.137497,0.336758,0.000786,0.000698,0.033321,8.5259230254,124.7550294731,93.13933
PTGO,2017.7112,58013,1967,-0.143874,0.335492,0.000811,0.000727,0.053513,8.5259230139,124.7550294152,93.11985
PTGO,2017.7139,58014,1967,-0.14319,0.337872,0.000818,0.000707,-0.001518,8.5259230355,124.7550294214,93.12866
PTGO,2017.7166,58015,1967,-0.143449,0.337091,0.000788,0.000688,-0.00118,8.5259230284,124.75502941900001,93.13108
PTGO,2017.7194,58016,1967,-0.142684,0.335909,0.000826,0.000724,-0.019819,8.5259230177,124.755029426,93.12791
PTGO,2017.7221,58017,1967,-0.141917,0.338148,0.000798,0.000699,-0.002395,8.5259230379,124.75502943289999,93.1301
PTGO,2017.7248,58018,1967,-0.143775,0.337405,0.000835,0.000713,0.022285,8.5259230312,124.7550294161,93.12826
PTGO,2017.7276,58019,1967,-0.141616,0.337509,0.000811,0.000727,4.8e-05,8.5259230322,124.75502943570001,93.1274
PTGO,2018.7077,58377,2019,-0.152956,0.336983,0.000823,0.00071,-0.002922,8.5259230274,124.75502933269999,93.12737
PTGO,2018.7132,58379,2019,-0.154163,0.340559,0.000862,0.000749,-0.011174,8.5259230597,124.7550293217,93.12909
PTGO,2018.7159,58380,2019,-0.155312,0.340115,0.000815,0.000714,0.003499,8.5259230557,124.7550293113,93.12848
PTGO,2018.7187,58381,2019,-0.154982,0.339218,0.000807,0.000705,-0.032204,8.5259230476,124.7550293143,93.12829
PTGO,2018.7214,58382,2019,-0.155243,0.338114,0.00082,0.000727,-0.005851,8.5259230376,124.75502931189999,93.13038
PTGO,2018.7242,58383,2019,-0.157128,0.337567,0.000853,0.000727,0.033187,8.5259230327,124.75502929480001,93.13387
PTGO,2019.7043,58741,2071,-0.1634,0.340532,0.000828,0.000706,0.020486,8.5259230595,124.75502923779999,93.13275
PTGO,2019.707,58742,2071,-0.161463,0.340022,0.000803,0.000692,0.026203,8.5259230549,124.75502925539999,93.13208
PTGO,2019.7098,58743,2071,-0.161048,0.340716,0.000811,0.000705,-0.004088,8.5259230612,124.7550292592,93.13512
PTGO,2019.7125,58744,2071,-0.162219,0.339401,0.000805,0.000708,0.020688,8.5259230493,124.7550292485,93.13033
PTGO,2019.7153,58745,2071,-0.16493,0.339637,0.000827,0.00071,0.016128,8.5259230514,124.75502922390001,93.1357
PTGO,2019.718,58746,2071,-0.16375,0.339563,0.000841,0.000719,-0.016969,8.5259230507,124.75502923459999,93.1324
PTGO,2019.7207,58747,2071,-0.163259,0.341317,0.000864,0.000742,-0.009432,8.5259230666,124.7550292391,93.13518
PTGO,2021.7057,59472,2175,-0.185188,0.349397,0.00088,0.000762,-0.005063,8.5259231397,124.7550290399,93.12754
PTGO,2021.7084,59473,2175,-0.184363,0.349725,0.000874,0.00082,0.004869,8.5259231426,124.7550290474,93.11749
PTGO,2021.7112,59474,2175,-0.185373,0.3499,0.000887,0.000764,0.016379,8.5259231442,124.75502903820001,93.13127
PTGO,2021.7139,59475,2175,-0.183447,0.347843,0.000818,0.000743,-0.032942,8.5259231256,124.75502905569999,93.13114
PTGO,2022.694,59833,2227,-0.19416,0.345781,0.000885,0.000766,0.000692,8.525923107,124.7550289584,93.12321
PTGO,2022.6968,59834,2227,-0.192607,0.348265,0.000872,0.000768,-0.018452,8.5259231294,124.75502897250001,93.12668
PTGO,2022.6995,59835,2227,-0.19432,0.349926,0.001005,0.000847,-0.072592,8.5259231444,124.75502895700001,93.127
PTGO,2022.7077,59838,2227,-0.192967,0.349991,0.000909,0.00077,-0.06603,8.525923145,124.75502896930001,93.1239
PTGO,2022.7105,59839,2227,-0.191514,0.3499,0.000895,0.000784,0.001165,8.5259231442,124.7550289825,93.12009
PZAM,2015.0007,57023,1825,-0.307698,0.836714,0.001051,0.000882,-0.135753,6.9286498827,122.06504171169999,84.22153
PZAM,2015.0034,57024,1825,-0.30844,0.834867,0.001292,0.001074,-0.031402,6.928649866,122.06504170490001,84.2214
PZAM,2015.0144,57028,1826,-0.307858,0.834161,0.001091,0.000891,-0.116382,6.9286498596,122.0650417102,84.22714
PZAM,2015.0171,57029,1826,-0.306626,0.835455,0.00103,0.000855,-0.101123,6.9286498713,122.06504172140001,84.23026
PZAM,2015.0198,57030,1826,-0.305397,0.834064,0.001031,0.000849,-0.070084,6.9286498587,122.06504173249999,84.22387
PZAM,2015.0226,57031,1826,-0.306966,0.833684,0.001091,0.000925,-0.089756,6.9286498553,122.0650417183,84.2217
PZAM,2015.0253,57032,1826,-0.306231,0.83456,0.000975,0.00082,-0.146395,6.9286498632,122.0650417249,84.23106
PZAM,2015.0281,57033,1827,-0.306577,0.833498,0.001095,0.000946,-0.067945,6.9286498536,122.06504172179999,84.23228
PZAM,2015.039,57037,1827,-0.308414,0.833525,0.001137,0.000913,-0.164545,6.9286498539,122.0650417052,84.22529
PZAM,2015.0418,57038,1827,-0.307913,0.835168,0.001051,0.000844,-0.182163,6.9286498687,122.06504170970001,84.22219
PZAM,2015.0445,57039,1827,-0.307886,0.833693,0.001011,0.000844,-0.09664,6.9286498554,122.06504171,84.21879
PZAM,2015.0472,57040,1828,-0.30743,0.835433,0.000976,0.000829,-0.087509,6.9286498711,122.0650417141,84.22401
PZAM,2015.05,57041,1828,-0.307492,0.833102,0.000986,0.000848,-0.119529,6.92864985,122.0650417135,84.22522
PZAM,2015.0527,57042,1828,-0.306072,0.834605,0.001144,0.000954,-0.035572,6.9286498636,122.06504172640001,84.21846
PZAM,2015.0609,57045,1828,-0.307875,0.833247,0.001336,0.00109,-0.223642,6.9286498514,122.06504171009999,84.22936
PZAM,2015.0637,57046,1828,-0.304724,0.834519,0.001086,0.000875,-0.113517,6.9286498629,122.0650417386,84.22928
PZAM,2015.0664,57047,1829,-0.30508,0.831791,0.001035,0.000844,-0.1058,6.9286498382,122.0650417354,84.22251
PZAM,2015.0691,57048,1829,-0.307341,0.83344,0.000982,0.000848,-0.087752,6.9286498531,122.06504171489999,84.2346
PZAM,2015.0719,57049,1829,-0.306549,0.833145,0.000997,0.000829,-0.103191,6.9286498504,122.0650417221,84.22922
PZAM,2015.0746,57050,1829,-0.306596,0.831362,0.001161,0.000916,-0.179784,6.9286498343,122.06504172160001,84.22322
PZAM,2015.0828,57053,1829,-0.307842,0.834041,0.0012,0.000968,-0.089719,6.9286498585,122.06504171040001,84.23933
PZAM,2015.0856,57054,1830,-0.305593,0.832366,0.001027,0.000885,-0.047495,6.9286498434,122.06504173069999,84.22445
PZAM,2015.0883,57055,1830,-0.309445,0.830625,0.001643,0.001401,-0.205246,6.9286498276,122.06504169589999,84.22471
PZAM,2015.1047,57061,1831,-0.306249,0.832493,0.001533,0.001179,-0.110262,6.9286498445,122.06504172480001,84.21985
PZAM,2015.1075,57062,1831,-0.30717,0.830835,0.001079,0.000866,-0.122012,6.9286498295,122.0650417164,84.22326
PZAM,2015.1102,57063,1831,-0.304437,0.831593,0.001267,0.000994,-0.100952,6.9286498364,122.06504174119999,84.22513
PZAM,2015.1129,57064,1831,-0.306686,0.832124,0.001153,0.000925,-0.093634,6.9286498412,122.0650417208,84.22992
PZAM,2015.1157,57065,1831,-0.303994,0.828651,0.001537,0.001225,-0.089164,6.9286498098,122.0650417452,84.23713
PZAM,2015.1266,57069,1832,-0.3072,0.832222,0.001282,0.00108,-0.122586,6.9286498421,122.0650417162,84.23957
PZAM,2015.1294,57070,1832,-0.302871,0.833533,0.001063,0.000854,-0.120968,6.9286498539,122.0650417553,84.22521
PZAM,2015.1321,57071,1832,-0.306514,0.834547,0.001094,0.000927,-0.117139,6.9286498631,122.0650417224,84.22715
PZAM,2015.1348,57072,1832,-0.306663,0.83189,0.001226,0.001033,-0.086674,6.9286498391,122.065041721,84.22656
PZAM,2015.1376,57073,1832,-0.306402,0.831522,0.001137,0.000943,-0.11386,6.9286498358,122.06504172339999,84.22588
PZAM,2015.1485,57077,1833,-0.302332,0.832825,0.002104,0.001587,-0.087803,6.9286498475,122.06504176019999,84.21406
PZAM,2015.154,57079,1833,-0.302943,0.827491,0.004,0.00311,-0.054781,6.9286497993,122.06504175469999,84.21927
PZAM,2015.165,57083,1834,-0.302914,0.830636,0.001876,0.001536,-0.049893,6.9286498277,122.06504175500001,84.24012
PZAM,2015.1677,57084,1834,-0.302833,0.833897,0.001576,0.00131,-0.057632,6.9286498572,122.06504175570001,84.23155
PZAM,2015.1704,57085,1834,-0.304435,0.831587,0.001564,0.00133,-0.075664,6.9286498363,122.06504174119999,84.21843
PZAM,2015.1841,57090,1835,-0.303843,0.833845,0.002043,0.001751,-0.145975,6.9286498568,122.06504174649999,84.21677
PZAM,2015.1869,57091,1835,-0.304718,0.831749,0.001536,0.001207,-0.068585,6.9286498378,122.0650417386,84.2315
PZAM,2015.1896,57092,1835,-0.303893,0.830281,0.001357,0.001175,-0.13908,6.9286498245,122.06504174610001,84.22576
PZAM,2015.1923,57093,1835,-0.304554,0.831506,0.002512,0.001847,-0.137167,6.9286498356,122.06504174010001,84.21602
PZAM,2015.1951,57094,1835,-0.30848,0.833009,0.004302,0.003454,-0.025558,6.9286498492,122.06504170459999,84.23207
PZAM,2015.2033,57097,1836,-0.306209,0.835027,0.001825,0.001983,-0.081444,6.9286498675,122.0650417251,84.22008
PZAM,2015.206,57098,1836,-0.306339,0.833289,0.001804,0.001517,0.017676,6.9286498517,122.065041724,84.21782
PZAM,2015.2088,57099,1836,-0.304966,0.834221,0.00162,0.001332,-0.100798,6.9286498602,122.06504173639999,84.2313
PZAM,2015.2115,57100,1836,-0.304668,0.82978,0.001803,0.001437,-0.127863,6.92864982,122.0650417391,84.22868
PZAM,2015.2225,57104,1837,-0.301458,0.832629,0.00221,0.00185,-0.074392,6.9286498458,122.0650417681,84.2242
PZAM,2015.2252,57105,1837,-0.306422,0.831085,0.001574,0.001271,-0.091217,6.9286498318,122.06504172320001,84.23024
PZAM,2015.2279,57106,1837,-0.303028,0.831356,0.001388,0.001122,-0.05748,6.9286498343,122.0650417539,84.22997
PZAM,2015.2307,57107,1837,-0.303396,0.825034,0.00281,0.002226,-0.1308,6.9286497771,122.06504175059999,84.23166
PZAM,2015.2334,57108,1837,-0.303341,0.830116,0.001341,0.001095,-0.090319,6.928649823,122.06504175110001,84.22468
PZAM,2015.2361,57109,1837,-0.305295,0.831746,0.001127,0.000896,-0.149721,6.9286498378,122.0650417334,84.22952
PZAM,2015.2389,57110,1838,-0.304246,0.829841,0.001148,0.000901,-0.122,6.9286498206,122.06504174290001,84.2253
PZAM,2015.2416,57111,1838,-0.305664,0.832605,0.001147,0.00094,-0.104274,6.9286498456,122.0650417301,84.23038
PZAM,2015.2444,57112,1838,-0.298671,0.832478,0.001293,0.001036,-0.120267,6.9286498444,122.0650417933,84.22716
PZAM,2015.2471,57113,1838,-0.303878,0.827529,0.001349,0.001089,-0.045243,6.9286497996,122.0650417462,84.24211
PZAM,2015.2498,57114,1838,-0.303029,0.831924,0.001323,0.001078,-0.016125,6.9286498394,122.0650417539,84.23296
PZAM,2015.2526,57115,1838,-0.30432,0.833198,0.00128,0.00098,-0.063791,6.9286498509,122.06504174220001,84.22714
PZAM,2015.2553,57116,1838,-0.304721,0.834398,0.001232,0.00102,-0.132612,6.9286498618,122.0650417386,84.22302
PZAM,2015.258,57117,1839,-0.301384,0.830686,0.001204,0.000993,-0.107469,6.9286498282,122.0650417688,84.22736
PZAM,2015.2608,57118,1839,-0.302226,0.83451,0.001209,0.000987,-0.077707,6.9286498628,122.0650417612,84.22779
PZAM,2015.2635,57119,1839,-0.303089,0.833476,0.00127,0.000966,-0.121915,6.9286498534,122.06504175340001,84.24913
PZAM,2015.2663,57120,1839,-0.302505,0.833058,0.001459,0.001154,-0.074932,6.9286498496,122.0650417587,84.22481
PZAM,2015.269,57121,1839,-0.304355,0.83184,0.001126,0.000932,-0.129381,6.9286498386,122.06504174189999,84.2266
PZAM,2015.2717,57122,1839,-0.303214,0.829412,0.001156,0.00095,-0.127668,6.9286498167,122.06504175219999,84.23312
PZAM,2015.2745,57123,1839,-0.304183,0.827138,0.001117,0.000942,-0.062389,6.9286497961,122.06504174349999,84.22166
PZAM,2015.2772,57124,1840,-0.305638,0.830287,0.001169,0.000939,-0.105671,6.9286498246,122.06504173030001,84.22595
PZAM,2015.2799,57125,1840,-0.302541,0.830306,0.001068,0.000912,-0.114679,6.9286498248,122.0650417583,84.2302
PZAM,2015.2827,57126,1840,-0.303392,0.832332,0.001258,0.001062,-0.055405,6.9286498431,122.06504175059999,84.22119
PZAM,2015.2854,57127,1840,-0.304697,0.83172,0.001224,0.000979,-0.111049,6.9286498375,122.0650417388,84.22845
PZAM,2015.2882,57128,1840,-0.303992,0.83111,0.00114,0.000936,-0.102827,6.928649832,122.0650417452,84.23472
PZAM,2015.2909,57129,1840,-0.304247,0.829515,0.001088,0.000898,-0.104402,6.9286498176,122.06504174290001,84.23035
PZAM,2015.2936,57130,1840,-0.303938,0.829781,0.001084,0.000925,-0.128843,6.92864982,122.0650417457,84.23102
PZAM,2015.2964,57131,1841,-0.304484,0.830732,0.0011,0.000922,-0.121357,6.9286498286,122.06504174080001,84.22517
PZAM,2015.2991,57132,1841,-0.300568,0.829097,0.001263,0.001071,-0.053994,6.9286498138,122.06504177619999,84.23454
PZAM,2015.3018,57133,1841,-0.301387,0.829393,0.001379,0.001053,-0.16064,6.9286498165,122.0650417688,84.23591
PZAM,2015.3046,57134,1841,-0.302758,0.831308,0.001268,0.001037,-0.187401,6.9286498338,122.0650417564,84.23711
PZAM,2015.3073,57135,1841,-0.303789,0.82854,0.001182,0.00099,-0.137135,6.9286498088,122.06504174700001,84.21885
PZAM,2015.3101,57136,1841,-0.306349,0.830421,0.001112,0.000912,-0.085422,6.9286498258,122.06504172390001,84.22676
PZAM,2015.3128,57137,1841,-0.300924,0.830321,0.001283,0.001042,-0.075272,6.9286498249,122.06504177299999,84.22894
PZAM,2015.3155,57138,1842,-0.303261,0.831408,0.001194,0.000991,-0.081996,6.9286498347,122.06504175180001,84.22565
PZAM,2015.3183,57139,1842,-0.30273,0.830786,0.001174,0.000967,-0.111666,6.9286498291,122.06504175660001,84.22645
PZAM,2015.321,57140,1842,-0.303701,0.829632,0.001171,0.000947,-0.067938,6.9286498187,122.0650417478,84.22137
PZAM,2015.3238,57141,1842,-0.304521,0.829467,0.000977,0.000844,-0.08737,6.9286498172,122.0650417404,84.22654
PZAM,2015.3265,57142,1842,-0.305554,0.830235,0.000984,0.000932,-0.104884,6.9286498241,122.0650417311,84.23603
PZAM,2015.3292,57143,1842,-0.299911,0.829921,0.001071,0.000938,-0.106496,6.9286498213,122.0650417821,84.22685
PZAM,2015.332,57144,1842,-0.304774,0.831759,0.001081,0.00093,-0.142889,6.9286498379,122.0650417381,84.23272
PZAM,2015.3347,57145,1843,-0.305329,0.831249,0.001131,0.000953,-0.101072,6.9286498333,122.0650417331,84.22398
PZAM,2015.3374,57146,1843,-0.30343,0.831191,0.001084,0.000949,-0.080996,6.9286498328,122.0650417503,84.23147
PZAM,2015.3402,57147,1843,-0.302529,0.832544,0.001127,0.000933,-0.088382,6.928649845,122.06504175840001,84.2276
PZAM,2015.3429,57148,1843,-0.305231,0.831313,0.000991,0.000859,-0.105558,6.9286498339,122.065041734,84.22942
PZAM,2015.3457,57149,1843,-0.304994,0.832721,0.001221,0.000991,-0.167299,6.9286498466,122.0650417361,84.2315
PZAM,2015.3484,57150,1843,-0.305963,0.825295,0.001235,0.000989,-0.040713,6.9286497795,122.0650417274,84.22518
PZAM,2015.3511,57151,1843,-0.303442,0.830188,0.001162,0.000944,-0.120331,6.9286498237,122.06504175020001,84.22495
PZAM,2015.3539,57152,1844,-0.301106,0.830017,0.001088,0.000961,-0.099176,6.9286498221,122.0650417713,84.22542
PZAM,2015.3566,57153,1844,-0.303611,0.828815,0.00102,0.00088,-0.140977,6.9286498113,122.0650417487,84.24262
PZAM,2015.3593,57154,1844,-0.30404,0.831187,0.001119,0.000899,-0.142895,6.9286498327,122.0650417448,84.23021
PZAM,2015.3621,57155,1844,-0.303183,0.830403,0.001059,0.00089,-0.06135,6.9286498256,122.06504175250001,84.24458
PZAM,2015.3648,57156,1844,-0.301913,0.830923,0.001051,0.000908,-0.074166,6.9286498303,122.065041764,84.23619
PZAM,2015.3676,57157,1844,-0.300762,0.832599,0.001016,0.000897,-0.096379,6.9286498455,122.06504177439999,84.23064
PZAM,2015.3703,57158,1844,-0.302173,0.830579,0.00102,0.000904,-0.067047,6.9286498272,122.0650417617,84.22999
PZAM,2015.373,57159,1845,-0.30277,0.828745,0.001096,0.000928,-0.053472,6.9286498106,122.06504175629999,84.21801
PZAM,2015.3758,57160,1845,-0.301956,0.830825,0.001213,0.000923,-0.171519,6.9286498295,122.0650417636,84.21127
PZAM,2015.3785,57161,1845,-0.302461,0.831751,0.001033,0.000872,-0.110703,6.9286498378,122.06504175910001,84.23694
PZAM,2015.3812,57162,1845,-0.298885,0.828262,0.001142,0.000947,-0.120684,6.9286498063,122.0650417914,84.22361
PZAM,2015.384,57163,1845,-0.301346,0.83144,0.001027,0.000853,-0.116971,6.928649835,122.06504176909999,84.22983
PZAM,2015.3867,57164,1845,-0.304797,0.833885,0.001032,0.000882,-0.033946,6.9286498571,122.0650417379,84.22475
PZAM,2015.3895,57165,1845,-0.303784,0.83011,0.00102,0.000858,-0.085344,6.928649823,122.0650417471,84.22426
PZAM,2015.3922,57166,1846,-0.302922,0.831826,0.001016,0.000828,-0.134584,6.9286498385,122.0650417549,84.22686
PZAM,2015.3949,57167,1846,-0.304009,0.828986,0.000991,0.000856,-0.103124,6.9286498128,122.065041745,84.231
PZAM,2015.3977,57168,1846,-0.30243,0.826666,0.001061,0.000886,-0.073813,6.9286497919,122.06504175929999,84.22217
PZAM,2015.4004,57169,1846,-0.298803,0.828688,0.001103,0.000905,-0.061317,6.9286498101,122.06504179219999,84.2361
PZAM,2015.4031,57170,1846,-0.302252,0.833281,0.001004,0.000861,-0.097569,6.9286498517,122.065041761,84.22434
PZAM,2015.4059,57171,1846,-0.302073,0.830761,0.001014,0.000858,-0.11299,6.9286498289,122.0650417626,84.22978
PZAM,2015.4086,57172,1846,-0.3049,0.83123,0.001064,0.000879,-0.128671,6.9286498331,122.065041737,84.22495
PZAM,2015.4114,57173,1847,-0.302718,0.830656,0.000995,0.000878,-0.084288,6.9286498279,122.0650417567,84.22788
PZAM,2015.4141,57174,1847,-0.302982,0.831112,0.001012,0.000848,-0.111515,6.928649832,122.06504175430001,84.23076
PZAM,2015.6797,57271,1861,-0.298171,0.829395,0.000993,0.00086,-0.029581,6.9286498165,122.0650417979,84.22863
PZAM,2015.6824,57272,1861,-0.297214,0.83246,0.001028,0.000916,-0.092335,6.9286498442,122.0650418065,84.23554
PZAM,2015.6851,57273,1861,-0.299069,0.829939,0.001026,0.000886,-0.046241,6.9286498214,122.06504178969999,84.22594
PZAM,2015.6879,57274,1861,-0.2999,0.830459,0.001012,0.000897,-0.136165,6.9286498261,122.06504178220001,84.22968
PZAM,2015.6906,57275,1861,-0.298635,0.829169,0.000974,0.000866,-0.091208,6.9286498145,122.0650417937,84.22674
PZAM,2015.6934,57276,1861,-0.299813,0.831209,0.001005,0.000864,-0.111593,6.9286498329,122.065041783,84.22876
PZAM,2015.6961,57277,1861,-0.29875,0.83183,0.000981,0.00084,-0.06581,6.9286498385,122.0650417926,84.21591
PZAM,2016.7146,57649,1915,-0.283091,0.817824,0.001097,0.000914,-0.05395,6.9286497119,122.06504193430001,84.23192
PZAM,2016.7173,57650,1915,-0.28431,0.818097,0.001013,0.000843,0.005441,6.9286497144,122.06504192329999,84.23959
PZAM,2016.7201,57651,1915,-0.280238,0.818198,0.001066,0.000877,-0.024342,6.9286497153,122.0650419602,84.23305
PZAM,2016.7228,57652,1915,-0.283617,0.8165,0.00107,0.000954,8e-06,6.9286496999,122.0650419296,84.22561
PZAM,2016.7255,57653,1915,-0.283153,0.821316,0.001127,0.000937,-0.000273,6.9286497435,122.06504193379999,84.23852
PZAM,2016.7283,57654,1915,-0.279883,0.817983,0.001137,0.000933,-0.004839,6.9286497133,122.0650419634,84.22675
PZAM,2016.731,57655,1915,-0.282003,0.820032,0.001149,0.000968,-0.08012,6.9286497319,122.0650419442,84.22321
PZAM,2016.9555,57737,1927,-0.275378,0.815563,0.00102,0.000882,-0.054146,6.9286496915,122.06504200410001,84.21512
PZAM,2016.9582,57738,1927,-0.278178,0.816039,0.001069,0.000884,-0.024425,6.9286496958,122.0650419788,84.22221
PZAM,2016.961,57739,1927,-0.274599,0.815135,0.001022,0.000893,-0.038898,6.9286496876,122.0650420112,84.21665
PZAM,2016.9637,57740,1928,-0.275716,0.814849,0.000991,0.000932,-0.009274,6.928649685,122.06504200110001,84.22938
PZAM,2017.1472,57807,1937,-0.272436,0.813411,0.001145,0.000953,0.005185,6.928649672,122.06504203079999,84.21837
PZAM,2017.1499,57808,1937,-0.272131,0.81046,0.001101,0.000937,-0.022127,6.9286496453,122.06504203349999,84.2213
PZAM,2017.1526,57809,1937,-0.271521,0.808167,0.001205,0.00098,0.018109,6.9286496246,122.06504203899999,84.22053
PZAM,2017.1554,57810,1938,-0.270979,0.810292,0.00112,0.000943,-0.056019,6.9286496438,122.06504204390001,84.22187
PZAM,2017.1581,57811,1938,-0.271301,0.81,0.001071,0.000923,-0.017849,6.9286496411,122.065042041,84.22312
PZAM,2017.1608,57812,1938,-0.272522,0.808273,0.001165,0.000977,-0.036593,6.9286496255,122.06504203,84.22007
PZAM,2017.1636,57813,1938,-0.271873,0.807601,0.0013,0.001024,0.005741,6.9286496195,122.0650420359,84.22105
PZAM,2017.1663,57814,1938,-0.274271,0.808387,0.001121,0.000965,0.049338,6.9286496266,122.0650420142,84.22733
PZAM,2017.1691,57815,1938,-0.271462,0.807997,0.001094,0.000913,-0.026982,6.928649623,122.0650420396,84.2262
PZAM,2017.1718,57816,1938,-0.27252,0.808594,0.001092,0.000896,-0.020336,6.9286496284,122.06504203,84.21965
PZAM,2017.1745,57817,1939,-0.27532,0.809257,0.001113,0.00093,0.00893,6.9286496344,122.06504200469999,84.22289
PZAM,2017.1773,57818,1939,-0.273451,0.808734,0.001114,0.00094,0.012208,6.9286496297,122.0650420216,84.22518
PZAM,2017.18,57819,1939,-0.275655,0.80954,0.001082,0.000911,-0.036258,6.928649637,122.0650420016,84.23174
PZAM,2017.1828,57820,1939,-0.27396,0.810264,0.00109,0.000927,0.04611,6.9286496435,122.065042017,84.22592
PZAM,2017.1855,57821,1939,-0.269912,0.809824,0.001036,0.000897,0.001726,6.9286496396,122.0650420536,84.22093
PZAM,2017.1882,57822,1939,-0.271736,0.808775,0.001077,0.000926,0.026715,6.9286496301,122.0650420371,84.22184
PZAM,2017.191,57823,1939,-0.271261,0.807781,0.001057,0.000893,-0.014756,6.9286496211,122.0650420414,84.22259
PZAM,2017.1937,57824,1940,-0.272837,0.807581,0.001056,0.000923,-0.047054,6.9286496193,122.06504202709999,84.22509
PZAM,2017.1964,57825,1940,-0.273757,0.807959,0.001143,0.000912,-0.009507,6.9286496227,122.0650420188,84.23037
PZAM,2017.1992,57826,1940,-0.274819,0.809258,0.00104,0.000951,0.025426,6.9286496344,122.0650420092,84.22247
PZAM,2017.2019,57827,1940,-0.274532,0.805818,0.002589,0.002497,0.05016,6.9286496033,122.06504201179999,84.24507
PZAM,2017.2047,57828,1940,-0.271551,0.807653,0.001111,0.000956,-0.016075,6.9286496199,122.06504203879999,84.2343
PZAM,2017.2074,57829,1940,-0.27029,0.808861,0.001168,0.000981,-0.024457,6.9286496309,122.06504205019999,84.23341
PZAM,2017.2101,57830,1940,-0.275073,0.807189,0.001122,0.000974,-0.031993,6.9286496157,122.0650420069,84.22489
PZAM,2017.2129,57831,1941,-0.271691,0.808572,0.001047,0.000919,-0.01454,6.9286496282,122.0650420375,84.21997
PZAM,2017.2156,57832,1941,-0.273014,0.807993,0.001107,0.000965,0.026809,6.928649623,122.06504202549999,84.23395
PZAM,2017.2183,57833,1941,-0.275426,0.806331,0.00119,0.000994,-0.020079,6.928649608,122.0650420037,84.22696
PZAM,2017.2211,57834,1941,-0.273477,0.807563,0.001152,0.000964,-0.047191,6.9286496191,122.0650420213,84.2288
PZAM,2017.2238,57835,1941,-0.271862,0.806543,0.001121,0.000968,-0.041636,6.9286496099,122.065042036,84.2373
PZAM,2017.2266,57836,1941,-0.272855,0.807328,0.001098,0.000942,0.007396,6.928649617,122.065042027,84.22382
PZAM,2017.2293,57837,1941,-0.276319,0.805734,0.001233,0.001021,-0.013031,6.9286496026,122.06504199560001,84.22899
PZAM,2017.232,57838,1942,-0.274351,0.803987,0.001218,0.00101,-0.025297,6.9286495868,122.06504201339999,84.23896
PZAM,2017.2348,57839,1942,-0.273502,0.806559,0.00117,0.000942,-0.019261,6.92864961,122.0650420211,84.23373
PZAM,2017.2375,57840,1942,-0.274173,0.809874,0.001135,0.000962,0.034881,6.92864964,122.06504201499999,84.22
PZAM,2017.2402,57841,1942,-0.274867,0.81081,0.001204,0.00097,-0.02942,6.9286496485,122.06504200879999,84.22798
PZAM,2017.243,57842,1942,-0.273407,0.808241,0.001076,0.000944,-0.008519,6.9286496252,122.065042022,84.22171
PZAM,2017.2457,57843,1942,-0.274807,0.807145,0.001104,0.000928,-0.043766,6.9286496153,122.06504200929999,84.21936
PZAM,2017.2485,57844,1942,-0.275701,0.807192,0.001074,0.000948,0.042454,6.9286496158,122.0650420012,84.22331
PZAM,2017.2512,57845,1943,-0.274227,0.806807,0.001179,0.000988,0.006222,6.9286496123,122.06504201460001,84.22639
PZAM,2017.2539,57846,1943,-0.274792,0.807756,0.001139,0.000923,-0.030145,6.9286496209,122.0650420094,84.22451
PZAM,2017.2567,57847,1943,-0.274757,0.810033,0.001066,0.000929,0.000276,6.9286496414,122.06504200980001,84.21899
PZAM,2017.2594,57848,1943,-0.273501,0.807725,0.001087,0.000939,-0.036508,6.9286496206,122.0650420211,84.23016
PZAM,2017.2621,57849,1943,-0.273101,0.806069,0.001128,0.000914,0.003833,6.9286496056,122.0650420247,84.2201
PZAM,2017.2649,57850,1943,-0.272113,0.807373,0.00108,0.000952,-0.021419,6.9286496174,122.0650420337,84.234
PZAM,2017.2676,57851,1943,-0.27368,0.80503,0.001154,0.000943,-0.045173,6.9286495962,122.0650420195,84.22399
PZAM,2017.2704,57852,1944,-0.271945,0.807272,0.001033,0.000946,-0.001551,6.9286496165,122.06504203520001,84.233
PZAM,2017.2731,57853,1944,-0.273115,0.807711,0.001108,0.000965,0.014093,6.9286496204,122.06504202459999,84.22481
PZAM,2017.2758,57854,1944,-0.272693,0.80738,0.001082,0.000945,0.035724,6.9286496175,122.0650420284,84.22289
PZAM,2017.2786,57855,1944,-0.273159,0.804216,0.001094,0.000931,-0.00692,6.9286495888,122.06504202420001,84.2305
PZAM,2017.2813,57856,1944,-0.274574,0.804631,0.001097,0.000933,0.072021,6.9286495926,122.06504201140001,84.22642
PZAM,2017.2841,57857,1944,-0.271781,0.808379,0.001093,0.000942,0.028628,6.9286496265,122.06504203669999,84.22195
PZAM,2017.2868,57858,1944,-0.272433,0.807606,0.001096,0.000934,-0.097834,6.9286496195,122.06504203079999,84.22511
PZAM,2017.2895,57859,1945,-0.273641,0.806231,0.001079,0.000923,-0.012414,6.9286496071,122.0650420199,84.23298
PZAM,2017.2923,57860,1945,-0.273917,0.806646,0.001108,0.000944,-0.008585,6.9286496108,122.0650420174,84.23608
PZAM,2017.295,57861,1945,-0.272094,0.805003,0.00108,0.000933,-0.026634,6.928649596,122.0650420339,84.23187
PZAM,2017.2977,57862,1945,-0.274558,0.80441,0.001039,0.000932,-0.037868,6.9286495906,122.06504201160001,84.23083
PZAM,2017.3005,57863,1945,-0.271939,0.805747,0.001113,0.000997,-0.055078,6.9286496027,122.0650420353,84.23126
PZAM,2017.3032,57864,1945,-0.27295,0.806392,0.001146,0.001012,-0.028865,6.9286496085,122.0650420261,84.21791
PZAM,2017.306,57865,1945,-0.275192,0.806058,0.001143,0.001006,-0.059974,6.9286496055,122.0650420058,84.22439
PZAM,2017.3087,57866,1946,-0.275547,0.808565,0.001099,0.00095,-0.003063,6.9286496282,122.0650420026,84.2276
PZAM,2017.3114,57867,1946,-0.271858,0.806083,0.00119,0.001022,-0.031862,6.9286496057,122.065042036,84.23237
PZAM,2017.3142,57868,1946,-0.272494,0.805077,0.001226,0.001002,-0.087965,6.9286495966,122.0650420302,84.25145
PZAM,2017.3169,57869,1946,-0.273245,0.80757,0.001096,0.000936,0.007156,6.9286496192,122.0650420234,84.2232
PZAM,2017.3196,57870,1946,-0.271956,0.806346,0.001142,0.000996,-0.044213,6.9286496081,122.06504203509999,84.20255
PZAM,2017.3224,57871,1946,-0.273768,0.806417,0.001069,0.000951,0.060821,6.9286496087,122.06504201870001,84.21947
PZAM,2017.3251,57872,1946,-0.273402,0.804681,0.00104,0.00092,0.00649,6.928649593,122.065042022,84.24291
PZAM,2017.3279,57873,1947,-0.272284,0.807294,0.001011,0.000935,0.012786,6.9286496167,122.0650420321,84.23504
PZAM,2017.3306,57874,1947,-0.274306,0.80666,0.001118,0.000989,0.024272,6.9286496109,122.0650420138,84.23339
PZAM,2017.3333,57875,1947,-0.271193,0.806503,0.001153,0.000961,-0.015558,6.9286496095,122.06504204199999,84.22651
PZAM,2017.3361,57876,1947,-0.272088,0.809974,0.001117,0.000942,-0.052035,6.9286496409,122.0650420339,84.21962
PZAM,2017.3388,57877,1947,-0.269868,0.805531,0.001129,0.000945,-0.021019,6.9286496007,122.065042054,84.23096
PZAM,2017.3415,57878,1947,-0.274663,0.809418,0.001199,0.001019,-0.028852,6.9286496359,122.0650420106,84.24182
PZAM,2017.3443,57879,1947,-0.271911,0.807692,0.001073,0.000934,0.018394,6.9286496203,122.0650420355,84.22748
PZAM,2017.347,57880,1948,-0.271672,0.808025,0.00104,0.000942,-0.005363,6.9286496233,122.06504203770001,84.22688
PZAM,2017.3498,57881,1948,-0.27104,0.807538,0.001034,0.000944,0.009647,6.9286496189,122.06504204340001,84.21671
PZAM,2017.3525,57882,1948,-0.273227,0.8075600000000001,0.001103,0.000935,-0.016562,6.9286496191,122.0650420236,84.22729
PZAM,2017.3552,57883,1948,-0.272167,0.808585,0.001021,0.000907,0.023125,6.9286496284,122.0650420332,84.23191
PZAM,2017.358,57884,1948,-0.273004,0.806611,0.001074,0.000951,-0.049317,6.9286496105,122.06504202560001,84.22098
PZAM,2017.3607,57885,1948,-0.272365,0.805608,0.001038,0.000927,0.000172,6.9286496014,122.0650420314,84.22224
PZAM,2017.3634,57886,1948,-0.272826,0.808499,0.001017,0.000902,-0.052815,6.9286496276,122.06504202720001,84.23131
PZAM,2017.3662,57887,1949,-0.271021,0.807392,0.001076,0.000952,-0.016504,6.9286496176,122.06504204359999,84.23322
PZAM,2017.3689,57888,1949,-0.271745,0.807706,0.001104,0.000938,-0.013227,6.9286496204,122.06504203700001,84.22966
PZAM,2017.3717,57889,1949,-0.27215,0.806849,0.001096,0.000952,0.030278,6.9286496127,122.06504203329999,84.22985
PZAM,2017.3744,57890,1949,-0.270711,0.809079,0.001084,0.000964,-0.027768,6.9286496328,122.06504204640001,84.2311
PZAM,2017.3771,57891,1949,-0.273261,0.809119,0.001106,0.00098,0.022143,6.9286496332,122.06504202330001,84.22304
PZAM,2017.3799,57892,1949,-0.273714,0.808771,0.001182,0.001054,0.024174,6.92864963,122.0650420192,84.22278
PZAM,2017.3826,57893,1949,-0.271607,0.811061,0.001096,0.000948,-0.015694,6.9286496507,122.06504203829999,84.2312
PZAM,2017.3854,57894,1950,-0.272005,0.807774,0.00114,0.000976,-0.042766,6.928649621,122.06504203470001,84.23034
PZAM,2017.3881,57895,1950,-0.271586,0.809369,0.001028,0.000942,0.0211,6.9286496354,122.06504203840001,84.2237
PZAM,2017.3908,57896,1950,-0.270578,0.80627,0.001153,0.000988,0.031535,6.9286496074,122.0650420476,84.22217
PZAM,2017.3936,57897,1950,-0.271601,0.80665,0.001087,0.000966,-0.018249,6.9286496109,122.06504203829999,84.22262
PZAM,2017.3963,57898,1950,-0.270928,0.807138,0.001076,0.000911,-0.034021,6.9286496153,122.0650420444,84.22777
PZAM,2017.399,57899,1950,-0.270902,0.810229,0.001049,0.000921,0.021911,6.9286496432,122.0650420446,84.22688
PZAM,2017.4018,57900,1950,-0.27161,0.80871,0.001132,0.000962,0.008045,6.9286496295,122.0650420382,84.23326
PZAM,2017.4045,57901,1951,-0.270541,0.808614,0.001077,0.000961,-0.065423,6.9286496286,122.0650420479,84.22397
PZAM,2017.4073,57902,1951,-0.27068,0.80826,0.001065,0.00094,-0.017367,6.9286496254,122.0650420467,84.22448
PZAM,2017.41,57903,1951,-0.270003,0.808982,0.001095,0.000957,-0.00855,6.9286496319,122.06504205280001,84.22763
PZAM,2017.4127,57904,1951,-0.270456,0.809715,0.001049,0.000938,0.005742,6.9286496386,122.06504204870001,84.22288
PZAM,2017.4155,57905,1951,-0.271062,0.807663,0.00111,0.000948,-0.064276,6.92864962,122.06504204320001,84.22508
PZAM,2017.4182,57906,1951,-0.269479,0.809196,0.001048,0.000973,-0.001448,6.9286496339,122.0650420575,84.22008
PZAM,2017.4209,57907,1951,-0.272861,0.808263,0.001138,0.000973,0.017411,6.9286496254,122.06504202689999,84.22339
PZAM,2017.4237,57908,1952,-0.270511,0.807519,0.00107,0.000942,-0.006244,6.9286496187,122.06504204820001,84.22185
PZAM,2017.4264,57909,1952,-0.271649,0.811113,0.001207,0.001078,-0.004682,6.9286496512,122.06504203790001,84.20886
PZAM,2017.4292,57910,1952,-0.26943,0.808145,0.001117,0.000935,-0.023064,6.9286496244,122.06504205799999,84.22061
PZAM,2017.4319,57911,1952,-0.27262,0.807937,0.001048,0.00092,0.017281,6.9286496225,122.0650420291,84.22741
PZAM,2017.4346,57912,1952,-0.271615,0.809813,0.001133,0.000989,0.006599,6.9286496395,122.0650420382,84.22377
PZAM,2017.4374,57913,1952,-0.271753,0.808334,0.001054,0.000934,0.05375,6.9286496261,122.0650420369,84.22829
PZAM,2017.4401,57914,1952,-0.272328,0.808885,0.001062,0.000939,-0.05405,6.9286496311,122.06504203169999,84.22586
PZAM,2018.7077,58377,2019,-0.249674,0.794129,0.001171,0.001008,0.005569,6.9286494976,122.06504223670001,84.23107
PZAM,2018.7132,58379,2019,-0.253699,0.795602,0.001179,0.000997,-0.017901,6.928649511,122.06504220030001,84.23219
PZAM,2018.7159,58380,2019,-0.252049,0.794946,0.001189,0.001008,-0.032262,6.928649505,122.06504221520001,84.2337
PZAM,2018.7187,58381,2019,-0.251304,0.794024,0.001187,0.000989,-0.04657,6.9286494967,122.06504222199999,84.22699
PZAM,2018.7214,58382,2019,-0.250321,0.793221,0.001201,0.001031,-0.033777,6.9286494894,122.06504223089999,84.21876
PZAM,2018.7242,58383,2019,-0.252049,0.79336,0.00122,0.001031,-0.03674,6.9286494907,122.06504221520001,84.23022
PZAM,2019.707,58742,2071,-0.233672,0.785929,0.001208,0.001036,-0.004789,6.9286494235,122.0650423815,84.22578
PZAM,2019.7098,58743,2071,-0.234763,0.785748,0.001174,0.000998,-0.02668,6.9286494219,122.0650423717,84.23107
PZAM,2019.7125,58744,2071,-0.234022,0.784427,0.001268,0.001045,-0.0596,6.9286494099,122.0650423784,84.22495
PZAM,2019.7153,58745,2071,-0.23452,0.785557,0.00118,0.001004,0.032349,6.9286494201,122.06504237390001,84.22304
PZAM,2019.718,58746,2071,-0.23352,0.78352,0.001281,0.001048,-0.032172,6.9286494017,122.0650423829,84.22007
PZAM,2019.7207,58747,2071,-0.234288,0.784102,0.001224,0.001055,-0.019024,6.928649407,122.06504237600001,84.22062
PZAM,2020.7009,59105,2123,-0.215889,0.769541,0.001421,0.0012980000000000001,-0.096622,6.9286492753,122.06504254250001,84.23395
PZAM,2020.7036,59106,2123,-0.216175,0.771748,0.001322,0.001222,-0.144071,6.9286492953,122.06504253989999,84.23692
PZAM,2020.7064,59107,2123,-0.216385,0.773894,0.001468,0.001263,-0.086747,6.9286493147,122.065042538,84.23283
PZAM,2020.7091,59108,2123,-0.214919,0.774753,0.001414,0.001304,-0.12067,6.9286493224,122.06504255120001,84.22684
PZAM,2020.7118,59109,2123,-0.217509,0.772573,0.001332,0.001185,-0.081811,6.9286493027,122.06504252779999,84.23249
PZAM,2020.7146,59110,2123,-0.218081,0.77353,0.001453,0.001364,-0.10996,6.9286493114,122.06504252260001,84.24203
PZAM,2020.7173,59111,2123,-0.219078,0.772599,0.001398,0.001316,-0.085963,6.928649303,122.06504251359999,84.23917
PZAM,2021.6975,59469,2175,-0.200331,0.76299,0.001386,0.001293,-0.122405,6.9286492161,122.06504268329999,84.23737
PZAM,2021.7002,59470,2175,-0.200414,0.760803,0.00129,0.001204,-0.084212,6.9286491963,122.0650426825,84.22928
PZAM,2021.7029,59471,2175,-0.200539,0.759129,0.001267,0.001203,-0.091295,6.9286491812,122.0650426814,84.23851
PZAM,2021.7057,59472,2175,-0.201074,0.760118,0.001349,0.001231,-0.102768,6.9286491901,122.06504267650001,84.23563
PZAM,2021.7084,59473,2175,-0.200251,0.760557,0.001462,0.001317,-0.12053,6.9286491941,122.06504268399999,84.23734
PZAM,2021.7112,59474,2175,-0.201606,0.761122,0.001323,0.001318,-0.069871,6.9286491992,122.06504267170001,84.23824
PZAM,2021.7139,59475,2175,-0.200796,0.758036,0.001289,0.00119,-0.110344,6.9286491713,122.0650426791,84.23902
PZAM,2022.694,59833,2227,-0.182493,0.746384,0.00142,0.001347,-0.111569,6.9286490659,122.0650428447,84.22477
PZAM,2022.6968,59834,2227,-0.182362,0.74613,0.001387,0.001333,-0.18422,6.9286490636,122.0650428459,84.22608
PZAM,2022.6995,59835,2227,-0.179941,0.746314,0.00152,0.001514,-0.204747,6.9286490653,122.0650428678,84.22488
PZAM,2022.7023,59836,2227,-0.181298,0.745363,0.001625,0.0015,-0.231474,6.9286490567,122.0650428555,84.22492
PZAM,2022.705,59837,2227,-0.183395,0.750295,0.001619,0.001616,-0.149262,6.9286491013,122.0650428365,84.24933
PZAM,2022.7077,59838,2227,-0.180816,0.749391,0.001473,0.001423,-0.173843,6.9286490931,122.06504285989999,84.24028
PZAM,2022.7105,59839,2227,-0.179659,0.748223,0.001593,0.001367,-0.163997,6.9286490825,122.0650428703,84.22844
